/*
 Navicat Premium Data Transfer

 Source Server         : 49.234.6.57
 Source Server Type    : MySQL
 Source Server Version : 80031
 Source Host           : 49.234.6.57:3306
 Source Schema         : fan_code

 Target Server Type    : MySQL
 Target Server Version : 80031
 File Encoding         : 65001

 Date: 20/01/2025 01:29:03
*/

SET NAMES utf8mb4;
SET FOREIGN_KEY_CHECKS = 0;

-- ----------------------------
-- Table structure for problem_attempts
-- ----------------------------
DROP TABLE IF EXISTS `problem_attempts`;
CREATE TABLE `problem_attempts`  (
  `id` bigint UNSIGNED NOT NULL AUTO_INCREMENT,
  `created_at` datetime(3) NULL DEFAULT NULL,
  `updated_at` datetime(3) NULL DEFAULT NULL,
  `deleted_at` datetime(3) NULL DEFAULT NULL,
  `problem_id` bigint UNSIGNED NULL DEFAULT NULL,
  `user_id` bigint UNSIGNED NULL DEFAULT NULL,
  `submission_count` bigint NULL DEFAULT NULL,
  `success_count` bigint NULL DEFAULT NULL,
  `err_count` bigint NULL DEFAULT NULL,
  `code` longtext CHARACTER SET utf8mb4 COLLATE utf8mb4_0900_ai_ci NULL,
  `language` longtext CHARACTER SET utf8mb4 COLLATE utf8mb4_0900_ai_ci NULL,
  `code_type` longtext CHARACTER SET utf8mb4 COLLATE utf8mb4_0900_ai_ci NULL,
  `status` bigint NULL DEFAULT NULL,
  `state` bigint NULL DEFAULT NULL,
  PRIMARY KEY (`id`) USING BTREE,
  INDEX `idx_problem_attempts_deleted_at`(`deleted_at` ASC) USING BTREE
) ENGINE = InnoDB AUTO_INCREMENT = 47 CHARACTER SET = utf8mb4 COLLATE = utf8mb4_0900_ai_ci ROW_FORMAT = Dynamic;

-- ----------------------------
-- Records of problem_attempts
-- ----------------------------
INSERT INTO `problem_attempts` VALUES (1, '2023-10-19 19:33:35.652', '2023-10-19 19:33:35.652', NULL, 91, 1, 1, 0, 1, '\r\n/**\r\n * class ListNode {\r\n *         int val;\r\n *         ListNode next;\r\n *         public ListNode(int val, ListNode next) {\r\n *             this.val = val;\r\n *             this.next = next;\r\n *         }\r\n *         public ListNode(int val) {\r\n *             this.val = val;\r\n *         }\r\n *     }\r\n */\r\nclass Solution {\r\n    public ListNode addTwoNumbers(ListNode l1, ListNode l2) {\r\n        ListNode head = null;\r\n        ListNode tail = null;\r\n        while (l1 != null || l2 != null) {\r\n            ListNode node = null;\r\n            if (l1 != null && l2 == null || (l1 != null && l2 != null && l1.val < l2.val)) {\r\n                node = l1;\r\n                l1 = l1.next;\r\n            } else {\r\n                node = l2;\r\n                l2 = l2.next;\r\n            }\r\n            if (head == null) {\r\n                head = node;\r\n                tail = node;\r\n            } else {\r\n                tail.next = node;\r\n                tail = tail.next;\r\n            }\r\n            return head;\r\n        }\r\n    }\r\n}\r\n', 'java', 'core_code', 1, NULL);
INSERT INTO `problem_attempts` VALUES (2, '2023-11-29 23:34:39.088', '2023-11-29 23:34:39.088', NULL, 2, 1, 11, 5, 6, 'package main\r\n\r\nimport (\r\n	\"fmt\"\r\n)\r\ntype treeNode struct {\r\n    int left;\r\n    int right;\r\n}\r\nfunc main() {\r\n	numbers := make(int, 10)\r\n    for i := 0; i < len(numbers); i++ {\r\n        \r\n    }\r\n}\r\n i\r\n |\r\n [0, 0, 0, 0 ]', 'java', 'core_code', 2, NULL);
INSERT INTO `problem_attempts` VALUES (3, '2024-04-15 22:25:14.076', '2024-04-15 22:25:14.076', NULL, 0, 1, 13, 0, 13, 'package main\r\nimport (\r\n	\"fmt\"\r\n)\r\nfunc main() {\r\n	a := 0\r\n	b := 0\r\n	for {\r\n		n, _ := fmt.Scan(&a, &b)\r\n		if n == 0 {\r\n			break\r\n		} else {\r\n			fmt.Printf(\"%d\r\n\", a+b)\r\n		}\r\n	}\r\n}\r\n', 'c', NULL, 1, NULL);
INSERT INTO `problem_attempts` VALUES (4, '2024-05-18 11:45:46.996', '2024-05-18 11:45:46.996', NULL, 94, 1, 6, 4, 2, 'package main\r\n\r\nimport (\r\n	\"fmt\"\r\n)\r\n\r\nfunc main() {\r\n	a := 0\r\n	b := 0\r\n	for {\r\n		n, _ := fmt.Scan(&a, &b)\r\n		if n == 0 {\r\n			break\r\n		} else {\r\n			fmt.Printf(\"%d\\n\", a+10)\r\n		}\r\n	}\r\n}\r\n', 'go', NULL, 2, NULL);
INSERT INTO `problem_attempts` VALUES (5, '2024-11-17 20:07:36.012', '2024-11-17 20:07:36.012', NULL, 103, 1, 3, 2, 1, 'package main\r\n\r\nimport (\r\n	\"fmt\"\r\n)\r\n\r\nfunc main() {\r\n	var n int\r\n    fmt.Scan(&n)\r\n    arr := make([]int,0)\r\n    for i := 0; i < n + 3; i++ {\r\n        var t int\r\n        fmt.Scan(&t)\r\n        arr = append(arr, t)\r\n    }\r\n    answer := 0\r\n	for _, num := range arr {\r\n		answer += num\r\n	} \r\n	fmt.Println(answer)\r\n}\r\n', 'go', NULL, 2, NULL);
INSERT INTO `problem_attempts` VALUES (6, '2024-11-17 20:16:22.426', '2024-11-17 20:16:22.426', NULL, 100, 1, 4, 3, 1, 'package main\r\n\r\nimport (\r\n	\"fmt\"\r\n)\r\n\r\nfunc main() {\r\n	fmt.Println(\"Hello world\")\r\n}\r\n', 'go', NULL, 2, NULL);
INSERT INTO `problem_attempts` VALUES (7, '2024-11-17 20:24:52.023', '2024-11-17 20:24:52.023', NULL, 101, 1, 11, 2, 9, 'package main\r\n\r\nimport (\r\n	\"fmt\"\r\n)\r\n\r\nfunc main() {\r\n	for i := 1; i <= 9; i++ {\r\n		for j := 1; j <= i; j++ {\r\n			fmt.Printf(\"%d*%d=%d\", j, i, i * j)\r\n			if i != j {\r\n				fmt.Print(\" \")\r\n			} else {\r\n				fmt.Println()\r\n			}\r\n		}\r\n	}\r\n}\r\n', 'go', NULL, 2, NULL);
INSERT INTO `problem_attempts` VALUES (8, '2024-11-17 20:37:11.816', '2024-11-17 20:37:11.816', NULL, 102, 1, 4, 4, 0, 'package main\r\n\r\nimport (\r\n	\"fmt\"\r\n)\r\n\r\nfunc main() {\r\n	a := 0\r\n	b := 0\r\n	for {\r\n		n, _ := fmt.Scan(&a, &b)\r\n		if n == 0 {\r\n			break\r\n		} else {\r\n			fmt.Printf(\"%d\\n\", a+b)\r\n		}\r\n	}\r\n}\r\n', 'go', NULL, 2, NULL);
INSERT INTO `problem_attempts` VALUES (9, '2024-11-23 23:15:23.069', '2024-11-23 23:15:23.069', NULL, 130, 1, 5, 5, 0, 'package main\r\n\r\nimport \"fmt\"\r\n\r\n\r\n// https://leetcode.cn/problems/find-first-and-last-position-of-element-in-sorted-array/description/?envType=problem-list-v2&envId=binary-search\r\nfunc main() {\r\n    nums := []int{4,5,6,7,0,1,2}\r\n    l := find(nums)\r\n    fmt.Printf(\"%d\", l)\r\n}\r\n\r\nfunc find(nums []int) int {\r\n	left := 0\r\n    right := len(nums) - 1\r\n    for left < right {\r\n        mid := (left + right) / 2\r\n        if nums[mid] > nums[right] {\r\n            left = mid + 1\r\n        } else {\r\n            right = mid\r\n        }\r\n    }\r\n    return left\r\n}', 'go', NULL, 2, NULL);
INSERT INTO `problem_attempts` VALUES (10, '2024-11-24 15:13:22.687', '2024-11-24 15:13:22.687', NULL, 104, 1, 2, 1, 1, 'package main\r\n\r\nimport (\r\n	\"fmt\"\r\n)\r\n\r\nfunc main() {\r\n	a := 0\r\n	b := 0\r\n    fmt.Scan(&a, &b)\r\n    answer := 0\r\n    for i := 0; i < a; i++{\r\n        answer += b\r\n    }\r\n    fmt.Println(answer)\r\n}\r\n', 'go', NULL, 2, NULL);
INSERT INTO `problem_attempts` VALUES (11, '2024-11-24 15:17:56.661', '2024-11-24 15:17:56.661', NULL, 105, 1, 2, 2, 0, 'package main\r\n\r\nimport (\r\n	\"fmt\"\r\n)\r\n\r\nfunc main() {\r\n	n := 0\r\n    fmt.Scan(&n)\r\n    max := -10000\r\n    for i := 0; i < n; i++ {\r\n        a := 0\r\n        fmt.Scan(&a)\r\n        if a > max {\r\n            max = a\r\n        }\r\n    }\r\n    fmt.Println(max)\r\n}\r\n', 'go', NULL, 2, NULL);
INSERT INTO `problem_attempts` VALUES (12, '2024-11-24 15:24:24.143', '2024-11-24 15:24:24.143', NULL, 106, 1, 2, 1, 1, 'package main\r\n\r\nimport (\r\n	\"fmt\"\r\n)\r\n\r\nfunc main() {\r\n	n := 0\r\n    fmt.Scan(&n)\r\n    max := -10000\r\n    min := 10000\r\n    for i := 0; i < n; i++ {\r\n        a := 0\r\n        fmt.Scan(&a)\r\n        if a > max {\r\n            max = a\r\n        }\r\n        if a < min {\r\n            min = a\r\n        }\r\n    }\r\n	fmt.Printf(\"%d %d\", max, min)\r\n}\r\n', 'go', NULL, 2, NULL);
INSERT INTO `problem_attempts` VALUES (13, '2024-11-24 15:27:30.449', '2024-11-24 15:27:30.449', NULL, 107, 1, 5, 1, 4, 'package main\r\n\r\nimport (\r\n	\"fmt\"\r\n)\r\n\r\nfunc main() {\r\n	n := 0\r\n    fmt.Scan(&n)\r\n    answer := make([]int, 0, n)\r\n    for i := 1; i <= n; i++ {\r\n        if i % 3 == 0 {\r\n            answer = append(answer, i)\r\n        }\r\n    }\r\n    if len(answer) == 0 {\r\n        fmt.Println(-1)\r\n    } else {\r\n        for _, num := range answer {\r\n            fmt.Printf(\"%d \", num)\r\n        }\r\n    }\r\n}\r\n', 'go', NULL, 2, NULL);
INSERT INTO `problem_attempts` VALUES (14, '2024-11-24 15:43:51.542', '2024-11-24 15:43:51.542', NULL, 108, 1, 2, 2, 0, 'package main\r\n\r\nimport (\r\n	\"fmt\"\r\n)\r\n\r\nfunc main() {\r\n	n := 0\r\n    a := 0\r\n    fmt.Scan(&n, &a)\r\n    answer := make([]int, 0, n)\r\n    for i := 0; i <= n; i++ {\r\n        if i % a == 0 {\r\n            answer = append(answer, i)\r\n        }\r\n    }\r\n	if len(answer) == 0 {\r\n        fmt.Println(-1)\r\n    } else {\r\n        for i := 0; i < len(answer); i++ {\r\n            fmt.Printf(\"%d \", answer[i])\r\n        }\r\n    }\r\n}\r\n', 'go', NULL, 2, NULL);
INSERT INTO `problem_attempts` VALUES (15, '2024-11-24 15:48:18.575', '2024-11-24 15:48:18.575', NULL, 109, 1, 2, 2, 0, 'package main\r\n\r\nimport (\r\n	\"fmt\"\r\n)\r\n\r\nfunc main() {\r\n	for i := 1; i <= 4; i++ {\r\n        for j := 1; j <= 4; j++ {\r\n            if j == i {\r\n                continue\r\n            }\r\n            for k := 1; k <= 4; k++ {\r\n                if k == j || k == i {\r\n                    continue\r\n                }\r\n                fmt.Printf(\"%d \", i * 100 + j * 10 + k)\r\n            }\r\n        }\r\n    }\r\n}\r\n', 'go', NULL, 2, NULL);
INSERT INTO `problem_attempts` VALUES (16, '2024-11-24 15:57:53.372', '2024-11-24 15:57:53.372', NULL, 110, 1, 4, 1, 3, 'package main\r\n\r\nimport (\r\n    \"fmt\"\r\n)\r\n\r\n// 判断是否为闰年\r\nfunc isLeapYear(year int) bool {\r\n    if (year%4 == 0 && year%100!= 0) || year%400 == 0 {\r\n        return true\r\n    }\r\n    return false\r\n}\r\n\r\n// 计算是该年的第几天\r\nfunc dayOfYear(year, month, day int) int {\r\n    daysInMonth := []int{0, 31, 28, 31, 30, 31, 30, 31, 31, 30, 31, 30}\r\n\r\n    if isLeapYear(year) {\r\n        daysInMonth[2] = 29\r\n    }\r\n\r\n    totalDays := 0\r\n    for i := 1; i < month; i++ {\r\n        totalDays += daysInMonth[i]\r\n    }\r\n\r\n    totalDays += day\r\n\r\n    return totalDays\r\n}\r\n\r\nfunc main() {\r\n    var year, month, day int\r\n    fmt.Scan(&year)\r\n    fmt.Scan(&month)\r\n    fmt.Scan(&day)\r\n\r\n    result := dayOfYear(year, month, day)\r\n    fmt.Println(result)\r\n}', 'go', NULL, 2, NULL);
INSERT INTO `problem_attempts` VALUES (17, '2024-11-24 16:13:57.531', '2024-11-24 16:13:57.531', NULL, 111, 1, 3, 1, 2, 'package main\r\n\r\nimport (\r\n    \"fmt\"\r\n    \"sort\"\r\n)\r\n\r\nfunc main() {\r\n    var x, y, z int\r\n    fmt.Scan(&x)\r\n    fmt.Scan(&y)\r\n    fmt.Scan(&z)\r\n\r\n    nums := []int{x, y, z}\r\n\r\n    sort.Ints(nums)\r\n\r\n    for _, num := range nums {\r\n        fmt.Printf(\"%d \", num)\r\n    }\r\n}', 'go', NULL, 2, NULL);
INSERT INTO `problem_attempts` VALUES (18, '2024-11-24 16:24:15.733', '2024-11-24 16:24:15.733', NULL, 112, 1, 3, 1, 2, 'package main\r\n\r\nimport (\r\n	\"fmt\"\r\n)\r\n\r\nfunc main() {\r\n    flag := true\r\n	for i := 0; i < 8; i++ {\r\n        str := \"# # # #\"\r\n        if flag {\r\n            str = \" \" + str\r\n        } else {\r\n            str = str + \" \"\r\n        }\r\n        fmt.Println(str)\r\n        flag = !flag\r\n    }\r\n}\r\n', 'go', NULL, 2, NULL);
INSERT INTO `problem_attempts` VALUES (19, '2024-11-24 16:29:56.155', '2024-11-24 16:29:56.155', NULL, 113, 1, 1, 1, 0, 'package main\r\n\r\nimport (\r\n    \"fmt\"\r\n)\r\n\r\nfunc main() {\r\n    var n int\r\n    fmt.Scanln(&n)\r\n\r\n    if n == 1 || n == 2 {\r\n        fmt.Println(1)\r\n    } else {\r\n        a, b := 1, 1\r\n        for i := 3; i <= n; i++ {\r\n            c := a + b\r\n            a, b = b, c\r\n        }\r\n        fmt.Println(b)\r\n    }\r\n}\r\n', 'go', NULL, 2, NULL);
INSERT INTO `problem_attempts` VALUES (20, '2024-11-24 16:39:44.478', '2024-11-24 16:39:44.478', NULL, 114, 1, 1, 1, 0, 'package main\r\n\r\nimport (\r\n    \"fmt\"\r\n    \"math\"\r\n)\r\n\r\nfunc main() {\r\n    var n int\r\n    fmt.Scanln(&n)\r\n\r\n    isPrime := make([]bool, n+1)\r\n    for i := range isPrime {\r\n        isPrime[i] = true\r\n    }\r\n    isPrime[0] = false\r\n    isPrime[1] = false\r\n\r\n    for i := 2; i <= int(math.Sqrt(float64(n))); i++ {\r\n        if isPrime[i] {\r\n            for j := i * i; j <= n; j += i {\r\n                isPrime[j] = false\r\n            }\r\n            }\r\n        }\r\n\r\n    for i := 2; i <= n; i++ {\r\n        if isPrime[i] {\r\n            fmt.Printf(\"%d \", i)\r\n        }\r\n    }\r\n}', 'go', NULL, 2, NULL);
INSERT INTO `problem_attempts` VALUES (21, '2024-11-24 16:43:10.801', '2024-11-24 16:43:10.801', NULL, 115, 1, 1, 1, 0, 'package main\r\n\r\nimport \"fmt\"\r\n\r\nfunc main() {\r\n    for num := 100; num < 1000; num++ {\r\n        hundreds := num / 100\r\n        tens := (num / 10) % 10\r\n        units := num % 10\r\n\r\n        if hundreds*hundreds*hundreds+tens*tens*tens+units*units*units == num {\r\n            fmt.Printf(\"%d \", num)\r\n        }\r\n    }\r\n}', 'go', NULL, 2, NULL);
INSERT INTO `problem_attempts` VALUES (22, '2024-11-24 16:44:58.320', '2024-11-24 16:44:58.320', NULL, 116, 1, 1, 1, 0, 'package main\r\n\r\nimport \"fmt\"\r\n\r\nfunc main() {\r\n    var n int\r\n    fmt.Scanln(&n)\r\n\r\n    fmt.Printf(\"%d=\", n)\r\n\r\n    // 从最小的质数2开始尝试分解\r\n    for i := 2; i <= n; i++ {\r\n        // 如果当前数能被i整除，且i是质数\r\n        for n%i == 0 && isPrime(i) {\r\n            n /= i\r\n            if n!= 1 {\r\n                fmt.Printf(\"%d*\", i)\r\n            } else {\r\n                fmt.Printf(\"%d\", i)\r\n            }\r\n            i = 1\r\n        }\r\n    }\r\n}\r\n\r\n// 判断一个数是否为质数\r\nfunc isPrime(num int) bool {\r\n    if num <= 1 {\r\n        return false\r\n    }\r\n    if num <= 3 {\r\n        return true\r\n    }\r\n    if num%2 == 0 || num%3 == 0 {\r\n        return false\r\n    }\r\n\r\n    i := 5\r\n    for i*i <= num {\r\n        if num%i == 0 || num%(i+2) == 0 {\r\n            return false\r\n        }\r\n        i += 6\r\n    }\r\n\r\n    return true\r\n}', 'go', NULL, 2, NULL);
INSERT INTO `problem_attempts` VALUES (23, '2024-11-24 16:46:15.473', '2024-11-24 16:46:15.473', NULL, 117, 1, 9, 1, 8, 'package main\r\n\r\nimport \"fmt\"\r\n\r\nfunc gcd(x, y int) int {\r\n	tmp := x % y\r\n	if tmp > 0 {\r\n		return gcd(y, tmp)\r\n	} else {\r\n		return y\r\n	}\r\n}\r\n\r\n// 求最小公倍数\r\nfunc lcm(m, n int) int {\r\n	return m * n / gcd(m, n)\r\n}\r\n\r\nfunc main() {\r\n	var m, n int\r\n	fmt.Scan(&m)\r\n	fmt.Scan(&n)\r\n	fmt.Printf(\"%d %d\\n\", gcd(m, n), lcm(m, n))\r\n}', 'go', NULL, 2, NULL);
INSERT INTO `problem_attempts` VALUES (24, '2024-11-24 16:56:16.948', '2024-11-24 16:56:16.948', NULL, 118, 1, 1, 1, 0, 'package main\r\n\r\nimport \"fmt\"\r\n\r\nfunc main() {\r\n    num := 1\r\n    for i := 9; i >= 1; i-- {\r\n        num = (num + 1) * 2\r\n    }\r\n    fmt.Println(num)\r\n}', 'go', NULL, 2, NULL);
INSERT INTO `problem_attempts` VALUES (25, '2024-11-24 16:57:57.875', '2024-11-24 16:57:57.875', NULL, 119, 1, 5, 1, 4, 'package main\r\n\r\nimport \"fmt\"\r\n\r\n// 链表节点结构体\r\ntype ListNode struct {\r\n    Val  int\r\n    Next *ListNode\r\n}\r\n\r\nfunc main() {\r\n    var n int\r\n    fmt.Scanln(&n)\r\n\r\n    // 创建初始链表，只有一个元素1\r\n    head := &ListNode{Val: 1}\r\n\r\n    for i := 0; i < n; i++ {\r\n        var op, x, y int\r\n        fmt.Scanln(&op, &x, &y)\r\n\r\n        switch op {\r\n        case 1:\r\n            insertNode(head, x, y)\r\n        case 2:\r\n            result := queryNext(head, x)\r\n            fmt.Println(result)\r\n        case 3:\r\n            deleteNext(head, x)\r\n        }\r\n    }\r\n}\r\n\r\n// 插入节点函数\r\nfunc insertNode(head *ListNode, x, y int) {\r\n    cur := head\r\n    for cur!= nil {\r\n        if cur.Val == x {\r\n            newNode := &ListNode{Val: y}\r\n            newNode.Next = cur.Next\r\n            cur.Next = newNode\r\n            break\r\n        }\r\n        cur = cur.Next\r\n    }\r\n}\r\n\r\n// 查询后继元素函数\r\nfunc queryNext(head *ListNode, x int) int {\r\n    cur := head\r\n    for cur!= nil {\r\n        if cur.Val == x {\r\n            if cur.Next == nil {\r\n                return 0\r\n            }\r\n            return cur.Next.Val\r\n        }\r\n        cur = cur.Next\r\n    }\r\n    return 0\r\n}\r\n\r\n// 删除后继元素函数\r\nfunc deleteNext(head *ListNode, x int) {\r\n    cur := head\r\n    for cur!= nil {\r\n        if cur.Val == x {\r\n            if cur.Next!= nil {\r\n                cur.Next = cur.Next.Next\r\n            }\r\n            break\r\n        }\r\n        cur = cur.Next\r\n    }\r\n}', 'go', NULL, 2, NULL);
INSERT INTO `problem_attempts` VALUES (26, '2024-11-24 17:05:05.296', '2024-11-24 17:05:05.296', NULL, 120, 1, 3, 1, 2, 'package main\r\n\r\nimport (\r\n    \"fmt\"\r\n)\r\n\r\n// 链表节点结构体\r\ntype ListNode struct {\r\n    Val  int\r\n    Next *ListNode\r\n}\r\n\r\n// 反转链表函数\r\nfunc reverseList(pHead *ListNode) *ListNode {\r\n    var prev *ListNode\r\n    cur := pHead\r\n\r\n    for cur!= nil {\r\n        next := cur.Next\r\n        cur.Next = prev\r\n        prev = cur\r\n        cur = next\r\n    }\r\n\r\n    return prev\r\n}\r\n\r\nfunc main() {\r\n    var n int\r\n    fmt.Scan(&n)\r\n\r\n    var head *ListNode\r\n    var tail *ListNode\r\n\r\n    for i := 0; i < n; i++ {\r\n        var val int\r\n        fmt.Scan(&val)\r\n\r\n        newNode := &ListNode{Val: val}\r\n\r\n        if head == nil {\r\n            head = newNode\r\n            tail = newNode\r\n        } else {\r\n            tail.Next = newNode\r\n            tail = newNode\r\n        }\r\n    }\r\n\r\n    reversedHead := reverseList(head)\r\n\r\n    for reversedHead!= nil {\r\n        fmt.Printf(\"%d \", reversedHead.Val)\r\n        reversedHead = reversedHead.Next\r\n    }\r\n}\r\n', 'go', NULL, 2, NULL);
INSERT INTO `problem_attempts` VALUES (27, '2024-11-24 17:07:09.455', '2024-11-24 17:07:09.455', NULL, 121, 1, 9, 1, 8, 'package main\r\n\r\nimport (\r\n    \"fmt\"\r\n)\r\n\r\nfunc twoSum(nums []int, target int) []int {\r\n    for i, num1 := range nums {\r\n        for j, num2 := range nums {\r\n            if i != j && num1 + num2 == target {\r\n                return []int{i, j}\r\n            }\r\n        }\r\n    }\r\n    return []int{-1, -1}\r\n}\r\n\r\nfunc main() {\r\n    var n int\r\n    fmt.Scan(&n)\r\n\r\n    nums := make([]int, n)\r\n    for i := 0; i < n; i++ {\r\n        fmt.Scan(&nums[i])\r\n    }\r\n\r\n    var target int\r\n    fmt.Scan(&target)\r\n\r\n    result := twoSum(nums, target)\r\n    fmt.Println(result[0], result[1])\r\n}', 'go', NULL, 2, NULL);
INSERT INTO `problem_attempts` VALUES (28, '2024-11-24 17:19:17.008', '2024-11-24 17:19:17.008', NULL, 122, 1, 10, 1, 9, 'package main\r\n\r\nimport \"fmt\"\r\n\r\nfunc lengthOfLongestSubstring(s string) int {\r\n    // guard clauses，也就是卫语句，在递归中非常重要\r\n    if len(s) <= 1 {\r\n        return len(s)\r\n    }\r\n    // 全局的字符串，用于保存\r\n    var mp = make(map[byte]int)\r\n    var i int\r\n    for i = 0 ;i < len(s); i++ {\r\n        if _, ok := mp[s[i]]; ok {\r\n            break // 找到重复的，直接退出\r\n        } else {\r\n            mp[s[i]] = i // 没找到重复的，加上这个子串\r\n        }\r\n    }\r\n\r\n    length := lengthOfLongestSubstring(s[1:])\r\n    if i > length {\r\n        return i\r\n    }\r\n    return length\r\n}\r\n\r\nfunc main() {\r\n    var s string\r\n    fmt.Scan(&s)\r\n\r\n    result := lengthOfLongestSubstring(s)\r\n    fmt.Println(result)\r\n}', 'go', NULL, 2, NULL);
INSERT INTO `problem_attempts` VALUES (29, '2024-11-24 18:10:45.715', '2024-11-24 18:10:45.715', NULL, 123, 1, 2, 1, 1, 'package main\r\n\r\nimport (\r\n    \"fmt\"\r\n)\r\n\r\nfunc longestPalindrome(s string) string {\r\n    n := len(s)\r\n    if n < 2 {\r\n        return s\r\n    }\r\n\r\n    maxLen := 1\r\n    begin := 0\r\n\r\n    // 中心扩展法\r\n    for i := 0; i < n; i++ {\r\n        oddLen := expandAroundCenter(s, i, i)\r\n        evenLen := expandAroundCenter(s, i, i+1)\r\n        curLen := max(oddLen, evenLen)\r\n\r\n        if curLen > maxLen {\r\n            maxLen = curLen\r\n            begin = i - (curLen-1)/2\r\n        }\r\n    }\r\n\r\n    return s[begin : begin+maxLen]\r\n}\r\n\r\nfunc expandAroundCenter(s string, left, right int) int {\r\n    L, R := left, right\r\n    n := len(s)\r\n\r\n    for L >= 0 && R < n && s[L] == s[R] {\r\n        L--\r\n        R++\r\n    }\r\n\r\n    return R - L - 1\r\n}\r\n\r\nfunc max(a, b int) int {\r\n    if a > b {\r\n        return a\r\n    }\r\n    return b\r\n}\r\n\r\nfunc main() {\r\n    var s string\r\n    fmt.Scan(&s)\r\n\r\n    result := longestPalindrome(s)\r\n    fmt.Println(result)\r\n}', 'go', NULL, 2, NULL);
INSERT INTO `problem_attempts` VALUES (30, '2024-11-24 18:11:42.259', '2024-11-24 18:11:42.259', NULL, 124, 1, 4, 1, 3, 'package main\r\n\r\nimport \"fmt\"\r\n\r\nfunc convert(s string, numRows int) string {\r\n    // 很巧妙 头尾转变方向\r\n    arr := make([]string, numRows)\r\n    if numRows < 2 {\r\n        return s\r\n    }\r\n\r\n    i, flag := 0, -1\r\n    for _, v := range s {\r\n        arr[i] += string(v)\r\n        if i == 0 || i == numRows -1 {\r\n            flag = -flag\r\n        }\r\n        i += flag\r\n    }\r\n\r\n    var result string\r\n    for i := 0; i < len(arr); i++ {\r\n        result += arr[i]\r\n    }\r\n\r\n    return result\r\n}\r\n\r\n\r\nfunc main() {\r\n    var s string\r\n    fmt.Scan(&s)\r\n\r\n    var numRows int\r\n    fmt.Scan(&numRows)\r\n\r\n    output := convert(s, numRows)\r\n    fmt.Println(output)\r\n}', 'go', NULL, 2, NULL);
INSERT INTO `problem_attempts` VALUES (31, '2024-11-24 18:16:46.515', '2024-11-24 18:16:46.515', NULL, 125, 1, 4, 1, 3, 'package main\r\n\r\nimport \"fmt\"\r\n\r\n// reverse函数用于反转一个32位有符号整数\r\nfunc reverse(x int) int {\r\n    // 定义32位有符号整数的最小值和最大值\r\n    const INT_MIN = -1 << 31\r\n    const INT_MAX = 1<<31 - 1\r\n\r\n    // 用于存储反转后的整数\r\n    var reversed int\r\n\r\n    // 根据输入整数的正负确定符号\r\n    sign := 1\r\n    if x < 0 {\r\n        sign = -1\r\n        x = -x\r\n    }\r\n\r\n    // 循环进行数字反转操作\r\n    for x!= 0 {\r\n        // 取出当前整数的最后一位数字\r\n        lastDigit := x % 10\r\n\r\n        // 检查是否会发生溢出\r\n        if reversed > INT_MAX/10 || (reversed == INT_MAX/10 && lastDigit > INT_MAX%10) {\r\n            return 0\r\n        }\r\n        if reversed < INT_MIN/10 || (reversed == INT_MIN/10 && lastDigit < INT_MIN%10) {\r\n            return 0\r\n        }\r\n\r\n        // 将取出的数字添加到反转后的整数中\r\n        reversed = reversed*10 + lastDigit\r\n\r\n        // 更新原整数，去掉已经处理过的最后一位数字\r\n        x /= 10\r\n    }\r\n\r\n    // 返回反转后的整数，并根据原整数的符号进行调整\r\n    return reversed * sign\r\n}\r\n\r\nfunc main() {\r\n    // 示例输入\r\n    num := 0\r\n    fmt.Scan(&num)\r\n    num = reverse(num)\r\n    fmt.Println(num)\r\n}', 'go', NULL, 2, NULL);
INSERT INTO `problem_attempts` VALUES (32, '2024-11-24 18:20:59.870', '2024-11-24 18:20:59.870', NULL, 126, 1, 1, 1, 0, 'package main\r\n\r\nimport \"fmt\"\r\n\r\n// isPalindrome函数用于判断一个整数是否为回文整数\r\nfunc isPalindrome(a int) bool {\r\n    if a < 0 {\r\n        return false\r\n    }\r\n\r\n    // 将整数转换为字符串\r\n    numStr := fmt.Sprintf(\"%d\", a)\r\n\r\n    // 遍历字符串的前半部分和后半部分进行比较\r\n    for i := 0; i < len(numStr)/2; i++ {\r\n        if numStr[i]!= numStr[len(numStr)-1-i] {\r\n            return false\r\n        }\r\n    }\r\n\r\n    return true\r\n}\r\n\r\nfunc main() {\r\n    // 示例输入\r\n    num := 0\r\n    fmt.Scan(&num)\r\n    a := isPalindrome(num)\r\n    fmt.Println(a)\r\n}', 'go', NULL, 2, NULL);
INSERT INTO `problem_attempts` VALUES (33, '2024-11-24 18:22:38.530', '2024-11-24 18:22:38.530', NULL, 127, 1, 4, 1, 3, 'package main\r\n\r\nimport \"fmt\"\r\n\r\n// maxArea函数用于找出给定数组中两条垂线与x轴构成容器能容纳的最大水量\r\nfunc maxArea(height []int) int {\r\n    left, right := 0, len(height)-1\r\n    maxWater := 0\r\n\r\n    for left < right {\r\n        // 计算当前两条垂线构成容器的水量\r\n        currentArea := min(height[left], height[right]) * (right - left)\r\n        // 更新最大水量\r\n        if currentArea > maxWater {\r\n            maxWater = currentArea\r\n        }\r\n\r\n        // 根据垂线高度调整指针\r\n        if height[left] < height[right] {\r\n            left++\r\n        } else {\r\n            right--\r\n        }\r\n    }\r\n\r\n    return maxWater\r\n}\r\n\r\n// min函数用于返回两个整数中的较小值\r\nfunc min(a, b int) int {\r\n    if a < b {\r\n        return a\r\n    }\r\n    return b\r\n}\r\n\r\nfunc main() {\r\n    n := 0\r\n    fmt.Scan(&n)\r\n    nums := make([]int, n)\r\n    for i := 0; i < n; i++ {\r\n        fmt.Scan(&nums[i])\r\n    }\r\n    answer := maxArea(nums)\r\n    fmt.Println(answer)\r\n}', 'go', NULL, 2, NULL);
INSERT INTO `problem_attempts` VALUES (34, '2024-11-24 18:26:58.668', '2024-11-24 18:26:58.668', NULL, 128, 1, 1, 1, 0, 'package main\r\n\r\nimport \"fmt\"\r\n\r\n// climbStairs函数用于计算爬到指定台阶数的不同方法数\r\nfunc climbStairs(n int) int {\r\n    if n == 1 {\r\n        return 1\r\n    }\r\n\r\n    a, b := 1, 2\r\n    for i := 2; i < n; i++ {\r\n        c := a + b\r\n        a = b\r\n        b = c\r\n    }\r\n\r\n    return b\r\n}\r\n\r\nfunc main() {\r\n    num := 0\r\n    fmt.Scan(&num)\r\n    answer := climbStairs(num)\r\n    fmt.Println(answer)\r\n}', 'go', NULL, 2, NULL);
INSERT INTO `problem_attempts` VALUES (35, '2024-11-24 18:28:20.880', '2024-11-24 18:28:20.880', NULL, 129, 1, 3, 1, 2, 'package main\r\n\r\nimport (\r\n    \"fmt\"\r\n    \"strconv\"\r\n)\r\n\r\n// addBinary函数用于计算两个二进制字符串的和，并以二进制字符串形式返回结果\r\nfunc addBinary(a, b string) string {\r\n    // 将二进制字符串转换为整数\r\n    num1, err1 := strconv.ParseInt(a, 2, 64)\r\n    num2, err2 := strconv.ParseInt(b, 2, 64)\r\n\r\n    if err1!= nil || err2!= nil {\r\n        return \"\"\r\n    }\r\n\r\n    // 计算两数之和\r\n    sum := num1 + num2\r\n\r\n    // 将和转换为二进制字符串\r\n    return strconv.FormatInt(sum, 2)\r\n}\r\n\r\nfunc main() {\r\n    a := \"\"\r\n    b := \"\"\r\n    fmt.Scan(&a)\r\n    fmt.Scan(&b)\r\n    result := addBinary(a, b)\r\n    fmt.Println(result)\r\n}\r\n', 'go', NULL, 2, NULL);
INSERT INTO `problem_attempts` VALUES (36, '2024-11-25 01:55:17.234', '2024-11-25 01:55:17.234', NULL, 130, 24, 2, 2, 0, 'package main\r\n\r\nimport \"fmt\"\r\n\r\n\r\nfunc binarySearch(nums []int, target int) int {\r\n    left, right := 0, len(nums)-1\r\n\r\n    for left <= right {\r\n        mid := left + (right-left)/2\r\n\r\n        if nums[mid] == target {\r\n            return mid\r\n        } else if nums[mid] < target {\r\n            left = mid + 1\r\n        } else {\r\n            right = mid - 1\r\n        }\r\n    }\r\n\r\n    return -1\r\n}\r\nfunc main() {\r\n    nums := []int{1, 3, 5, 7, 9, 11, 13}\r\n    target := 7\r\n    result := binarySearch(nums, target)\r\n    if result!= -1 {\r\n        fmt.Printf(\"目标值 %d 在数组中的索引为 %d\\n\", target, result)\r\n    } else {\r\n        fmt.Printf(\"数组中未找到目标值 %d\\n\", target)\r\n    }\r\n}', 'go', NULL, 2, NULL);
INSERT INTO `problem_attempts` VALUES (37, '2024-11-25 12:04:17.170', '2024-11-25 12:04:17.170', NULL, 100, 25, 1, 0, 1, 'package main\r\n\r\nimport (\r\n	\"fmt\"\r\n)\r\n\r\nfunc main() {\r\n	a := 0\r\n	b := 0\r\n	for {\r\n		n, _ := fmt.Scan(&a, &b)\r\n		if n == 0 {\r\n			break\r\n		} else {\r\n			fmt.Printf(\"%d\\n\", a+b)\r\n		}\r\n	}\r\n}\r\n', 'go', NULL, 1, NULL);
INSERT INTO `problem_attempts` VALUES (38, '2024-11-25 22:36:20.654', '2024-11-25 22:36:20.654', NULL, 100, 26, 8, 0, 8, 'package main\r\n\r\nimport (\r\n	\"fmt\"\r\n)\r\n\r\nfunc main() {\r\n	a := 0\r\n	b := 0\r\n	for {\r\n		fmt.Scan(&a, &b)\r\n		fmt.Printf(\"Hello world\")\r\n	}\r\n}\r\n', 'go', NULL, 1, NULL);
INSERT INTO `problem_attempts` VALUES (39, '2024-11-25 22:42:23.055', '2024-11-25 22:42:23.055', NULL, 130, 26, 4, 4, 0, 'package main\r\n\r\nimport \"fmt\"\r\n\r\n\r\nfunc binarySearch(nums []int, target int) int {\r\n    left, right := 0, len(nums)-1\r\n\r\n    for left <= right {\r\n        mid := left + (right-left)/2\r\n\r\n        if nums[mid] == target {\r\n            return mid\r\n        } else if nums[mid] < target {\r\n            left = mid + 1\r\n        } else {\r\n            right = mid - 1\r\n        }\r\n    }\r\n\r\n    return -1\r\n}\r\nfunc main() {\r\n    nums := []int{1, 3, 5, 7, 9, 11, 13}\r\n    target := 7\r\n    result := binarySearch(nums, target)\r\n    if result!= -1 {\r\n        fmt.Printf(\"目标值 %d 在数组中的索引为 %d\\n\", target, result)\r\n    } else {\r\n        fmt.Printf(\"数组中未找到目标值 %d\\n\", target)\r\n    }\r\n}', 'go', NULL, 2, NULL);
INSERT INTO `problem_attempts` VALUES (40, '2024-11-26 00:27:00.686', '2024-11-26 00:27:00.686', NULL, 100, 24, 3, 2, 1, 'package main\r\n\r\nimport (\r\n	\"fmt\"\r\n)\r\nfunc loop() {\r\n	for{\r\n\r\n	}\r\n}\r\n\r\nfunc main() {\r\n	fmt.Println(\"Hello world\")\r\n	go loop()\r\n	for{\r\n		go loop()\r\n	}\r\n}\r\n', 'go', NULL, 2, NULL);
INSERT INTO `problem_attempts` VALUES (41, '2024-11-26 00:28:16.439', '2024-11-26 00:28:16.439', NULL, 101, 24, 3, 1, 2, 'package main\r\n\r\nimport (\r\n	\"fmt\"\r\n)\r\n\r\nfunc main() {\r\n	var str1 = \r\n`\r\n1*1=1\r\n1*2=2 2*2=4\r\n1*3=3 2*3=6 3*3=9\r\n1*4=4 2*4=8 3*4=12 4*4=16\r\n1*5=5 2*5=10 3*5=15 4*5=20 5*5=25\r\n1*6=6 2*6=12 3*6=18 4*6=24 5*6=30 6*6=36\r\n1*7=7 2*7=14 3*7=21 4*7=28 5*7=35 6*7=42 7*7=49\r\n1*8=8 2*8=16 3*8=24 4*8=32 5*8=40 6*8=48 7*8=56 8*8=64\r\n1*9=9 2*9=18 3*9=27 4*9=36 5*9=45 6*9=54 7*9=63 8*9=72 9*9=81\r\n`\r\n	fmt.Println(str1)\r\n}', 'go', NULL, 2, NULL);
INSERT INTO `problem_attempts` VALUES (42, '2024-11-26 00:30:55.395', '2024-11-26 00:30:55.395', NULL, 102, 24, 2, 1, 1, 'package main\r\n\r\nimport (\r\n	\"fmt\"\r\n)\r\n\r\nfunc main() {\r\n	a := 0\r\n	b := 0\r\n	for {\r\n		n, _ := fmt.Scan(&a, &b)\r\n		if n == 0 {\r\n			break\r\n		} else {\r\n			fmt.Printf(\"%d\\n\", a+b)\r\n		}\r\n	}\r\n}\r\n', 'go', NULL, 2, NULL);
INSERT INTO `problem_attempts` VALUES (43, '2024-11-26 00:31:09.237', '2024-11-26 00:31:09.237', NULL, 103, 24, 5, 0, 5, '\r\n', 'go', NULL, 1, NULL);
INSERT INTO `problem_attempts` VALUES (44, '2024-11-26 20:20:27.761', '2024-11-26 20:20:27.761', NULL, 100, 27, 3, 2, 1, 'package main\r\n\r\nimport (\r\n	\"fmt\"\r\n)\r\n\r\nfunc main() {\r\n	fmt.Println(\"Hello world\")\r\n}\r\n', 'go', NULL, 2, NULL);
INSERT INTO `problem_attempts` VALUES (45, '2024-11-26 20:23:37.580', '2024-11-26 20:23:37.580', NULL, 130, 27, 2, 2, 0, 'package main\r\n\r\nimport \"fmt\"\r\n\r\n\r\nfunc binarySearch(nums []int, target int) int {\r\n    left, right := 0, len(nums)-1\r\n	haha := 123\r\n	ha := 1\r\n    for left <= right {\r\n        mid := left + (right-left)/2\r\n\r\n        if nums[mid] == target {\r\n            return mid\r\n        } else if nums[mid] < target {\r\n            left = mid + 1\r\n        } else {\r\n            right = mid - 1\r\n        }\r\n    }\r\n\r\n    return -1+haha+ha\r\n}\r\nfunc main() {\r\n    nums := []int{1, 3, 5, 7, 9, 11, 13}\r\n    target := 7\r\n    result := binarySearch(nums, target)\r\n    if result!= -1 {\r\n        fmt.Printf(\"目标值 %d 在数组中的索引为 %d\\n\", target, result)\r\n    } else {\r\n        fmt.Printf(\"数组中未找到目标值 %d\\n\", target)\r\n    }\r\n}', 'go', NULL, 2, NULL);
INSERT INTO `problem_attempts` VALUES (46, '2024-12-29 17:11:47.649', '2024-12-29 17:11:47.649', NULL, 131, 1, 1, 1, 0, 'package main\r\n\r\nimport (\r\n	\"fmt\"\r\n)\r\n\r\ntype LinkNode struct {\r\n    Val int\r\n    Next *LinkNode\r\n    Prev *LinkNode\r\n}\r\n\r\nfunc main() {\r\n	nums := []int{1, 2, 3, 4}\r\n    header := buildLink(nums)\r\n    node := header\r\n    for node != nil {\r\n        fmt.Println(node.Val)\r\n        node = node.Next\r\n    }\r\n}\r\n\r\nfunc buildLink(nums []int) *LinkNode {\r\n    var header, tail *LinkNode\r\n    for num := range nums {\r\n        node := &LinkNode{Val:num}\r\n        if header == nil {\r\n            header = node\r\n            tail = node\r\n        } else {\r\n            tail.Next = node\r\n            node.Prev = tail\r\n            tail = tail.Next\r\n        }\r\n    }\r\n    return header\r\n}\r\n', 'go', NULL, 2, NULL);

-- ----------------------------
-- Table structure for problem_banks
-- ----------------------------
DROP TABLE IF EXISTS `problem_banks`;
CREATE TABLE `problem_banks`  (
  `id` bigint UNSIGNED NOT NULL AUTO_INCREMENT,
  `created_at` datetime(3) NULL DEFAULT NULL,
  `updated_at` datetime(3) NULL DEFAULT NULL,
  `deleted_at` datetime(3) NULL DEFAULT NULL,
  `name` longtext CHARACTER SET utf8mb4 COLLATE utf8mb4_0900_ai_ci NULL,
  `icon` longtext CHARACTER SET utf8mb4 COLLATE utf8mb4_0900_ai_ci NULL,
  `description` longtext CHARACTER SET utf8mb4 COLLATE utf8mb4_0900_ai_ci NULL,
  `creator_id` bigint UNSIGNED NULL DEFAULT NULL,
  PRIMARY KEY (`id`) USING BTREE,
  INDEX `idx_problem_banks_deleted_at`(`deleted_at` ASC) USING BTREE
) ENGINE = InnoDB AUTO_INCREMENT = 22 CHARACTER SET = utf8mb4 COLLATE = utf8mb4_0900_ai_ci ROW_FORMAT = Dynamic;

-- ----------------------------
-- Records of problem_banks
-- ----------------------------
INSERT INTO `problem_banks` VALUES (2, '2023-09-29 15:30:10.732', '2024-11-24 21:11:48.608', NULL, '可视化', '/icon/problemBank/0ce3ebb7-a99e-11ef-b157-cad4a74728ff.fc3b1aed-f97c-4844-95bb-36a52cd64eba.jfif', '可视化配置说明', 0);
INSERT INTO `problem_banks` VALUES (3, '2023-09-29 00:41:27.203', '2023-09-29 00:41:27.203', '2023-09-29 01:02:55.249', 'aaa', '/icon/problemBank/db88cd07-5e1d-11ee-b84f-00155d946cd4.v2-6c9280b1fd6fddeea9534958e34a3b4f_r.png', '无描述信息', 1);
INSERT INTO `problem_banks` VALUES (4, '2023-09-29 00:41:43.995', '2023-09-29 00:41:43.995', '2023-09-29 00:50:57.021', 'aaa', '/icon/problemBank/db88cd07-5e1d-11ee-b84f-00155d946cd4.v2-6c9280b1fd6fddeea9534958e34a3b4f_r.png', '无描述信息', 1);
INSERT INTO `problem_banks` VALUES (5, '2023-09-29 00:42:04.803', '2023-09-29 00:42:04.803', '2023-09-29 00:50:55.648', '未命名题库', '', '无描述信息', 1);
INSERT INTO `problem_banks` VALUES (6, '2023-09-29 00:42:19.046', '2023-09-29 00:42:19.046', '2023-09-29 00:50:54.082', 'aaa', '/icon/problemBank/fb2cd721-5e1d-11ee-b84f-00155d946cd4.v2-6c9280b1fd6fddeea9534958e34a3b4f_r.png', '无描述信息', 1);
INSERT INTO `problem_banks` VALUES (7, '2023-09-29 00:45:36.327', '2023-09-29 00:45:36.327', '2023-09-29 00:50:51.838', 'aaa', '/icon/problemBank/713a6358-5e1e-11ee-b84f-00155d946cd4.v2-6c9280b1fd6fddeea9534958e34a3b4f_r.png', '无描述信息', 1);
INSERT INTO `problem_banks` VALUES (8, '2023-09-29 00:45:37.377', '2023-09-29 00:45:37.377', '2023-09-29 00:50:49.604', 'aaa', '/icon/problemBank/713a6358-5e1e-11ee-b84f-00155d946cd4.v2-6c9280b1fd6fddeea9534958e34a3b4f_r.png', '无描述信息', 1);
INSERT INTO `problem_banks` VALUES (9, '2023-09-29 00:46:03.911', '2023-09-29 00:46:03.911', '2023-09-29 00:50:46.692', 'aaaa', '/icon/problemBank/8173258c-5e1e-11ee-b84f-00155d946cd4.v2-6c9280b1fd6fddeea9534958e34a3b4f_r.png', '无描述信息', 1);
INSERT INTO `problem_banks` VALUES (10, '2023-09-29 00:46:06.837', '2023-09-29 00:46:06.837', '2023-09-29 00:50:27.756', 'aaaa', '/icon/problemBank/8173258c-5e1e-11ee-b84f-00155d946cd4.v2-6c9280b1fd6fddeea9534958e34a3b4f_r.png', '无描述信息', 1);
INSERT INTO `problem_banks` VALUES (11, '2023-09-29 00:47:13.724', '2023-09-29 00:47:13.724', '2023-09-29 00:50:45.002', 'bbb', '/icon/problemBank/ab0def2a-5e1e-11ee-b84f-00155d946cd4.v2-6c9280b1fd6fddeea9534958e34a3b4f_r.png', '无描述信息', 1);
INSERT INTO `problem_banks` VALUES (12, '2023-09-29 01:02:09.818', '2023-09-29 01:02:09.818', '2023-09-29 01:03:02.765', 'aaaaa', '/icon/problemBank/9c15ac59-5e20-11ee-b267-00155d946cd4.v2-6c9280b1fd6fddeea9534958e34a3b4f_r.png', '无描述信息', 1);
INSERT INTO `problem_banks` VALUES (13, '2023-09-29 01:08:48.015', '2023-09-29 01:08:48.015', '2023-09-29 15:29:48.876', 'aaa', '/icon/problemBank/ae796d67-5e21-11ee-b267-00155d946cd4.v2-6c9280b1fd6fddeea9534958e34a3b4f_r.png', '无描述信息', 1);
INSERT INTO `problem_banks` VALUES (14, '2023-09-29 01:12:25.899', '2023-09-29 01:12:25.899', '2023-09-29 01:12:28.723', 'bbb', '/icon/problemBank/30d466c1-5e22-11ee-b267-00155d946cd4.v2-6c9280b1fd6fddeea9534958e34a3b4f_r.png', '无描述信息', 1);
INSERT INTO `problem_banks` VALUES (15, '2023-09-29 15:30:10.732', '2024-11-17 19:55:01.768', NULL, '基础算法', '/icon/problemBank/c2abf401-a4da-11ef-ab91-b2f49275d539.54ed5b0a-508a-408e-83a8-7dfbed71bf27 (6).jfif', '基础算法题目', 0);
INSERT INTO `problem_banks` VALUES (16, '2023-10-06 23:48:58.040', '2024-11-23 21:32:52.686', NULL, '入门', '/icon/problemBank/6f42d1f2-a99f-11ef-b157-cad4a74728ff.77e33033-99fb-42ff-a512-bef46034d75f.jfif', '入门级别题库，适合计算机初学者', 1);
INSERT INTO `problem_banks` VALUES (17, '2023-10-06 23:49:14.244', '2023-10-06 23:49:14.244', NULL, 'top100', '/icon/problemBank/e002a36b-645f-11ee-997c-00155db79e2b.v2-6c9280b1fd6fddeea9534958e34a3b4f_r.png', '无描述信息', 1);
INSERT INTO `problem_banks` VALUES (18, '2023-10-06 23:49:38.561', '2023-10-06 23:49:38.561', '2024-11-23 21:06:31.000', '测试题库2', '/icon/problemBank/f0edb2d7-645f-11ee-997c-00155db79e2b.v2-6c9280b1fd6fddeea9534958e34a3b4f_r.png', '无描述信息', 1);
INSERT INTO `problem_banks` VALUES (19, '2023-10-21 20:21:35.487', '2023-10-21 20:21:35.487', '2023-10-21 20:21:41.187', 'ces', '/icon/problemBank/5e60dd57-700c-11ee-8bc6-00155dc58799.v2-6c9280b1fd6fddeea9534958e34a3b4f_r.png', 'ces', 1);
INSERT INTO `problem_banks` VALUES (20, '2024-05-18 11:27:51.155', '2024-05-18 11:27:59.816', '2024-05-18 11:28:06.220', 'test111', '/icon/problemBank/9942f26b-14c6-11ef-9268-f6066a06a312.cefba86f49b48f3740b0ce3a50b7660d_1.jpg', 'test', 1);
INSERT INTO `problem_banks` VALUES (21, '2024-05-18 11:51:26.085', '2024-05-18 11:51:26.085', '2024-05-18 11:51:31.835', 'test', '', 'test', 1);

-- ----------------------------
-- Table structure for problem_cases
-- ----------------------------
DROP TABLE IF EXISTS `problem_cases`;
CREATE TABLE `problem_cases`  (
  `id` bigint UNSIGNED NOT NULL AUTO_INCREMENT,
  `created_at` datetime(3) NULL DEFAULT NULL,
  `updated_at` datetime(3) NULL DEFAULT NULL,
  `deleted_at` datetime(3) NULL DEFAULT NULL,
  `problem_id` bigint UNSIGNED NULL DEFAULT NULL,
  `case_name` longtext CHARACTER SET utf8mb4 COLLATE utf8mb4_0900_ai_ci NULL,
  `input` longtext CHARACTER SET utf8mb4 COLLATE utf8mb4_0900_ai_ci NULL,
  `output` longtext CHARACTER SET utf8mb4 COLLATE utf8mb4_0900_ai_ci NULL,
  `name` longtext CHARACTER SET utf8mb4 COLLATE utf8mb4_0900_ai_ci NULL,
  PRIMARY KEY (`id`) USING BTREE,
  INDEX `idx_problem_cases_deleted_at`(`deleted_at` ASC) USING BTREE
) ENGINE = InnoDB AUTO_INCREMENT = 226 CHARACTER SET = utf8mb4 COLLATE = utf8mb4_0900_ai_ci ROW_FORMAT = Dynamic;

-- ----------------------------
-- Records of problem_cases
-- ----------------------------
INSERT INTO `problem_cases` VALUES (1, '2023-12-24 22:09:05.327', '2023-12-24 22:39:56.148', NULL, 0, '1', '1', '2', NULL);
INSERT INTO `problem_cases` VALUES (2, '2023-12-24 22:19:17.978', '2023-12-24 22:19:17.978', '2023-12-24 22:30:13.579', 0, '1', '1', '2', NULL);
INSERT INTO `problem_cases` VALUES (3, '2023-12-24 22:19:20.152', '2023-12-24 22:19:20.152', '2023-12-24 22:27:58.649', 0, '1', '1', '2', NULL);
INSERT INTO `problem_cases` VALUES (4, '2023-12-24 22:45:16.850', '2023-12-24 22:45:16.850', NULL, 0, '1', '1', '1', NULL);
INSERT INTO `problem_cases` VALUES (5, '2023-12-24 22:45:29.139', '2023-12-24 22:45:29.139', NULL, 0, '1', '1', '1', NULL);
INSERT INTO `problem_cases` VALUES (6, '2023-12-24 22:47:14.615', '2023-12-24 22:47:14.615', NULL, 0, '1', '1', '1', NULL);
INSERT INTO `problem_cases` VALUES (7, '2023-12-24 22:48:03.236', '2023-12-26 00:32:02.752', NULL, 2, '1', '4\r\n2 7 11 15\r\n9', '0 1', '1');
INSERT INTO `problem_cases` VALUES (8, '2023-12-26 00:30:24.312', '2023-12-26 00:32:13.134', NULL, 2, NULL, '3\r\n3 2 4\r\n6', '1 2', '2');
INSERT INTO `problem_cases` VALUES (9, '2024-05-18 11:06:44.745', '2024-05-18 11:06:44.745', '2024-05-18 11:16:43.156', 93, NULL, '11', '111', '1');
INSERT INTO `problem_cases` VALUES (10, '2024-05-18 11:17:42.931', '2024-05-18 11:17:42.931', NULL, 94, NULL, '1 2', '3', '1');
INSERT INTO `problem_cases` VALUES (11, '2024-05-18 11:17:51.945', '2024-05-18 11:17:51.945', NULL, 94, NULL, '2 3', '5', '2');
INSERT INTO `problem_cases` VALUES (12, '2024-05-18 11:26:58.816', '2024-05-18 11:35:02.725', '2024-08-29 00:37:20.016', 95, NULL, '1 2\r\n', '3\r\n', 'test');
INSERT INTO `problem_cases` VALUES (13, '2024-05-18 11:50:54.375', '2024-05-18 11:50:54.375', '2024-05-18 11:51:09.155', 96, NULL, '1 2', '3', '1');
INSERT INTO `problem_cases` VALUES (14, '2024-08-29 00:41:09.969', '2024-08-29 00:41:09.969', NULL, 97, NULL, '[1,null,2,3]', '[1,3,2]', '1');
INSERT INTO `problem_cases` VALUES (15, '2024-08-29 00:41:24.503', '2024-08-29 00:41:24.503', NULL, 97, NULL, '[]', '[]', '2');
INSERT INTO `problem_cases` VALUES (16, '2024-08-29 00:41:36.050', '2024-08-29 00:41:36.050', NULL, 97, NULL, '[1]', '[1]', '3');
INSERT INTO `problem_cases` VALUES (17, '2024-11-17 11:12:22.893', '2024-11-17 11:12:22.893', NULL, 100, NULL, ' ', 'Hello world', '1');
INSERT INTO `problem_cases` VALUES (18, '2024-11-17 11:22:28.706', '2024-11-17 20:36:21.143', NULL, 101, NULL, ' ', '1*1=1\r\n1*2=2 2*2=4\r\n1*3=3 2*3=6 3*3=9\r\n1*4=4 2*4=8 3*4=12 4*4=16\r\n1*5=5 2*5=10 3*5=15 4*5=20 5*5=25\r\n1*6=6 2*6=12 3*6=18 4*6=24 5*6=30 6*6=36\r\n1*7=7 2*7=14 3*7=21 4*7=28 5*7=35 6*7=42 7*7=49\r\n1*8=8 2*8=16 3*8=24 4*8=32 5*8=40 6*8=48 7*8=56 8*8=64\r\n1*9=9 2*9=18 3*9=27 4*9=36 5*9=45 6*9=54 7*9=63 8*9=72 9*9=81', '1');
INSERT INTO `problem_cases` VALUES (19, '2024-11-17 11:25:39.401', '2024-11-17 11:25:39.401', NULL, 102, NULL, '1 2', '3', '1');
INSERT INTO `problem_cases` VALUES (20, '2024-11-17 11:26:07.347', '2024-11-17 11:26:07.347', NULL, 102, NULL, '10 20', '30', '2');
INSERT INTO `problem_cases` VALUES (21, '2024-11-17 11:26:37.596', '2024-11-17 11:26:37.596', NULL, 102, NULL, '100 3300', '3400', '3');
INSERT INTO `problem_cases` VALUES (22, '2024-11-17 11:27:06.776', '2024-11-17 11:27:06.776', NULL, 102, NULL, '1234 5059', '6293', '4');
INSERT INTO `problem_cases` VALUES (23, '2024-11-17 11:36:20.691', '2024-11-17 11:36:20.691', NULL, 103, NULL, '2\r\n1 9', '10', '1');
INSERT INTO `problem_cases` VALUES (24, '2024-11-17 11:36:48.843', '2024-11-17 11:36:48.843', NULL, 103, NULL, '6\r\n0 1 2 3 4 5 ', '15', '2');
INSERT INTO `problem_cases` VALUES (25, '2024-11-17 11:38:39.953', '2024-11-17 11:38:39.953', NULL, 103, NULL, '5\r\n567 689 758 182 934', '3130', '3');
INSERT INTO `problem_cases` VALUES (26, '2024-11-17 11:39:20.978', '2024-11-17 11:39:20.978', NULL, 103, NULL, '10\r\n0 0 0 0 0 0 0 0 0 0', '0', '4');
INSERT INTO `problem_cases` VALUES (27, '2024-11-17 11:40:48.529', '2024-11-17 11:40:48.529', NULL, 103, NULL, '20\r\n1 7 9 34 73 43 73 19 46 535 463 4361 4643 43 7', '10357', '5');
INSERT INTO `problem_cases` VALUES (28, '2024-11-17 11:53:02.239', '2024-11-17 11:53:02.239', NULL, 104, NULL, '1 1', '1', '1');
INSERT INTO `problem_cases` VALUES (29, '2024-11-17 11:53:09.089', '2024-11-17 11:53:09.089', NULL, 104, NULL, '0 2342', '0', '2');
INSERT INTO `problem_cases` VALUES (30, '2024-11-17 11:53:25.145', '2024-11-17 11:53:25.145', NULL, 104, NULL, '4 9', '36', '3');
INSERT INTO `problem_cases` VALUES (31, '2024-11-17 11:53:55.075', '2024-11-17 11:53:55.075', NULL, 104, NULL, '245 735', '180075', '4');
INSERT INTO `problem_cases` VALUES (32, '2024-11-17 12:06:16.543', '2024-11-17 12:06:27.863', NULL, 105, NULL, '3\r\n5 8 3', '8', '1');
INSERT INTO `problem_cases` VALUES (33, '2024-11-17 12:06:47.250', '2024-11-17 12:06:47.250', NULL, 105, NULL, '4\r\n12 7 15 9', '15', '2');
INSERT INTO `problem_cases` VALUES (34, '2024-11-17 12:07:00.283', '2024-11-17 12:07:00.283', NULL, 105, NULL, '10\r\n0 0 0 0 0 0 0 0 0 0', '0', '3');
INSERT INTO `problem_cases` VALUES (35, '2024-11-17 12:07:18.862', '2024-11-17 12:07:18.862', NULL, 105, NULL, '3\r\n-5 -2 -8', '-2', '4');
INSERT INTO `problem_cases` VALUES (36, '2024-11-17 12:07:56.785', '2024-11-17 12:07:56.785', NULL, 105, NULL, '5\r\n-20 -10 -30 -5 -15', '-5', '5');
INSERT INTO `problem_cases` VALUES (37, '2024-11-17 12:08:14.621', '2024-11-17 12:08:14.621', NULL, 105, NULL, '1\r\n0', '0', '6');
INSERT INTO `problem_cases` VALUES (38, '2024-11-17 12:11:50.635', '2024-11-17 12:11:50.635', NULL, 106, NULL, '3\r\n5 8 3', '8 3', '1');
INSERT INTO `problem_cases` VALUES (39, '2024-11-17 12:12:25.077', '2024-11-17 12:12:33.258', NULL, 106, NULL, '4\r\n12 7 15 9', '15 7', '2');
INSERT INTO `problem_cases` VALUES (40, '2024-11-17 12:12:43.964', '2024-11-17 12:12:43.964', NULL, 106, NULL, '10\r\n0 0 0 0 0 0 0 0 0 0', '0 0', '3');
INSERT INTO `problem_cases` VALUES (41, '2024-11-17 12:12:58.743', '2024-11-17 12:12:58.743', NULL, 106, NULL, '3\r\n-5 -2 -8', '-2 -8', '4');
INSERT INTO `problem_cases` VALUES (42, '2024-11-17 12:13:19.563', '2024-11-17 12:13:19.563', NULL, 106, NULL, '5\r\n-20 -10 -30 -5 -15', '-5 -30', '5');
INSERT INTO `problem_cases` VALUES (43, '2024-11-17 12:13:34.120', '2024-11-17 12:13:41.021', NULL, 106, NULL, '1\r\n0', '0 0', '6');
INSERT INTO `problem_cases` VALUES (44, '2024-11-17 15:14:09.395', '2024-11-24 15:37:42.899', NULL, 107, NULL, ' 99', '3 6 9 12 15 18 21 24 27 30 33 36 39 42 45 48 51 54 57 60 63 66 69 72 75 78 81 84 87 90 93 96 99', '1');
INSERT INTO `problem_cases` VALUES (45, '2024-11-17 15:14:21.353', '2024-11-17 15:14:21.353', NULL, 107, NULL, '1', '-1', '2');
INSERT INTO `problem_cases` VALUES (46, '2024-11-17 15:18:04.577', '2024-11-17 15:18:04.577', NULL, 107, NULL, '400', '3 6 9 12 15 18 21 24 27 30 33 36 39 42 45 48 51 54 57 60 63 66 69 72 75 78 81 84 87 90 93 96 99 102 105 108 111 114 117 120 123 126 129 132 135 138 141 144 147 150 153 156 159 162 165 168 171 174 177 180 183 186 189 192 195 198 201 204 207 210 213 216 219 222 225 228 231 234 237 240 243 246 249 252 255 258 261 264 267 270 273 276 279 282 285 288 291 294 297 300 303 306 309 312 315 318 321 324 327 330 333 336 339 342 345 348 351 354 357 360 363 366 369 372 375 378 381 384 387 390 393 396 399', '3');
INSERT INTO `problem_cases` VALUES (47, '2024-11-17 15:18:11.099', '2024-11-17 15:18:38.734', NULL, 107, NULL, '3', '3', '4');
INSERT INTO `problem_cases` VALUES (48, '2024-11-17 15:18:44.363', '2024-11-17 15:18:44.363', NULL, 107, NULL, '2', '-1', '5');
INSERT INTO `problem_cases` VALUES (49, '2024-11-17 15:30:07.757', '2024-11-17 15:30:07.757', NULL, 108, NULL, '10 1', '0 1 2 3 4 5 6 7 8 9 10 ', '1');
INSERT INTO `problem_cases` VALUES (50, '2024-11-17 15:30:37.014', '2024-11-17 15:30:37.014', NULL, 108, NULL, '10 2', '0 2 4 6 8 10 ', '2');
INSERT INTO `problem_cases` VALUES (51, '2024-11-17 15:30:52.923', '2024-11-17 15:30:52.923', NULL, 108, NULL, '10 3', '0 3 6 9 ', '3');
INSERT INTO `problem_cases` VALUES (52, '2024-11-17 15:31:08.988', '2024-11-17 15:31:13.805', NULL, 108, NULL, '10 4', '0 4 8', '4');
INSERT INTO `problem_cases` VALUES (53, '2024-11-17 15:31:35.730', '2024-11-17 15:31:35.730', NULL, 108, NULL, '10 100', '0', '5');
INSERT INTO `problem_cases` VALUES (54, '2024-11-17 15:31:51.548', '2024-11-17 15:31:51.548', NULL, 108, NULL, '10 10', '0 10', '6');
INSERT INTO `problem_cases` VALUES (55, '2024-11-17 15:32:48.410', '2024-11-17 15:32:48.410', NULL, 108, NULL, '1245 23', '0 23 46 69 92 115 138 161 184 207 230 253 276 299 322 345 368 391 414 437 460 483 506 529 552 575 598 621 644 667 690 713 736 759 782 805 828 851 874 897 920 943 966 989 1012 1035 1058 1081 1104 1127 1150 1173 1196 1219 1242', '7');
INSERT INTO `problem_cases` VALUES (56, '2024-11-17 15:49:34.699', '2024-11-17 15:49:34.699', NULL, 109, NULL, ' ', '123 124 132 134 142 143 213 214 231 234 241 243 312 314 321 324 341 342 412 413 421 423 431 432', '1');
INSERT INTO `problem_cases` VALUES (57, '2024-11-17 16:02:39.023', '2024-11-17 16:02:39.023', NULL, 110, NULL, '2025 1 1', '1', '1');
INSERT INTO `problem_cases` VALUES (58, '2024-11-17 16:03:40.668', '2024-11-17 16:03:40.668', NULL, 110, NULL, '2026 2 14', '45', '2');
INSERT INTO `problem_cases` VALUES (59, '2024-11-17 16:04:07.399', '2024-11-17 16:04:07.399', NULL, 110, NULL, '2028 3 1', '61', '3');
INSERT INTO `problem_cases` VALUES (60, '2024-11-17 16:04:30.693', '2024-11-17 16:04:30.693', NULL, 110, NULL, '2030 4 20', '110', '4');
INSERT INTO `problem_cases` VALUES (61, '2024-11-17 16:04:59.197', '2024-11-17 16:04:59.197', NULL, 110, NULL, '2040 7 15', '197', '5');
INSERT INTO `problem_cases` VALUES (62, '2024-11-17 16:05:35.896', '2024-11-17 16:05:35.896', NULL, 110, NULL, '2027 12 31', '365', '6');
INSERT INTO `problem_cases` VALUES (63, '2024-11-17 16:06:01.722', '2024-11-17 16:06:01.722', NULL, 110, NULL, '2028 12 31', '366', '7');
INSERT INTO `problem_cases` VALUES (64, '2024-11-17 16:06:30.316', '2024-11-17 16:06:30.316', NULL, 110, NULL, '1 1 1', '1', '8');
INSERT INTO `problem_cases` VALUES (65, '2024-11-17 16:07:07.857', '2024-11-17 16:07:07.857', NULL, 110, NULL, '9999 12 31', '365', '9');
INSERT INTO `problem_cases` VALUES (66, '2024-11-17 16:07:34.351', '2024-11-17 16:07:34.351', NULL, 110, NULL, '2025 3 1', '60', '10');
INSERT INTO `problem_cases` VALUES (67, '2024-11-17 16:08:11.391', '2024-11-17 16:08:11.391', NULL, 110, NULL, '2028 3 1', '61', '11');
INSERT INTO `problem_cases` VALUES (68, '2024-11-17 16:08:41.580', '2024-11-17 16:08:41.580', NULL, 110, NULL, '1900 7 15', '196', '12');
INSERT INTO `problem_cases` VALUES (69, '2024-11-17 16:16:36.574', '2024-11-17 16:16:36.574', NULL, 111, NULL, '-1000 -1000 -1000', '-1000 -1000 -1000', '1');
INSERT INTO `problem_cases` VALUES (70, '2024-11-17 16:16:47.007', '2024-11-17 16:16:47.007', NULL, 111, NULL, '1000 1000 1000', '1000 1000 1000', '2');
INSERT INTO `problem_cases` VALUES (71, '2024-11-17 16:17:00.837', '2024-11-17 16:17:00.837', NULL, 111, NULL, '-1000 1000 0', '-1000 0 1000', '3');
INSERT INTO `problem_cases` VALUES (72, '2024-11-17 16:17:12.119', '2024-11-17 16:17:12.119', NULL, 111, NULL, '-1000 -1000 500', '-1000 -1000 500', '4');
INSERT INTO `problem_cases` VALUES (73, '2024-11-17 16:17:24.051', '2024-11-17 16:17:24.051', NULL, 111, NULL, '1000 1000 -500', '-500 1000 1000', '5');
INSERT INTO `problem_cases` VALUES (74, '2024-11-17 16:17:32.385', '2024-11-17 16:17:32.385', NULL, 111, NULL, '-1000 0 1000', '-1000 0 1000', '6');
INSERT INTO `problem_cases` VALUES (75, '2024-11-17 16:17:46.539', '2024-11-17 16:17:46.539', NULL, 111, NULL, '-999 -1000 -998', '-1000 -999 -998', '7');
INSERT INTO `problem_cases` VALUES (76, '2024-11-17 16:18:00.352', '2024-11-17 16:18:00.352', NULL, 111, NULL, '998 1000 999', '998 999 1000\r\n', '8');
INSERT INTO `problem_cases` VALUES (77, '2024-11-17 16:18:12.977', '2024-11-17 16:18:12.977', NULL, 111, NULL, '3 1 2', '1 2 3', '9');
INSERT INTO `problem_cases` VALUES (78, '2024-11-17 16:28:32.141', '2024-11-17 16:28:32.141', NULL, 112, NULL, ' ', ' # # # #\r\n# # # # \r\n # # # #\r\n# # # # \r\n # # # #\r\n# # # # \r\n # # # #\r\n# # # # ', '1');
INSERT INTO `problem_cases` VALUES (79, '2024-11-17 16:44:29.456', '2024-11-17 16:44:29.456', NULL, 113, NULL, '1', '1', '1');
INSERT INTO `problem_cases` VALUES (80, '2024-11-17 16:44:36.932', '2024-11-17 16:44:36.932', NULL, 113, NULL, '2', '1', '2');
INSERT INTO `problem_cases` VALUES (81, '2024-11-17 16:44:42.833', '2024-11-17 16:44:42.833', NULL, 113, NULL, '3', '2', '3');
INSERT INTO `problem_cases` VALUES (82, '2024-11-17 16:44:49.992', '2024-11-17 16:44:49.992', NULL, 113, NULL, '4', '3', '4');
INSERT INTO `problem_cases` VALUES (83, '2024-11-17 16:44:58.081', '2024-11-17 16:44:58.081', NULL, 113, NULL, '5', '5', '5');
INSERT INTO `problem_cases` VALUES (84, '2024-11-17 16:45:23.992', '2024-11-17 16:45:23.992', NULL, 113, NULL, '16', '987', '6');
INSERT INTO `problem_cases` VALUES (85, '2024-11-17 16:45:41.155', '2024-11-17 16:45:41.155', NULL, 113, NULL, '20', '6765', '7');
INSERT INTO `problem_cases` VALUES (86, '2024-11-17 16:56:25.815', '2024-11-17 16:56:25.815', NULL, 114, NULL, '20', '2 3 5 7 11 13 17 19', '1');
INSERT INTO `problem_cases` VALUES (87, '2024-11-17 16:56:45.254', '2024-11-17 16:56:45.254', NULL, 114, NULL, '30', '2 3 5 7 11 13 17 19 23 29', '2');
INSERT INTO `problem_cases` VALUES (88, '2024-11-17 16:56:58.898', '2024-11-17 16:56:58.898', NULL, 114, NULL, '50', '2 3 5 7 11 13 17 19 23 29 31 37 41 43 47', '3');
INSERT INTO `problem_cases` VALUES (89, '2024-11-17 16:57:11.718', '2024-11-17 16:57:11.718', NULL, 114, NULL, '100', '2 3 5 7 11 13 17 19 23 29 31 37 41 43 47 53 59 61 67 71 73 79 83 89 97', '4');
INSERT INTO `problem_cases` VALUES (90, '2024-11-17 16:57:33.713', '2024-11-17 16:57:33.713', NULL, 114, NULL, '2', '2', '5');
INSERT INTO `problem_cases` VALUES (91, '2024-11-17 16:57:50.450', '2024-11-17 16:57:50.450', NULL, 114, NULL, '3', '2 3', '6');
INSERT INTO `problem_cases` VALUES (92, '2024-11-17 17:03:09.620', '2024-11-17 17:03:09.620', NULL, 115, NULL, ' ', '153 370 371 407', '1');
INSERT INTO `problem_cases` VALUES (93, '2024-11-17 17:10:32.772', '2024-11-17 17:10:32.772', NULL, 116, NULL, '12', '12=2*2*3\r\n', '1');
INSERT INTO `problem_cases` VALUES (94, '2024-11-17 17:10:47.156', '2024-11-17 17:10:47.156', NULL, 116, NULL, '28', '28=2*2*7\r\n', '2');
INSERT INTO `problem_cases` VALUES (95, '2024-11-17 17:11:03.626', '2024-11-17 17:11:03.626', NULL, 116, NULL, '45', '45=3*3*5\r\n', '3');
INSERT INTO `problem_cases` VALUES (96, '2024-11-17 17:11:22.271', '2024-11-17 17:11:22.271', NULL, 116, NULL, '81', '81=3*3*3*3', '4');
INSERT INTO `problem_cases` VALUES (97, '2024-11-17 17:11:39.932', '2024-11-17 17:11:39.932', NULL, 116, NULL, '121', '121=11*11', '5');
INSERT INTO `problem_cases` VALUES (98, '2024-11-17 17:12:22.022', '2024-11-17 17:12:22.022', NULL, 116, NULL, '2', '2=2', '6');
INSERT INTO `problem_cases` VALUES (99, '2024-11-17 17:12:38.185', '2024-11-17 17:12:38.185', NULL, 116, NULL, '4', '4=2*2', '7');
INSERT INTO `problem_cases` VALUES (100, '2024-11-17 17:13:04.527', '2024-11-17 17:13:04.527', NULL, 116, NULL, '10000', '10000=2*2*2*2*5*5*5*5\r\n', '8');
INSERT INTO `problem_cases` VALUES (101, '2024-11-17 17:13:22.755', '2024-11-17 17:13:22.755', NULL, 116, NULL, '9973', '9973=9973', '9');
INSERT INTO `problem_cases` VALUES (102, '2024-11-17 17:41:27.724', '2024-11-17 17:41:27.724', NULL, 117, NULL, '12 18', '6 36', '1');
INSERT INTO `problem_cases` VALUES (103, '2024-11-17 17:41:42.209', '2024-11-17 17:41:42.209', NULL, 117, NULL, '20 30', '10 60', '2');
INSERT INTO `problem_cases` VALUES (104, '2024-11-17 17:42:01.557', '2024-11-17 17:42:01.557', NULL, 117, NULL, '8 12', '4 24', '3');
INSERT INTO `problem_cases` VALUES (105, '2024-11-17 17:42:13.624', '2024-11-17 17:42:13.624', NULL, 117, NULL, '5 7', '1 35', '4');
INSERT INTO `problem_cases` VALUES (106, '2024-11-17 17:42:24.847', '2024-11-17 17:42:24.847', NULL, 117, NULL, '25 40', '5 200', '5');
INSERT INTO `problem_cases` VALUES (107, '2024-11-17 17:42:43.847', '2024-11-17 17:42:43.847', NULL, 117, NULL, '1 1', '1 1', '6');
INSERT INTO `problem_cases` VALUES (108, '2024-11-17 17:43:41.152', '2024-11-17 17:43:41.152', NULL, 117, NULL, '1 2', '1 2', '7');
INSERT INTO `problem_cases` VALUES (109, '2024-11-17 17:43:50.574', '2024-11-17 17:43:50.574', NULL, 117, NULL, '2 4', '2 4', '8');
INSERT INTO `problem_cases` VALUES (110, '2024-11-17 17:44:17.015', '2024-11-17 17:44:17.015', NULL, 117, NULL, '9999 10000', '1 99990000', '9');
INSERT INTO `problem_cases` VALUES (111, '2024-11-17 17:49:24.336', '2024-11-17 17:49:24.336', NULL, 118, NULL, ' ', '1534', '1');
INSERT INTO `problem_cases` VALUES (112, '2024-11-17 23:53:22.302', '2024-11-17 23:53:22.302', NULL, 119, NULL, '3\r\n2 1\r\n1 1 2\r\n2 1', '0\r\n2', '1');
INSERT INTO `problem_cases` VALUES (113, '2024-11-17 23:53:49.782', '2024-11-17 23:53:49.782', NULL, 119, NULL, '4\r\n1 1 3\r\n2 1\r\n3 1\r\n2 1', '3\r\n0', '2');
INSERT INTO `problem_cases` VALUES (114, '2024-11-17 23:54:03.805', '2024-11-17 23:54:03.805', NULL, 119, NULL, '1\r\n2 1', '0', '3');
INSERT INTO `problem_cases` VALUES (115, '2024-11-17 23:54:19.849', '2024-11-24 16:59:16.904', NULL, 119, NULL, '5\r\n1 1 2\r\n1 2 3\r\n2 1\r\n2 2\r\n3 2', '2\r\n3', '4');
INSERT INTO `problem_cases` VALUES (116, '2024-11-17 23:54:37.612', '2024-11-24 17:02:22.568', NULL, 119, NULL, '10\r\n1 1 2\r\n1 2 3\r\n1 3 4\r\n1 4 5\r\n2 1\r\n2 2\r\n2 3\r\n2 4\r\n3 3\r\n2 3', '2\r\n3\r\n4\r\n5\r\n5', '5');
INSERT INTO `problem_cases` VALUES (117, '2024-11-17 23:54:53.850', '2024-11-24 17:03:22.083', NULL, 119, NULL, '6\r\n1 1 2\r\n1 2 3\r\n3 1\r\n2 1\r\n2 2\r\n2 3', '3\r\n0\r\n0', '6');
INSERT INTO `problem_cases` VALUES (118, '2024-11-17 23:55:07.918', '2024-11-17 23:55:07.918', NULL, 119, NULL, '3\r\n1 2 3\r\n2 1\r\n2 2', '0\r\n0', '7');
INSERT INTO `problem_cases` VALUES (119, '2024-11-17 23:55:24.101', '2024-11-24 17:04:08.698', NULL, 119, NULL, '7\r\n1 1 5\r\n1 5 6\r\n2 1\r\n3 5\r\n2 1\r\n2 5\r\n2 6', '5\r\n5\r\n0\r\n0', '8');
INSERT INTO `problem_cases` VALUES (120, '2024-11-18 00:14:47.978', '2024-11-18 00:15:41.568', NULL, 120, NULL, '1\r\n1', '1', '1');
INSERT INTO `problem_cases` VALUES (121, '2024-11-18 00:14:54.193', '2024-11-24 17:06:07.936', NULL, 120, NULL, '2\r\n1 2', '2 1', '2');
INSERT INTO `problem_cases` VALUES (122, '2024-11-18 00:15:29.357', '2024-11-18 00:15:29.357', NULL, 120, NULL, '7\r\n1 6 8 6 5 4 3', '3 4 5 6 8 6 1', '3');
INSERT INTO `problem_cases` VALUES (123, '2024-11-18 00:15:51.164', '2024-11-18 00:15:51.164', NULL, 120, NULL, '3\r\n1 2 3', '3 2 1', '4');
INSERT INTO `problem_cases` VALUES (124, '2024-11-18 00:16:02.377', '2024-11-18 00:16:02.377', NULL, 120, NULL, '4\r\n1 2 3 4', '4 3 2 1', '5');
INSERT INTO `problem_cases` VALUES (125, '2024-11-19 00:44:28.211', '2024-11-19 00:44:28.211', NULL, 121, NULL, '2\r\n-1 1\r\n0', '0 1', '1');
INSERT INTO `problem_cases` VALUES (126, '2024-11-19 00:44:42.678', '2024-11-24 17:13:39.671', '2024-11-24 17:15:12.995', 121, NULL, '1000\r\n1 2 3 4 5 6 7 8 9 10 11 12 13 14 15 16 17 18 19 20 21 22 23 24 25 26 27 28 29 30 31 32 33 34 35 36 37 38 39 40 41 42 43 44 45 46 47 48 49 50 51 52 53 54 55 56 57 58 59 60 61 62 63 64 65 66 67 68 69 70 71 72 73 74 75 76 77 78 79 80 81 82 83 84 85 86 87 88 89 90 91 92 93 94 95 96 97 98 99 100 101 102 103 104 105 106 107 108 109 110 111 112 113 114 115 116 117 118 119 120 121 122 123 124 125 126 127 128 129 130 120 140 150 160 170 180 190 200 210 220 230 240 250 260 270 280 290 300 310 320 330 340 350 360 370 380 390 400 410 420 430 440 450 460 470 480 490 500 510 520 530 540 550 560 570 580 590 600 610 620 630 640 650 660 670 680 690 700 710 720 730 740 750 760 770 780 790 800 810 820 830 840 850 860 870 880 890 900 910 920 930 940 950 960 970 980 990 1000\r\n200', '219 220', '2');
INSERT INTO `problem_cases` VALUES (127, '2024-11-19 00:44:55.220', '2024-11-24 17:14:27.331', NULL, 121, NULL, '3\r\n-1000000000 1000000000 0\r\n0', '0 1', '3');
INSERT INTO `problem_cases` VALUES (128, '2024-11-19 00:45:07.720', '2024-11-19 00:45:07.720', NULL, 121, NULL, '3\r\n1000000000 -1000000000 0\r\n0', '0 1', '4');
INSERT INTO `problem_cases` VALUES (129, '2024-11-19 00:45:18.706', '2024-11-19 00:45:18.706', NULL, 121, NULL, '2\r\n1 2\r\n5', '-1 -1', '5');
INSERT INTO `problem_cases` VALUES (130, '2024-11-19 00:45:32.473', '2024-11-19 00:45:32.473', '2024-11-24 17:15:18.302', 121, NULL, '1000\r\n-1 -2 -3 -4 -5 -6 -7 -8 -9 -10 -11 -12 -13 -14 -15 -16 -17 -18 -19 -20 -21 -22 -23 -24 -25 -26 -27 -28 -29 -30 -31 -32 -33 -34 -35 -36 -37 -38 -39 -40 -41 -42 -43 -44 -45 -46 -47 -48 -49 -50 -51 -52 -53 -54 -55 -56 -57 -58 -59 -60 -61 -62 -63 -64 -65 -66 -67 -68 -69 -70 -71 -72 -73 -74 -75 -76 -77 -78 -79 -80 -81 -82 -83 -84 -85 -86 -87 -88 -89 -90 -91 -92 -93 -94 -95 -96 -97 -98 -99 -100 -101 -102 -103 -104 -105 -106 -107 -108 -109 -110 -111 -112 -113 -114 -115 -116 -117 -118 -119 -120 -121 -122 -123 -124 -125 -126 -127 -128 -129 -130 -120 -140 -150 -160 -170 -180 -190 -200 -210 -220 -230 -240 -250 -260 -270 -280 -290 -300 -310 -320 -330 -340 -350 -360 -370 -380 -390 -400 -410 -420 -430 -440 -450 -460 -470 -480 -490 -500 -510 -520 -530 -540 -550 -560 -570 -580 -590 -600 -610 -620 -630 -640 -650 -660 -670 -680 -690 -700 -710 -720 -730 -740 -750 -760 -770 -780 -790 -800 -810 -820 -830 -840 -850 -860 -870 -880 -890 -900 -910 -920 -930 -940 -950 -960 -970 -980 -990 -1000\r\n2000', '-1 -1', '6');
INSERT INTO `problem_cases` VALUES (131, '2024-11-19 00:45:53.528', '2024-11-24 17:15:53.579', NULL, 121, NULL, '4\r\n2 5 7 10\r\n9', '0 2', '7');
INSERT INTO `problem_cases` VALUES (132, '2024-11-19 00:46:05.692', '2024-11-24 17:16:28.584', NULL, 121, NULL, '5\r\n3 8 1 6 9\r\n14', '1 3', '8');
INSERT INTO `problem_cases` VALUES (133, '2024-11-19 00:46:17.915', '2024-11-19 00:46:17.915', '2024-11-24 17:16:31.154', 121, NULL, '6\r\n-2 4 -5 7 1 3\r\n2', '0 4', '9');
INSERT INTO `problem_cases` VALUES (134, '2024-11-19 00:46:29.075', '2024-11-19 00:46:29.075', '2024-11-24 17:16:33.997', 121, NULL, '3\r\n10 20 30\r\n50', '0 2', '10');
INSERT INTO `problem_cases` VALUES (135, '2024-11-19 00:46:53.147', '2024-11-19 00:46:53.147', '2024-11-24 17:16:38.964', 121, NULL, '4\r\n5 5 5 5\r\n10', '0 1', '11');
INSERT INTO `problem_cases` VALUES (136, '2024-11-19 00:47:24.871', '2024-11-19 00:47:24.871', '2024-11-24 17:16:36.272', 121, NULL, '8\r\n12 25 37 41 53 62 77 89\r\n100', '2 7', '12');
INSERT INTO `problem_cases` VALUES (137, '2024-11-19 00:47:38.842', '2024-11-19 00:47:38.842', '2024-11-24 17:16:41.652', 121, NULL, '10\r\n7 15 22 31 43 57 68 72 85 91\r\n75', '1 8', '13');
INSERT INTO `problem_cases` VALUES (138, '2024-11-19 00:58:31.619', '2024-11-24 17:26:18.624', NULL, 122, NULL, 'dvdf', '3', '1');
INSERT INTO `problem_cases` VALUES (139, '2024-11-19 00:58:41.608', '2024-11-19 00:58:41.608', NULL, 122, NULL, 'abcdefgabc', '7', '2');
INSERT INTO `problem_cases` VALUES (140, '2024-11-19 00:58:52.272', '2024-11-19 00:58:52.272', NULL, 122, NULL, 'aabccbb', '3', '3');
INSERT INTO `problem_cases` VALUES (141, '2024-11-19 00:59:00.487', '2024-11-24 17:26:25.409', NULL, 122, NULL, 'cddced', '3', '4');
INSERT INTO `problem_cases` VALUES (142, '2024-11-19 00:59:06.637', '2024-11-19 00:59:06.637', NULL, 122, NULL, 'aaaaa', '1', '5');
INSERT INTO `problem_cases` VALUES (143, '2024-11-19 00:59:18.324', '2024-11-19 00:59:18.324', NULL, 122, NULL, 'qwertyuioppoiuytrewq', '10', '6');
INSERT INTO `problem_cases` VALUES (144, '2024-11-19 00:59:27.445', '2024-11-19 00:59:27.445', NULL, 122, NULL, '123321abc', '6', '7');
INSERT INTO `problem_cases` VALUES (145, '2024-11-19 00:59:38.514', '2024-11-24 17:26:52.961', NULL, 122, NULL, 'zxcvbnm,.lkjhgfdsapoiuytrewq', '28', '8');
INSERT INTO `problem_cases` VALUES (146, '2024-11-19 00:59:49.898', '2024-11-19 00:59:49.898', NULL, 122, NULL, 'abcabcabc', '3', '9');
INSERT INTO `problem_cases` VALUES (147, '2024-11-19 00:59:58.378', '2024-11-19 00:59:58.378', '2024-11-24 17:27:18.043', 122, NULL, 'mnbvcxzlkjhgfdsaqwertyuiop', '26', '10');
INSERT INTO `problem_cases` VALUES (148, '2024-11-19 01:00:16.149', '2024-11-19 01:00:16.149', NULL, 122, NULL, 'a', '1', '11');
INSERT INTO `problem_cases` VALUES (149, '2024-11-19 01:00:26.820', '2024-11-19 01:00:26.820', NULL, 122, NULL, 'aa', '1', '12');
INSERT INTO `problem_cases` VALUES (150, '2024-11-19 01:00:46.607', '2024-11-19 01:00:46.607', NULL, 122, NULL, 'aaaaaaaaaaaaaaaaaaaaaaaaaaa', '1', '13');
INSERT INTO `problem_cases` VALUES (151, '2024-11-19 01:01:08.119', '2024-11-19 01:01:08.119', '2024-11-24 17:27:43.015', 122, NULL, '0123456789abcdefghijklmnopqrstuvwxyzABCDEFGHIJKLMNOPQRSTUVWXYZ!@#$%^&*()_+-=[]{}|;\':\\\",./<>?\r\n', '95', '14');
INSERT INTO `problem_cases` VALUES (152, '2024-11-19 01:06:22.462', '2024-11-19 01:06:22.462', NULL, 123, NULL, 'babad', 'bab', '1');
INSERT INTO `problem_cases` VALUES (153, '2024-11-19 01:06:31.163', '2024-11-19 01:06:31.163', NULL, 123, NULL, 'cbbd', 'bb', '2');
INSERT INTO `problem_cases` VALUES (154, '2024-11-19 01:06:37.866', '2024-11-19 01:06:37.866', NULL, 123, NULL, 'a', 'a', '3');
INSERT INTO `problem_cases` VALUES (155, '2024-11-19 01:06:48.832', '2024-11-19 01:06:48.832', NULL, 123, NULL, 'abcdefggfedcba', 'abcdefggfedcba', '4');
INSERT INTO `problem_cases` VALUES (156, '2024-11-19 01:06:57.498', '2024-11-19 01:06:57.498', NULL, 123, NULL, 'aaaaa', 'aaaaa', '5');
INSERT INTO `problem_cases` VALUES (157, '2024-11-19 01:07:07.632', '2024-11-19 01:07:07.632', NULL, 123, NULL, 'racecar', 'racecar', '6');
INSERT INTO `problem_cases` VALUES (158, '2024-11-19 01:07:18.595', '2024-11-19 01:07:18.595', NULL, 123, NULL, 'abcddcbaefg', 'abcddcba', '7');
INSERT INTO `problem_cases` VALUES (159, '2024-11-19 01:07:29.536', '2024-11-19 01:07:29.536', NULL, 123, NULL, 'abcbaefgfedcba', 'abcba', '8');
INSERT INTO `problem_cases` VALUES (160, '2024-11-19 01:07:59.633', '2024-11-19 01:07:59.633', NULL, 123, NULL, 'aa', 'aa', '9');
INSERT INTO `problem_cases` VALUES (161, '2024-11-19 01:08:06.210', '2024-11-19 01:08:06.210', NULL, 123, NULL, 'ab', 'a', '10');
INSERT INTO `problem_cases` VALUES (162, '2024-11-19 01:08:27.035', '2024-11-19 01:08:27.035', NULL, 123, NULL, 'abcdefghijklmnopqrstuvwxyzABCDEFGHIJKLMNOPQRSTUVWXYZ0123456789', 'a', '11');
INSERT INTO `problem_cases` VALUES (163, '2024-11-19 01:15:41.317', '2024-11-19 01:15:41.317', NULL, 124, NULL, 'PAYPALISHIRING\r\n3', 'PAHNAPLSIIGYIR', '1');
INSERT INTO `problem_cases` VALUES (164, '2024-11-19 01:15:54.029', '2024-11-19 01:15:54.029', NULL, 124, NULL, 'PAYPALISHIRING\r\n4', 'PINALSIGYAHRPI', '2');
INSERT INTO `problem_cases` VALUES (165, '2024-11-19 01:16:02.974', '2024-11-19 01:16:02.974', NULL, 124, NULL, 'A\r\n1', 'A', '3');
INSERT INTO `problem_cases` VALUES (166, '2024-11-19 01:16:46.566', '2024-11-19 01:16:46.566', NULL, 124, NULL, 'XYZ\r\n5', 'XYZ', '4');
INSERT INTO `problem_cases` VALUES (167, '2024-11-19 01:17:02.024', '2024-11-24 18:13:56.948', NULL, 124, NULL, 'THISISALONGLONGSTRING\r\n5', 'TOTHLNSRIAGGISSLNNIOG', '5');
INSERT INTO `problem_cases` VALUES (168, '2024-11-19 01:17:16.585', '2024-11-19 01:17:16.585', NULL, 124, NULL, 'ABC\r\n3', 'ABC', '6');
INSERT INTO `problem_cases` VALUES (169, '2024-11-19 01:17:27.588', '2024-11-19 01:17:27.588', NULL, 124, NULL, 'ANY_STRING\r\n1', 'ANY_STRING', '7');
INSERT INTO `problem_cases` VALUES (170, '2024-11-19 01:18:08.351', '2024-11-19 01:18:08.351', '2024-11-19 01:19:13.035', 124, NULL, 'ABRACADABRA\r\n6', 'ABRBADARAAC', '8');
INSERT INTO `problem_cases` VALUES (171, '2024-11-19 01:38:45.504', '2024-11-24 18:17:29.905', NULL, 125, NULL, '123', '321', '1');
INSERT INTO `problem_cases` VALUES (172, '2024-11-19 01:38:56.789', '2024-11-19 01:38:56.789', NULL, 125, NULL, '-123', '-321', '2');
INSERT INTO `problem_cases` VALUES (173, '2024-11-19 01:39:08.469', '2024-11-19 01:39:08.469', NULL, 125, NULL, '120', '21', '3');
INSERT INTO `problem_cases` VALUES (174, '2024-11-19 01:39:16.160', '2024-11-19 01:39:16.160', NULL, 125, NULL, '0', '0', '4');
INSERT INTO `problem_cases` VALUES (175, '2024-11-19 01:39:31.728', '2024-11-19 01:39:31.728', NULL, 125, NULL, '100', '1', '5');
INSERT INTO `problem_cases` VALUES (176, '2024-11-19 01:39:41.025', '2024-11-19 01:39:41.025', NULL, 125, NULL, '987654321', '123456789', '6');
INSERT INTO `problem_cases` VALUES (177, '2024-11-19 01:39:54.096', '2024-11-19 01:39:54.096', NULL, 125, NULL, '-987654321', '-123456789', '7');
INSERT INTO `problem_cases` VALUES (178, '2024-11-19 01:40:08.473', '2024-11-24 18:18:44.567', NULL, 125, NULL, '2147483647', '0', '8');
INSERT INTO `problem_cases` VALUES (179, '2024-11-19 01:40:21.939', '2024-11-19 01:40:21.939', '2024-11-24 18:18:49.954', 125, NULL, '-2147483648', '-8463847412', '9');
INSERT INTO `problem_cases` VALUES (180, '2024-11-19 01:40:34.223', '2024-11-19 01:40:34.223', NULL, 125, NULL, '1534236469', '0', '10');
INSERT INTO `problem_cases` VALUES (181, '2024-11-19 01:41:19.607', '2024-11-19 01:41:19.607', '2024-11-24 18:18:56.425', 125, NULL, '-2147483648', '-8463847412', '11');
INSERT INTO `problem_cases` VALUES (182, '2024-11-19 01:41:36.483', '2024-11-19 01:41:36.483', '2024-11-24 18:18:59.056', 125, NULL, '2147483647', '7463847412', '12');
INSERT INTO `problem_cases` VALUES (183, '2024-11-19 01:41:56.987', '2024-11-19 01:42:20.567', NULL, 125, NULL, '10000', '1', '13');
INSERT INTO `problem_cases` VALUES (184, '2024-11-19 01:42:07.530', '2024-11-19 01:42:15.971', NULL, 125, NULL, '-1000', '-1', '14');
INSERT INTO `problem_cases` VALUES (185, '2024-11-19 01:42:50.690', '2024-11-19 01:42:50.690', '2024-11-24 18:19:06.200', 125, NULL, '-2147483640', '-463847412', '15');
INSERT INTO `problem_cases` VALUES (186, '2024-11-19 01:50:18.137', '2024-11-19 01:50:18.137', NULL, 126, NULL, '121', 'true', '1');
INSERT INTO `problem_cases` VALUES (187, '2024-11-19 01:50:27.460', '2024-11-19 01:50:27.460', NULL, 126, NULL, '-121', 'false', '2');
INSERT INTO `problem_cases` VALUES (188, '2024-11-19 01:50:37.380', '2024-11-19 01:50:37.380', NULL, 126, NULL, '10', 'false', '3');
INSERT INTO `problem_cases` VALUES (189, '2024-11-19 01:50:46.838', '2024-11-19 01:50:46.838', NULL, 126, NULL, '0', 'true', '4');
INSERT INTO `problem_cases` VALUES (190, '2024-11-19 01:50:56.080', '2024-11-19 01:50:56.080', NULL, 126, NULL, '12321', 'true', '5');
INSERT INTO `problem_cases` VALUES (191, '2024-11-19 01:51:15.356', '2024-11-19 01:51:15.356', NULL, 126, NULL, '1111', 'true', '6');
INSERT INTO `problem_cases` VALUES (192, '2024-11-19 01:51:24.322', '2024-11-19 01:51:24.322', NULL, 126, NULL, '1221', 'true', '7');
INSERT INTO `problem_cases` VALUES (193, '2024-11-19 01:51:35.864', '2024-11-19 01:51:35.864', NULL, 126, NULL, '-1111', 'false', '8');
INSERT INTO `problem_cases` VALUES (194, '2024-11-19 01:51:51.373', '2024-11-19 01:52:10.108', NULL, 126, NULL, '87655678', 'true', '9');
INSERT INTO `problem_cases` VALUES (195, '2024-11-19 01:52:52.032', '2024-11-19 01:52:52.032', NULL, 126, NULL, '985', 'false', '10');
INSERT INTO `problem_cases` VALUES (196, '2024-11-19 01:53:46.357', '2024-11-19 01:53:46.357', NULL, 126, NULL, '123123', 'false', '11');
INSERT INTO `problem_cases` VALUES (197, '2024-11-20 01:14:46.534', '2024-11-20 01:14:46.534', NULL, 127, NULL, '9\r\n1 8 6 2 5 4 8 3 7', '49', '1');
INSERT INTO `problem_cases` VALUES (198, '2024-11-20 01:15:12.233', '2024-11-20 01:15:12.233', NULL, 127, NULL, '3\r\n1 1 1', '2', '2');
INSERT INTO `problem_cases` VALUES (199, '2024-11-20 01:15:36.081', '2024-11-24 18:25:04.213', NULL, 127, NULL, '5\r\n1 8 6 2 5', '15', '3');
INSERT INTO `problem_cases` VALUES (200, '2024-11-20 01:15:48.829', '2024-11-24 18:25:50.170', NULL, 127, NULL, '6\r\n2 3 1 4 1 1', '6', '4');
INSERT INTO `problem_cases` VALUES (201, '2024-11-20 01:16:29.780', '2024-11-20 01:16:29.780', NULL, 127, NULL, '4\r\n5 3 2 4', '12', '5');
INSERT INTO `problem_cases` VALUES (202, '2024-11-20 01:25:48.414', '2024-11-20 01:25:48.414', NULL, 128, NULL, '1', '1', '1');
INSERT INTO `problem_cases` VALUES (203, '2024-11-20 01:25:51.680', '2024-11-20 01:25:51.680', NULL, 128, NULL, '2', '2', '2');
INSERT INTO `problem_cases` VALUES (204, '2024-11-20 01:26:01.155', '2024-11-20 01:26:01.155', NULL, 128, NULL, '3', '3', '3');
INSERT INTO `problem_cases` VALUES (205, '2024-11-20 01:26:08.439', '2024-11-20 01:26:08.439', NULL, 128, NULL, '4', '5', '4');
INSERT INTO `problem_cases` VALUES (206, '2024-11-20 01:26:16.051', '2024-11-20 01:26:16.051', NULL, 128, NULL, '5', '8', '5');
INSERT INTO `problem_cases` VALUES (207, '2024-11-20 01:26:24.769', '2024-11-20 01:26:24.769', NULL, 128, NULL, '6', '13', '6');
INSERT INTO `problem_cases` VALUES (208, '2024-11-20 01:26:33.573', '2024-11-20 01:26:33.573', NULL, 128, NULL, '7', '21', '7');
INSERT INTO `problem_cases` VALUES (209, '2024-11-20 01:26:42.554', '2024-11-20 01:26:42.554', NULL, 128, NULL, '8', '34', '8');
INSERT INTO `problem_cases` VALUES (210, '2024-11-20 01:31:24.157', '2024-11-20 01:31:24.157', NULL, 129, NULL, '10\r\n11', '101', '1');
INSERT INTO `problem_cases` VALUES (211, '2024-11-20 01:31:36.080', '2024-11-20 01:31:36.080', NULL, 129, NULL, '110\r\n101', '1011', '2');
INSERT INTO `problem_cases` VALUES (212, '2024-11-20 01:31:48.419', '2024-11-20 01:31:48.419', NULL, 129, NULL, '1010\r\n1010', '10100', '3');
INSERT INTO `problem_cases` VALUES (213, '2024-11-20 01:31:59.315', '2024-11-20 01:31:59.315', NULL, 129, NULL, '1\r\n1', '10', '4');
INSERT INTO `problem_cases` VALUES (214, '2024-11-20 01:32:13.032', '2024-11-20 01:32:13.032', NULL, 129, NULL, '1111\r\n1111', '11110', '5');
INSERT INTO `problem_cases` VALUES (215, '2024-11-20 01:32:22.596', '2024-11-20 01:32:22.596', NULL, 129, NULL, '1\r\n0', '1', '6');
INSERT INTO `problem_cases` VALUES (216, '2024-11-20 01:32:27.545', '2024-11-20 01:32:27.545', NULL, 129, NULL, '0\r\n1', '1', '7');
INSERT INTO `problem_cases` VALUES (217, '2024-12-01 23:32:47.545', '2024-12-01 23:32:47.545', NULL, 134, NULL, '5\r\n1 3 5 7 9\r\n1', '0', '1');
INSERT INTO `problem_cases` VALUES (218, '2024-12-01 23:33:24.599', '2024-12-01 23:33:24.599', NULL, 134, NULL, '5\r\n2 4 6 8 10\r\n10', '4', '2');
INSERT INTO `problem_cases` VALUES (219, '2024-12-01 23:33:41.615', '2024-12-01 23:33:41.615', NULL, 134, NULL, '9\r\n1 2 3 4 5 6 7 8 9\r\n5', '4', '3');
INSERT INTO `problem_cases` VALUES (220, '2024-12-01 23:33:49.288', '2024-12-01 23:33:49.288', NULL, 134, NULL, '4\r\n5 10 15 20\r\n3', '-1', '4');
INSERT INTO `problem_cases` VALUES (221, '2024-12-01 23:33:56.162', '2024-12-01 23:33:56.162', NULL, 134, NULL, '4\r\n12 14 16 18\r\n20', '-1', '5');
INSERT INTO `problem_cases` VALUES (222, '2024-12-01 23:34:07.621', '2024-12-01 23:34:07.621', NULL, 134, NULL, '1\r\n7\r\n7', '0', '6');
INSERT INTO `problem_cases` VALUES (223, '2024-12-01 23:34:15.444', '2024-12-01 23:34:15.444', NULL, 134, NULL, '1\r\n9\r\n10', '-1', '7');
INSERT INTO `problem_cases` VALUES (224, '2024-12-01 23:34:30.421', '2024-12-01 23:34:30.421', NULL, 134, NULL, '4\r\n1 3 5 7\r\n4', '-1', '8');
INSERT INTO `problem_cases` VALUES (225, '2024-12-01 23:35:26.889', '2024-12-01 23:35:26.889', NULL, 134, NULL, '10\r\n100 200 300 400 500 600 700 800 900 1000\r\n500', '4', '9');

-- ----------------------------
-- Table structure for problems
-- ----------------------------
DROP TABLE IF EXISTS `problems`;
CREATE TABLE `problems`  (
  `id` int UNSIGNED NOT NULL AUTO_INCREMENT,
  `created_at` datetime(3) NULL DEFAULT NULL,
  `updated_at` datetime(3) NULL DEFAULT NULL,
  `deleted_at` datetime(3) NULL DEFAULT NULL,
  `name` longtext CHARACTER SET utf8mb4 COLLATE utf8mb4_0900_ai_ci NULL,
  `title` longtext CHARACTER SET utf8mb4 COLLATE utf8mb4_0900_ai_ci NULL,
  `path` longtext CHARACTER SET utf8mb4 COLLATE utf8mb4_0900_ai_ci NULL,
  `number` varchar(255) CHARACTER SET utf8mb4 COLLATE utf8mb4_0900_ai_ci NULL DEFAULT NULL,
  `description` text CHARACTER SET utf8mb4 COLLATE utf8mb4_0900_ai_ci NULL,
  `enable` bigint NULL DEFAULT NULL,
  `difficulty` bigint NULL DEFAULT NULL,
  `languages` longtext CHARACTER SET utf8mb4 COLLATE utf8mb4_0900_ai_ci NULL,
  `creator_id` bigint UNSIGNED NULL DEFAULT NULL,
  `bank_id` bigint UNSIGNED NULL DEFAULT NULL,
  PRIMARY KEY (`id`) USING BTREE,
  INDEX `idx_problems_deleted_at`(`deleted_at` ASC) USING BTREE,
  INDEX `fk_problem_banks_problems`(`bank_id` ASC) USING BTREE,
  CONSTRAINT `fk_problem_banks_problems` FOREIGN KEY (`bank_id`) REFERENCES `problem_banks` (`id`) ON DELETE RESTRICT ON UPDATE RESTRICT
) ENGINE = InnoDB AUTO_INCREMENT = 135 CHARACTER SET = utf8mb4 COLLATE = utf8mb4_0900_ai_ci ROW_FORMAT = Dynamic;

-- ----------------------------
-- Records of problems
-- ----------------------------
INSERT INTO `problems` VALUES (2, '2023-07-25 10:18:28.000', '2024-11-23 21:08:17.094', NULL, '两数之和', '给两个数计算总和', '2', 'tow-sum', '# 两数之和\r\n\r\n简单\r\n给定一个整数数组 nums 和一个整数目标值 target，请你在该数组中找出 和为目标值 target  的那 两个 整数，并返回它们的数组下标。\r\n\r\n你可以假设每种输入只会对应一个答案。但是，数组中同一个元素在答案里不能重复出现。\r\n\r\n你可以按任意顺序返回答案。\r\n\r\n \r\n\r\n- 核心代码示例\r\n\r\n  示例 1：\r\n\r\n  ~~~c\r\n  输入：nums = [2,7,11,15], target = 9\r\n  输出：[0,1]\r\n  解释：因为 nums[0] + nums[1] == 9 ，返回 [0, 1] 。\r\n  ~~~\r\n\r\n  示例 2：\r\n\r\n  ~~~c\r\n  输入：nums = [3,2,4], target = 6\r\n  输出：[1,2]\r\n  ~~~\r\n\r\n  示例 3：\r\n\r\n  ~~~c\r\n  输入：nums = [3,3], target = 6\r\n  输出：[0,1]\r\n  ~~~\r\n\r\n- acm示例\r\n\r\n  示例 1：\r\n\r\n  输入：\r\n\r\n  ~~~c\r\n  4\r\n  2 7 11 15\r\n  9\r\n  ~~~\r\n\r\n  输出：\r\n\r\n  ~~~c\r\n  0 1\r\n  ~~~\r\n\r\n  \r\n\r\n  示例 2：\r\n\r\n  输入：\r\n\r\n  ~~~c\r\n  3\r\n  3 2 4\r\n  6\r\n  ~~~\r\n\r\n  输出：\r\n\r\n  ~~~c\r\n  1 2\r\n  ~~~\r\n\r\n\r\n\r\n提示：\r\n\r\n2 <= nums.length <= 104\r\n-109 <= nums[i] <= 109\r\n-109 <= target <= 109\r\n只会存在一个有效答案\r\n\r\n\r\n\r\n**进阶：你可以想出一个时间复杂度小于 O(n2) 的算法吗？**', 0, 1, 'go', NULL, 18);
INSERT INTO `problems` VALUES (91, '2023-10-09 17:33:38.987', '2024-11-23 21:08:23.339', NULL, '两数相加', '两数相加', '91', 'add-two-numbers', '# 两数相加\r\n\r\n给你两个 **非空** 的链表，表示两个非负的整数。它们每位数字都是按照 **逆序** 的方式存储的，并且每个节点只能存储 **一位** 数字。\r\n\r\n请你将两个数相加，并以相同形式返回一个表示和的链表。\r\n\r\n你可以假设除了数字 0 之外，这两个数都不会以 0 开头。\r\n\r\n- 核心代码示例\r\n\r\n  示例 1：\r\n\r\n  ~~~\r\n  输入：l1 = [2,4,3], l2 = [5,6,4]\r\n  输出：[7,0,8]\r\n  解释：342 + 465 = 807.\r\n  ~~~\r\n\r\n  示例 2：\r\n\r\n  ~~~\r\n  输入：l1 = [0], l2 = [0]\r\n  输出：[0]\r\n  ~~~\r\n\r\n  示例3：\r\n\r\n  ~~~\r\n  输入：l1 = [9,9,9,9,9,9,9], l2 = [9,9,9,9]\r\n  输出：[8,9,9,9,0,0,0,1]\r\n  ~~~\r\n\r\n- acm模式\r\n\r\n  示例1：\r\n\r\n  ~~~\r\n  3\r\n  2 4 3\r\n  3\r\n  5 6 4\r\n  ~~~\r\n\r\n  输出：\r\n\r\n  ~~~\r\n  7 0 8\r\n  ~~~\r\n\r\n  示例2：\r\n\r\n  ~~~\r\n  1\r\n  0\r\n  1\r\n  0\r\n  ~~~\r\n\r\n  输出：\r\n\r\n  ~~~\r\n  0\r\n  ~~~\r\n\r\n**提示：**\r\n\r\n- 每个链表中的节点数在范围 `[1, 100]` 内\r\n- `0 <= Node.val <= 9`\r\n- 题目数据保证列表表示的数字不含前导零', 0, 2, 'go', 1, 18);
INSERT INTO `problems` VALUES (92, '2023-10-09 17:33:45.277', '2023-10-09 17:33:45.277', '2023-10-09 18:12:34.140', '未命名题目', '标题信息', '', '未命名编号1696844024594', '给定一个整数数组 `nums `和一个整数目标值` target`，请你在该数组中找出 和为目标值 `target`  的那 两个 整数，并返回它们的数组下标。\r\n\r\n你可以假设每种输入只会对应一个答案。但是，数组中同一个元素在答案里不能重复出现。\r\n\r\n你可以按任意顺序返回答案。\r\n\r\n示例 1：\r\n\r\n~~~java\r\n输入：nums = [2,7,11,15], target = 9\r\n输出：[0,1]\r\n解释：因为 nums[0] + nums[1] == 9 ，返回 [0, 1] 。\r\n~~~\r\n\r\n示例 2：\r\n\r\n~~~java\r\n输入：nums = [3,2,4], target = 6\r\n输出：[1,2]\r\n~~~\r\n\r\n示例 3：\r\n\r\n~~~java\r\n输入：nums = [3,3], target = 6\r\n输出：[0,1]\r\n~~~\r\n\r\n\r\n提示：\r\n\r\n- `2 <= nums.length <= 104`\r\n- `-109 <= nums[i] <= 109`\r\n- `-109 <= target <= 109`\r\n  只会存在一个有效答案', -1, 1, '', 1, NULL);
INSERT INTO `problems` VALUES (93, '2024-05-18 11:06:26.015', '2024-05-18 11:06:26.015', '2024-05-18 11:16:43.276', 'test', 'test11', NULL, '111', 'test', -1, 1, 'c,java,go', 1, NULL);
INSERT INTO `problems` VALUES (94, '2024-05-18 11:16:37.806', '2024-11-23 21:08:28.870', NULL, '两数相加-01', '两数相加-01', NULL, 'sum-01', '# 两数之和\r\n\r\n简单\r\n输入两个数字，求其之和，并输出结果\r\n\r\n- 核心代码示例\r\n\r\n  示例 1：\r\n\r\n  ~~~\r\n  输入：1 2\r\n  输出：3\r\n  解释：1 + 2 = 3\r\n  ~~~\r\n\r\n  示例 2：\r\n\r\n  ~~~\r\n  输入：100 500\r\n  输出：600\r\n  ~~~\r\n\r\n\r\n提示：\r\n-10000 <= a <= 10000\r\n只会存在一个有效答案\r\n', 0, 1, 'go', 1, 18);
INSERT INTO `problems` VALUES (95, '2024-05-18 11:26:38.385', '2024-05-18 11:26:41.945', '2024-08-29 00:37:20.181', 'test', '111', NULL, 'test', '111', 1, 1, 'c,java,go', 1, 15);
INSERT INTO `problems` VALUES (96, '2024-05-18 11:50:26.667', '2024-05-18 11:50:26.667', '2024-05-18 11:51:09.285', 'test', '11111', NULL, 'test-1', '111', -1, 1, 'c,java,go', 1, 15);
INSERT INTO `problems` VALUES (97, '2024-08-29 00:40:16.148', '2024-11-24 15:02:16.767', NULL, '二叉树测试', '二叉树测试', NULL, 'binary-tree-test', '# 二叉树测试', -1, 1, 'go', 1, 18);
INSERT INTO `problems` VALUES (98, '2024-11-08 00:11:53.922', '2024-11-24 15:02:17.383', NULL, '数组测试', '标题信息', NULL, 'array-test1', '## 数组测试', -1, 1, 'go', 1, 18);
INSERT INTO `problems` VALUES (99, '2024-11-13 23:54:58.752', '2024-11-24 15:02:18.102', NULL, '链表测试', '链表测试', NULL, 'link-test', '# 链表测试', -1, 1, 'go', 1, 18);
INSERT INTO `problems` VALUES (100, '2024-11-17 11:11:56.554', '2024-11-23 21:09:08.836', NULL, 'Hello world', '控制台输出Hello wold', NULL, 'hello-world', '# 世界你好\r\n\r\nHello World是一个最著名的程序。对每一位程序员来说，这个程序几乎是每一门编程语言中的第一个示例程序。\r\n\r\n请使用你的语言在控制台输出`Hello world`吧。\r\n\r\n输入：无\r\n输出：\r\n\r\n~~~c\r\nHello world\r\n~~~\r\n', 1, 1, 'go', 1, 16);
INSERT INTO `problems` VALUES (101, '2024-11-17 11:22:14.771', '2024-11-23 21:09:02.779', NULL, '99乘法表', '输出99乘法表', NULL, 'multiplication-table', '# 99乘法表\r\n\r\n请使用循环语句在控制台输出99乘法表。\r\n\r\n\r\n## 示例\r\n输入：无\r\n\r\n输出：\r\n\r\n~~~c\r\n1*1=1\r\n1*2=2 2*2=4\r\n1*3=3 2*3=6 3*3=9\r\n1*4=4 2*4=8 3*4=12 4*4=16\r\n1*5=5 2*5=10 3*5=15 4*5=20 5*5=25\r\n1*6=6 2*6=12 3*6=18 4*6=24 5*6=30 6*6=36\r\n1*7=7 2*7=14 3*7=21 4*7=28 5*7=35 6*7=42 7*7=49\r\n1*8=8 2*8=16 3*8=24 4*8=32 5*8=40 6*8=48 7*8=56 8*8=64\r\n1*9=9 2*9=18 3*9=27 4*9=36 5*9=45 6*9=54 7*9=63 8*9=72 9*9=81\r\n~~~\r\n\r\n', 1, 1, 'go', 1, 16);
INSERT INTO `problems` VALUES (102, '2024-11-17 11:25:31.277', '2024-11-23 21:08:57.380', NULL, 'A+B', '两数相加', NULL, 'A-add-B', '# A + B\r\n\r\n输入两个自然数，输出他们的和。\r\n\r\n## 示例\r\n\r\n输入：\r\n\r\n~~~c\r\n1 2\r\n~~~\r\n\r\n输出：\r\n\r\n~~~c\r\n3\r\n~~~\r\n\r\n解释：1 + 2 = 3\r\n\r\n', 1, 1, 'go', 1, 16);
INSERT INTO `problems` VALUES (103, '2024-11-17 11:33:18.041', '2024-11-23 21:08:51.000', NULL, 'n个数之和', 'n个数之和', NULL, 'n-numbers-sum', '# N数相加\r\n\r\n输入N个自然数，求其总合\r\n\r\n\r\n\r\n## 格式\r\n\r\n输入格式：\r\n\r\n~~~c\r\nn\r\na b c d e\r\n~~~\r\n\r\n解释：n为输入自然数的数量，a b c d e为要相加的自然数\r\n\r\n\r\n\r\n## 示例\r\n\r\n输入：\r\n\r\n~~~c\r\n3\r\n6 8 9\r\n~~~\r\n\r\n输出：\r\n\r\n~~~c\r\n23\r\n~~~\r\n\r\n解释：6+8+9=23\r\n\r\n', 1, 1, 'go', 1, 16);
INSERT INTO `problems` VALUES (104, '2024-11-17 11:51:49.097', '2024-11-23 21:09:21.136', NULL, '加法替代乘法', '加法替代乘法', NULL, 'add-instead-mult', '# 加法替代乘法\r\n\r\n输入a b，请输出a * b的结果。但是不能使用 * 运算符\r\n\r\n\r\n\r\n\r\n\r\n## 示例\r\n\r\n### 示例1\r\n\r\n**输入：**\r\n\r\n~~~c\r\n9 8\r\n~~~\r\n\r\n**输出：**\r\n\r\n~~~c\r\n72\r\n~~~\r\n\r\n**解释：** `9 * 8 = 72`\r\n\r\n### 示例2\r\n\r\n**输入：**\r\n\r\n~~~c\r\n0 1232\r\n~~~\r\n\r\n**输出：**\r\n\r\n~~~c\r\n0\r\n~~~\r\n\r\n**解释：**`0 * 1234234 = 0`\r\n\r\n\r\n\r\n\r\n\r\n**提示：**\r\n\r\n- `0 <= a <= 10000  `\r\n- `0 <= b <= 10000  `\r\n- **只会存在一个有效答案**', 1, 1, 'go', 1, 16);
INSERT INTO `problems` VALUES (105, '2024-11-17 12:04:16.823', '2024-11-23 21:09:25.859', NULL, '最大值 ', '寻找输入数字中的最大值', NULL, 'max-number', '# 最大值 \r\n\r\n输入n个整数，编写程序找出这n个数中的最大值并输出。 \r\n\r\n\r\n\r\n## 格式\r\n\r\n**输入格式：**\r\n\r\n~~~c\r\nn\r\na b c d e f g\r\n~~~\r\n\r\n第一行输入一个整数 n（1 <= n <= 1000），表示要输入数字的个数。\r\n第二行输入 n 个整数，整数之间用空格隔开。\r\n\r\n\r\n\r\n\r\n\r\n## 示例 \r\n\r\n### 示例1\r\n\r\n **输入：**\r\n\r\n~~~c\r\n5\r\n3 8 1 9 4\r\n~~~\r\n\r\n**输出：**\r\n\r\n~~~c\r\n9\r\n~~~\r\n\r\n**解释：** 输入了 5 个数，分别为 3、8、1、9、4，其中最大值是 9。\r\n\r\n\r\n\r\n### 示例 2\r\n\r\n **输入：**\r\n\r\n~~~c\r\n3\r\n0 0 0\r\n~~~\r\n\r\n**输出：**\r\n\r\n~~~c\r\n0\r\n~~~\r\n\r\n**解释：** 输入的 3 个数都是 0，最大值就是 0。\r\n\r\n\r\n\r\n**提示：**\r\n\r\n- 输入的整数范围是 [-10000, 10000]。', 1, 1, 'go', 1, 16);
INSERT INTO `problems` VALUES (106, '2024-11-17 12:11:06.933', '2024-11-24 15:22:39.624', NULL, '最大最小值', '寻找输入数字中的最大值和最小值', NULL, 'max-min-number', '# 最大最小值\r\n\r\n输入n个整数，编写程序找出这n个数中的最大值和最小值并输出。 \r\n\r\n\r\n\r\n## 格式\r\n\r\n**输入格式：**\r\n\r\n~~~c\r\nn\r\na b c d e f g\r\n~~~\r\n\r\n第一行输入一个整数 n（1 <= n <= 1000），表示要输入数字的个数。\r\n第二行输入 n 个整数，整数之间用空格隔开。\r\n\r\n\r\n\r\n\r\n\r\n## 示例 \r\n\r\n### 示例1\r\n\r\n **输入：**\r\n\r\n~~~c\r\n5\r\n3 8 1 9 4\r\n~~~\r\n\r\n**输出：**\r\n\r\n~~~c\r\n9 1\r\n~~~\r\n\r\n**解释：** 输入了 5 个数，分别为 3、8、1、9、4，其中最大值是 9，最小值是1。\r\n\r\n\r\n\r\n### 示例 2\r\n\r\n **输入：**\r\n\r\n~~~c\r\n3\r\n0 0 0\r\n~~~\r\n\r\n**输出：**\r\n\r\n~~~c\r\n0 0\r\n~~~\r\n\r\n**解释：** 输入的 3 个数都是 0，最大值是 0，最小值也是0。\r\n\r\n&nbsp;\r\n\r\n\r\n**提示：**\r\n\r\n- 输入的整数范围是 [-10000, 10000]。\r\n\r\n', 1, 1, 'go', 1, 16);
INSERT INTO `problems` VALUES (107, '2024-11-17 15:13:38.649', '2024-11-23 21:09:34.716', NULL, '3的倍数', '输出[1-n]中3的倍数', NULL, 'mult-of-three', '# 3的倍数\r\n\r\n输入n，输出[1-n]中所有3的倍数。\r\n\r\n无3的倍数则输出-1。\r\n\r\n\r\n\r\n## 示例\r\n\r\n### 示例1\r\n\r\n**输入：**\r\n\r\n~~~c\r\n99\r\n~~~\r\n\r\n**输出：**\r\n\r\n~~~c\r\n3 6 9 12 15 18 21 24 27 30 33 36 39 42 45 48 51 54 57 60 63 66 69 72 75 78 81 84\r\n 87 90 93 96 99\r\n~~~\r\n\r\n**解释：** 输入n为100，所以范围是[1-99]，输出的这些数是其中为 3 的倍数的数。\r\n\r\n\r\n\r\n### 示例2\r\n\r\n**输入：**\r\n\r\n~~~c\r\n1\r\n~~~\r\n\r\n**输出：**\r\n\r\n~~~c\r\n-1\r\n~~~\r\n\r\n**解释：** [1-1]中无3的倍数，输出-1。', 1, 1, 'go', 1, 16);
INSERT INTO `problems` VALUES (108, '2024-11-17 15:28:36.413', '2024-11-23 21:09:40.715', NULL, 'a的倍数', '求[0-n]中a的倍数', NULL, 'mult-of-a', '# a的倍数\r\n\r\n输入n和a，输出[0-n]中所有a的倍数。\r\n\r\n无a的倍数则输出-1。\r\n\r\n\r\n\r\n## 格式\r\n\r\n**输入格式：**\r\n\r\n~~~c\r\nn a\r\n~~~\r\n\r\n输入两个数，并用空格隔开，第一个数为n，第二个数为a。\r\n\r\n\r\n\r\n## 示例\r\n\r\n### 示例1\r\n\r\n**输入：**\r\n\r\n~~~c\r\n99 3\r\n~~~\r\n\r\n**输出：**\r\n\r\n~~~c\r\n0 3 6 9 12 15 18 21 24 27 30 33 36 39 42 45 48 51 54 57 60 63 66 69 72 75 78 81 84\r\n 87 90 93 96 99\r\n~~~\r\n\r\n**解释：** 输入n为99，所以范围为[0-99]，输入a为3，所以求3的倍数。[0-99]中3的倍数为`0 3 6 9 12 15 18 21 24 27 30 33 36 39 42 45 48 51 54 57 60 63 66 69 72 75 78 81 84\r\n 87 90 93 96 99`\r\n\r\n\r\n\r\n### 示例2\r\n\r\n**输入：**\r\n\r\n~~~c\r\n10 1\r\n~~~\r\n\r\n**输出：**\r\n\r\n~~~c\r\n0 1 2 3 4 5 6 7 8 9 10\r\n~~~\r\n\r\n**解释：**[0-10]中1的倍数为[0-10]的所有数\r\n\r\n\r\n\r\n**提示：**\r\n\r\n- n和a均为自然数\r\n\r\n- `0 < n, a <= 10000`', 1, 1, 'go', 1, 16);
INSERT INTO `problems` VALUES (109, '2024-11-17 15:49:18.917', '2024-11-24 15:47:48.849', NULL, '无重复数字的三位数', '求1、2、3、4组成的无重复数字的三位数', NULL, 'three-digits-no-repeat-nums', '# 无重复数字的三位数\r\n\r\n给定数字 1、2、3、4，编写程序计算能组成多少个互不相同且无重复数字的三位数，并输出这些三位数。\r\n\r\n\r\n\r\n## 示例\r\n\r\n**输入：** 无\r\n\r\n**输出：**\r\n\r\n```c\r\n123 124 132 134 142 143 213 214 231 234 241 243 312 314 321 324 341 342 412 413 421 423 431 432\r\n```\r\n\r\n**解释：** 通过对 1、2、3、4 这四个数字进行排列组合，组成了 24 个互不相同且无重复数字的三位数。\r\n\r\n&nbsp;\r\n\r\n**提示：**\r\n- 可通过循环嵌套等方式依次遍历每个数位上可能出现的数字，从而找出所有满足条件的三位数。\r\n- 要注意每个数位上的数字不能重复。', 1, 1, 'go', 1, 16);
INSERT INTO `problems` VALUES (110, '2024-11-17 16:00:52.354', '2024-11-24 15:54:28.942', NULL, '日期转天数', '输入日期求这一天是该年第几天', NULL, 'date-to-day-number', '# 日期转天数\r\n\r\n输入某年某月某日，编写程序判断这一天是该年的第几天？\r\n\r\n\r\n\r\n## 格式\r\n\r\n**输入格式：**\r\n\r\n~~~c\r\nyear month day\r\n~~~\r\n\r\n在一行中输入三个整数，分别表示年（year）、月（month）、日（day）。\r\n\r\n\r\n\r\n-  `1 <= year <= 9999`\r\n- `1 <= month <= 12`\r\n- 日的取值范围需根据不同月份的天数规则来确定（例如 1、3、5、7、8、10、12 月有 31 天，4、6、9、11 月有 30 天，闰年 2 月有 29 天，平年 2 月有 28 天）。\r\n\r\n\r\n\r\n## 示例\r\n\r\n### 示例 1\r\n\r\n**输入：**\r\n\r\n~~~c\r\n2024 1 1\r\n~~~\r\n\r\n**输出：**\r\n\r\n~~~c\r\n1\r\n~~~\r\n\r\n**解释：** 2024 年 1 月 1 日是这一年的第 1 天。\r\n\r\n\r\n\r\n### 示例 2\r\n\r\n**输入：**\r\n\r\n~~~c\r\n2024 2 29\r\n~~~\r\n\r\n**输出：**\r\n\r\n~~~c\r\n2024 2 29\r\n~~~\r\n\r\n**解释：** 2024 年是闰年，2 月有 29 天，到 2 月 29 日时是这一年的第 60 天。\r\n\r\n\r\n\r\n### 示例 3\r\n\r\n**输入：**\r\n\r\n~~~c\r\n2023 3 15\r\n~~~\r\n\r\n**输出：**\r\n\r\n~~~c\r\n74\r\n~~~\r\n\r\n**解释：** 2023 年是平年，1 月有 31 天，2 月有 28 天，到 3 月 15 日时经过的天数为 31 + 28 + 15 = 74 天，所以是这一年的第 74 天。\r\n\r\n&nbsp;\r\n\r\n**提示：**\r\n\r\n- 需要判断输入的年份是否为闰年，闰年的判断规则为：能被 4 整除但不能被 100 整除的年份为闰年，此外能被 400 整除的年份也是闰年。\r\n- 根据不同月份的天数规则准确计算到输入日期时经过的天数。', 1, 1, 'go', 1, 16);
INSERT INTO `problems` VALUES (111, '2024-11-17 16:15:25.077', '2024-11-23 21:10:10.916', NULL, '三个整数排序', '三个整数排序', NULL, 'three-num-sort', '# 三个整数排序\r\n\r\n输入三个整数 x、y、z，编写程序将这三个数按照由小到大的顺序输出。\r\n\r\n## 格式\r\n\r\n**输入格式：**\r\n\r\n~~~c\r\nx y z\r\n~~~\r\n\r\n在一行中输入三个整数 x、y、z，并以空格分隔。\r\n\r\n- x、y、z均为欸整数\r\n\r\n- `-1000 <= x、y、z <= 1000`\r\n\r\n## 示例\r\n\r\n### 示例1\r\n\r\n**输入：**\r\n\r\n~~~c\r\n3 1 2\r\n~~~\r\n\r\n**输出：**\r\n\r\n~~~c\r\n1 2 3\r\n~~~\r\n\r\n**解释：** 将输入的 3、1、2 从小到大排序后输出为 1、2、3。\r\n\r\n### 示例2\r\n\r\n**输入：**\r\n\r\n~~~c\r\n-5 0 5\r\n~~~\r\n\r\n**输出：**\r\n\r\n~~~c\r\n-5 0 5\r\n~~~\r\n\r\n**解释：** -5 小于 0 小于 5，按从小到大输出。', 1, 1, 'go', 1, 16);
INSERT INTO `problems` VALUES (112, '2024-11-17 16:28:19.754', '2024-11-23 21:10:06.716', NULL, '绘制国际象棋棋盘', '绘制国际象棋棋盘', NULL, 'draw-chessboard.', '# 绘制国际象棋棋盘\r\n\r\n编写程序输出国际象棋棋盘的图案。国际象棋棋盘是 8×8 的方格，棋盘上颜色交替，通常浅色（如白色）和深色（如黑色）交替出现。\r\n\r\n## 格式\r\n\r\n**输出格式：**\r\n\r\n用特定符号 “#”表示黑色方格，而且第一个方格为白格。\r\n\r\n## 示例\r\n\r\n**输入：**无\r\n\r\n**输出：**\r\n\r\n~~~C\r\n # # # #\r\n# # # # \r\n # # # #\r\n# # # # \r\n # # # #\r\n# # # # \r\n # # # #\r\n# # # # \r\n~~~\r\n\r\n**提示：**\r\n\r\n- 可以使用循环（如 for 循环）来控制行和列的输出，以实现 8×8 方格的图案。\r\n- 考虑如何实现颜色交替的逻辑，可以通过判断行和列的索引的奇偶性等方法来实现。', 1, 1, 'go', 1, 16);
INSERT INTO `problems` VALUES (113, '2024-11-17 16:44:20.029', '2024-11-24 16:29:21.328', NULL, '兔子生崽', '兔子生崽', NULL, 'rabbit-birth', '# 兔子生崽\r\n\r\n古典问题（兔子生崽）：有一对兔子，从出生后第3个月起每个月都生一对兔子，小兔子长到第三个月后每个月又生一对兔子，假如兔子都不死，问每个月的兔子有几对？\r\n\r\n## 格式\r\n\r\n**输入格式：**\r\n\r\n~~~c\r\nn\r\n~~~\r\n\r\n输入一个整数`n`（1 <= n <= 30），表示要查询的月份数。\r\n\r\n## 示例\r\n\r\n### 示例 1\r\n\r\n**输入：**\r\n\r\n~~~c\r\n1\r\n~~~\r\n\r\n**输出：**\r\n\r\n~~~c\r\n1\r\n~~~\r\n\r\n**解释：** 第 1 个月只有最初的 1 对兔子。\r\n\r\n### 示例 2\r\n\r\n**输入：**\r\n\r\n~~~c\r\n2\r\n~~~\r\n\r\n**输出：**\r\n\r\n~~~c\r\n1\r\n~~~\r\n\r\n**解释：** 第 2 个月还是最初的 1 对兔子，因为还没到繁殖时间。\r\n\r\n### 示例 3\r\n\r\n**输入：**\r\n\r\n~~~c\r\n3\r\n~~~\r\n\r\n**输出：**\r\n\r\n~~~c\r\n2\r\n~~~\r\n\r\n**解释：** 最初的兔子开始繁殖，所以共有 2 对兔子。\r\n\r\n### 示例 4\r\n\r\n**输入：**\r\n\r\n~~~c\r\n4\r\n~~~\r\n\r\n**输出：**\r\n\r\n~~~c\r\n3\r\n~~~\r\n\r\n**解释：** 第 1 对兔子继续繁殖，第 2 对兔子还未繁殖，共有 3 对兔子。\r\n\r\n### 示例 5\r\n\r\n**输入：**\r\n\r\n~~~c\r\n5\r\n~~~\r\n\r\n**输出：**\r\n\r\n~~~c\r\n5\r\n~~~\r\n\r\n**解释：** 第 1 对兔子和它第 3 个月生的那对兔子繁殖，第 2 对兔子繁殖，共 5 对兔子。\r\n\r\n&nbsp;\r\n\r\n**提示：**\r\n\r\n- 本题可通过分析发现兔子对数符合斐波那契数列规律（从第 3 项起，每一项都等于前两项之和），可以利用这个规律来计算。\r\n- 注意输入月份的范围限制。\r\n\r\n', 1, 1, 'go', 1, 16);
INSERT INTO `problems` VALUES (114, '2024-11-17 16:55:49.817', '2024-11-24 16:30:30.889', NULL, '1-n之间的素数', '求1-n之间的素数', NULL, 'prime-number', '# 1-n之间的素数\r\n\r\n编写程序，实现输入一个整数`n`，输出 0 到`n`之间（包括 0 和`n`）的所有素数。\r\n\r\n## 格式\r\n\r\n**输入格式：**\r\n\r\n~~~c\r\nn\r\n~~~\r\n\r\n- `2 <= n <= 1000`\r\n\r\n## 示例\r\n\r\n### 示例 1\r\n\r\n**输入：**\r\n\r\n~~~c\r\n10\r\n~~~\r\n\r\n**输出：**\r\n\r\n~~~c\r\n2 3 5 7\r\n~~~\r\n\r\n**解释：** 1 - 10 之间的素数为 2、3、5、7。\r\n\r\n### 示例 2\r\n\r\n**输入：**\r\n\r\n~~~c\r\n20\r\n~~~\r\n\r\n**输出：**\r\n\r\n~~~c\r\n2 3 5 7 11 13 17 19\r\n~~~\r\n\r\n**解释：** 这些数在 1 - 20 之间且都是素数，素数是指一个大于 1 且除了 1 和它自身外，不能被其他自然数整除的数。\r\n\r\n&nbsp;\r\n\r\n**提示：**\r\n\r\n- 除了1和它自身外，不能被其他自然数整除的数叫做素数\r\n\r\n- 可以使用循环来遍历从 2 到`n`的每个数，对于每个数再通过内层循环判断它是否为素数（例如，判断一个数`m`是否为素数，可以从 2 遍历到`sqrt(m)`，看是否能整除`m`）。\r\n- 注意边界情况，1 不是素数，从 2 开始判断。\r\n- 还有时间复杂度更低的算法吗？', 1, 1, 'go', 1, 16);
INSERT INTO `problems` VALUES (115, '2024-11-17 17:02:51.246', '2024-11-24 16:42:39.276', NULL, '水仙花数', '输出所有水仙花数', NULL, 'armstrong-number', '# 水仙花数\r\n\r\n编写程序找出并打印所有的水仙花数。水仙花数是指一个三位数，其各位数字的立方和等于该数本身。\r\n\r\n\r\n\r\n## 示例\r\n\r\n**输入：** 无\r\n\r\n**输出：**\r\n\r\n~~~c\r\n153 370 371 407\r\n~~~\r\n\r\n**解释：**\r\n\r\n- 对于153，1^3 + 5^3 + 3^3 = 1 + 125 + 27 = 153。\r\n-  对于370，3^3 + 7^3 + 0^3 = 27 + 343 + 0 = 370。\r\n- 对于371，3^3 + 7^3 + 1^3 = 27 + 343 + 1 = 371。\r\n-  对于407，4^3 + 0^3 + 7^3 = 64 + 0 + 343 = 407。 \r\n\r\n&nbsp;\r\n\r\n**提示：** 可以使用循环遍历所有的三位数（从100到999）。 对于每个数，通过取模运算和除法运算分离出个位、十位和百位数字，然后计算各位数字的立方和，并与原数比较。', 1, 1, 'go', 1, 16);
INSERT INTO `problems` VALUES (116, '2024-11-17 17:09:44.623', '2024-11-23 21:10:29.934', NULL, '分解质因数', '分解质因数', NULL, 'prime-factorization', '# 分解质因数\r\n\r\n编写程序，实现输入一个正整数，将其分解质因数并输出，格式为该数等于其质因数的乘积。\r\n\r\n## 格式\r\n\r\n**输入格式：**\r\n\r\n```python\r\nn\r\n```\r\n\r\n输入一个正整数`n`（2 <= n <= 10000）。\r\n\r\n**输出格式：**\r\n\r\n~~~c\r\n90=2*3*3*5\r\n~~~\r\n\r\n格式为`n=a*b*c`，n为输入的整数，a、b、c为分解的质因数\r\n\r\n## 示例\r\n\r\n### 示例 1\r\n\r\n**输入：**\r\n\r\n~~~c\r\n90\r\n~~~\r\n\r\n**输出：**\r\n\r\n~~~c\r\n90=2*3*3*5\r\n~~~\r\n\r\n**解释：** 2、3、5 都是质数，90 可以分解为 2×3×3×5。\r\n\r\n### 示例 2\r\n\r\n**输入：**\r\n\r\n~~~c\r\n20\r\n~~~\r\n\r\n**输出：**\r\n\r\n~~~c\r\n20=2*2*5\r\n~~~\r\n\r\n**解释：** 2 和 5 是质数，20 可分解为 2×2×5。\r\n\r\n### 示例 3\r\n\r\n**输入：**\r\n\r\n~~~c\r\n7\r\n~~~\r\n\r\n**输出：**\r\n\r\n~~~c\r\n7=7\r\n~~~\r\n\r\n**解释：** 7 本身是质数，它的质因数就是它自己。\r\n\r\n\r\n\r\n**提示：**\r\n\r\n- 可以从最小的质数 2 开始，判断输入的数能否被其整除，如果能，则该数是其质因数，然后用商继续分解；如果不能，就尝试下一个质数。', 1, 1, 'go', 1, 16);
INSERT INTO `problems` VALUES (117, '2024-11-17 17:40:46.523', '2024-11-24 16:45:33.550', NULL, '最大公约数与最小公倍数', '最大公约数与最小公倍数', NULL, 'gcd-and-lcm', '# 最大公约数与最小公倍数\r\n\r\n编写程序，实现输入两个正整数`m`和`n`，计算并输出它们的最大公约数和最小公倍数。\r\n\r\n## 格式\r\n\r\n**输入格式：**\r\n\r\n在一行中输入两个正整数`m`和`n`，中间用空格隔开。示例：\r\n\r\n~~~c\r\nm n\r\n~~~\r\n\r\n- `1 <= m <= 10000`\r\n- `1 <= n <= 10000`。\r\n\r\n**输出格式：**\r\n\r\n在一行中先输出最大公约数，然后输出一个空格，再输出最小公倍数。示例：\r\n\r\n~~~c\r\na b\r\n~~~\r\n\r\na为最大公约数，b为最小公倍数\r\n\r\n## 示例\r\n\r\n### 示例 1\r\n\r\n**输入：**\r\n\r\n~~~c\r\n12 18\r\n~~~\r\n\r\n**输出：**\r\n\r\n~~~c\r\n6 36\r\n~~~\r\n\r\n**解释：**\r\n\r\n- 12 的约数有：1、2、3、4、6、12。\r\n- 18 的约数有：1、2、3、6、9、18。\r\n  所以它们的最大公约数是 6。\r\n- 12 和 18 的倍数有：\r\n  - 12 的倍数：12、24、36、48、60、72……\r\n  - 18 的倍数：18、36、54、72、90、108……\r\n    所以它们的最小公倍数是 36。\r\n\r\n&nbsp;\r\n\r\n\r\n**提示：**\r\n\r\n- 求最大公约数可以使用辗转相除法（欧几里得算法），即：用较大数除以较小数得到商和余数，再用除数和余数反复做除法运算，当余数为 0 时，取除数就是最大公约数。\r\n- 求最小公倍数可以利用公式：两数的最小公倍数 = 两数之积 / 最大公约数。', 1, 1, 'go', 1, 16);
INSERT INTO `problems` VALUES (118, '2024-11-17 17:49:11.520', '2024-11-24 16:54:40.319', NULL, '猴子吃桃问题', '猴子吃桃问题', NULL, 'monkey-peach', '# 猴子吃桃问题\r\n\r\n编写程序求解猴子吃桃问题。已知猴子每天早上吃前一天剩下桃子的一半零一个，到第 10 天早上只剩下一个桃子，求出猴子第一天共摘了多少个桃子。\r\n\r\n## 示例\r\n\r\n**输入：** 无\r\n\r\n**输出：**\r\n\r\n```c\r\n1534\r\n```\r\n\r\n**解释：** 通过从第 10 天剩下的 1 个桃子逐步倒推计算，可得出第一天摘的桃子数为 1534 个。\r\n\r\n&nbsp;\r\n\r\n**提示：**\r\n\r\n- 可以从第 10 天剩下 1 个桃子开始，使用循环逆向计算每天桃子的数量。设第 n 天桃子数量为`num[n]`，则`num[n - 1] = (num[n] + 1) * 2`，通过循环从第 10 天倒推到第一天，即可求出第一天摘的桃子数。', 1, 1, 'go', 1, 16);
INSERT INTO `problems` VALUES (119, '2024-11-17 23:33:32.770', '2024-11-24 16:57:02.906', NULL, '单向链表', '单向链表', NULL, 'singly-link-list', '# 单向链表\r\n\r\n输入一系列操作指令，请根据这些指令对一张初始只有一个元素 `1` 的表进行相应操作，并输出查询操作的结果。操作类型及含义如下：\r\n\r\n**操作 1：插入元素**\r\n\r\n- 操作格式：`1 x y`\r\n- 含义：将元素 `y` 插入到元素 `x` 之后，如果 `x` 不存在于列表中则不执行插入操作，保持列表原状。\r\n\r\n**操作 2：查询后继元素**\r\n\r\n- 操作格式：`2 x`\r\n- 含义：询问元素 `x` 之后紧接着的元素是什么。若 `x` 是列表中的最后一个元素，则输出 `0`。\r\n\r\n**操作 3：删除后继元素**\r\n\r\n- 操作格式：`3 x`\r\n- 含义：从列表中删除元素 `x` 之后紧接着的那个元素，若 `x` 不存在于列表中或者 `x` 是列表中的最后一个元素，则不执行删除操作，列表保持不变。\r\n\r\n## 格式\r\n\r\n**输入格式：**\r\n\r\n第一行包含一个整数`n`，表示操作的数量。\r\n\r\n接下来`n`行，每行表示一个操作，格式如上述所描述。\r\n\r\n**输出格式：**\r\n\r\n对于每个查询操作（操作类型为`2`），输出对应的结果，每个结果占一行。\r\n\r\n**限制条件：**\r\n\r\n- `1 <= n <= 1000`\r\n- 操作中的 `x` 和 `y` 满足 `1 <= x <= 10000`，`1 <= y <= 10000`\r\n- **只会存在一个有效答案**\r\n\r\n## 示例\r\n\r\n**输入：**\r\n\r\n~~~c\r\n5\r\n1 1 2\r\n2 1\r\n1 2 3\r\n2 2\r\n3 1\r\n~~~\r\n\r\n**输出：**\r\n\r\n~~~c\r\n2\r\n3\r\n0\r\n~~~\r\n\r\n**解释：**\r\n\r\n- 首先执行操作 `1 1 2`，将 `2` 插入到 `1` 之后，此时列表为 `[1, 2]`，执行操作 `2 1`，查询 `1` 之后紧接着的元素，输出 `2`。\r\n- 接着执行操作 `1 2 3`，将 `3` 插入到 `2` 之后，列表变为 `[1, 2, 3]`，执行操作 `2 2`，查询 `2` 之后紧接着的元素，输出 `3`。\r\n- 最后执行操作 `3 1`，删除 `1` 之后紧接着的元素 `2`，此时列表变为 `[1, 3]`，再次执行操作 `2 2`（此时 `2` 已不存在于列表，但按规则查询 `2` 之后紧接着的元素应输出 `0`），输出 `0`。\r\n\r\n&nbsp;\r\n\r\n**提示：**\r\n\r\n- 可以考虑使用链表、数组或者其他合适的数据结构来实现，需要注意处理各种边界情况，比如元素不存在、列表为空等情况。\r\n- 若使用数组实现，在执行插入和删除操作时，可能需要对数组进行适当的调整，以保证列表的连贯性和正确性。\r\n- 若使用链表实现，要注意节点的连接和断开操作，确保链表的结构完整性。', 1, 2, 'go', 1, 15);
INSERT INTO `problems` VALUES (120, '2024-11-18 00:14:32.725', '2024-11-23 21:10:55.556', NULL, '反转单链表', '反转单链表', NULL, 'reverse-singly-link-list', '# 反转单链表\r\n\r\n给定一个单链表，链表长度为`n`。要求在空间复杂度为，时间复杂度为的条件下，反转该链表，并返回新链表的表头\r\n\r\n\r\n\r\n## 格式\r\n\r\n**输入格式：**\r\n\r\n第一行输入一个整数`n`，表示单链表的长度。\r\n\r\n接下来一行有`n`个数，每个数以空格隔开，表示单链表节点的值，按照链表顺序依次输入，第一个输入的值即为头节点`pHead`的值。\r\n\r\n## 示例\r\n\r\n**输入：**\r\n\r\n~~~c\r\n3\r\n1 2 3\r\n~~~\r\n\r\n**输出：**\r\n\r\n```plaintext\r\n3 2 1\r\n```\r\n\r\n**解释：**\r\n如题目描述，原链表为`{1, 2, 3}`，经反转后变为`{3, 2, 1}`，所以输出为`3 2 1`。', 1, 2, 'go', 1, 15);
INSERT INTO `problems` VALUES (121, '2024-11-19 00:43:43.792', '2024-11-24 17:17:07.339', NULL, '两数之和', '两数之和', NULL, 'two-sum', '# 两数之和\r\n\r\n给定一个整数数组`nums`和一个整数目标值`target`，请在该数组中找出和为目标值`target`的那两个整数，并返回它们的数组下标。\r\n\r\n## 格式\r\n\r\n**输入格式：**\r\n\r\n~~~c\r\nn\r\nnums[0] nums[1] nums[2]... nums[n - 1]\r\ntarget\r\n~~~\r\n\r\n第一行输入数组 `nums` 的长度 `n`，第二行输入数组 `nums` 的各个元素，每个元素之间用空格隔开，第三行输入目标值 `target`\r\n\r\n**输出格式：**\r\n\r\n~~~c\r\nindex1 index2\r\n~~~\r\n\r\n输出满足条件的两个整数在数组 `nums` 中的下标 `index1` 和 `index2`，下标之间用空格隔开。若不存在这样的两个整数，则输出 `-1 -1`。\r\n\r\n## 示例\r\n\r\n### 示例 1\r\n\r\n**输入：**\r\n\r\n~~~c\r\n5\r\n2 7 11 15 4\r\n9\r\n~~~\r\n\r\n**输出：**\r\n\r\n~~~c\r\n0 1\r\n~~~\r\n\r\n**解释：**  输入数组 `nums` 的长度为 `5`，数组元素为 `2 7 11 15 4`，目标值 `target` 为 `9`。在数组中，`nums[0]`（值为 `2`）与 `nums[1]`（值为 `7`）的和为 `9`，所以返回它们的下标 `0` 和 `1`。\r\n\r\n### 示例 2\r\n\r\n**输入：**\r\n\r\n~~~c\r\n4\r\n3 3 6 8\r\n6\r\n~~~\r\n\r\n**输出：**\r\n\r\n~~~c\r\n0 1\r\n~~~\r\n\r\n**解释：**  数组 `nums` 的长度为 `4`，元素为 `3 3 6 8`，目标值 `target` 为 `6`。数组中 `nums[0]`（值为 `3`）和 `nums[1]`（值为 `3`）的和为 `6`，故返回下标 `0` 和 `1`。\r\n\r\n### 示例 3\r\n\r\n**输入：**\r\n\r\n~~~c\r\n3\r\n1 2 3\r\n10\r\n~~~\r\n\r\n**输出：**\r\n\r\n~~~c\r\n-1 -1\r\n~~~\r\n\r\n**解释：** 数组 `nums` 长度为 `3`，元素为 `1 2 3`，目标值 `target` 为 `10`。数组中任意两个整数的和都不等于 `10`，所以输出 `-1 -1`。\r\n\r\n&nbsp;\r\n\r\n**提示：**\r\n\r\n- `2 <= n <= 1000`\r\n- `-10^9 <= nums[i] <= 10^9`\r\n- `-10^9 <= target <= 10^9`\r\n- 只会存在一个有效答案。', 1, 2, 'go', 1, 15);
INSERT INTO `problems` VALUES (122, '2024-11-19 00:57:06.537', '2024-11-24 17:18:21.682', NULL, '无重复字符的最长子串', '无重复字符的最长子串', NULL, 'long-substring-without-repeat', '# 无重复字符的最长子串\r\n\r\n给定一个字符串 `s`，请你找出其中不含有重复字符的最长子串的长度。\r\n\r\n## 示例\r\n\r\n### 示例1\r\n\r\n**输入：**\r\n\r\n~~~c\r\npwwkew\r\n~~~\r\n\r\n**输出：**\r\n\r\n~~~c\r\n3\r\n~~~\r\n\r\n**解释：** 字符串 `pwwkew` 中不含有重复字符的最长子串是 `\"wke\"`，其长度为 `3`。\r\n\r\n### 示例 2\r\n\r\n**输入：**\r\n\r\n~~~c\r\nabcdeabcde\r\n~~~\r\n\r\n**输出：**\r\n\r\n~~~c\r\n5\r\n~~~\r\n\r\n**解释：** 字符串中不含有重复字符的最长子串可以是开头的 `\"abcde\"` 或者后面的 `\"bcdea\"` 等，长度均为 5。\r\n\r\n### **示例 3**\r\n\r\n**输入：**\r\n\r\n~~~c\r\nccccc\r\n~~~\r\n\r\n**输出：**\r\n\r\n~~~c\r\n1\r\n~~~\r\n\r\n**解释：** 字符串 `ccccc` 中不含有重复字符的最长子串是 `\"c\"`，其长度为 `1`。\r\n\r\n&nbsp;\r\n\r\n\r\n**提示：**\r\n\r\n- 字符串 `s` 的长度范围是 `[0, 5 * 10^4]`。\r\n- 字符串 `s` 由可打印字符组成，可能包含字母、数字、标点符号等。', 1, 2, 'go', 1, 15);
INSERT INTO `problems` VALUES (123, '2024-11-19 01:05:51.040', '2024-11-23 21:10:38.392', NULL, '最长回文子串', '最长回文子串', NULL, 'longest-palindromic-substring', '# 最长回文子串\r\n\r\n给你一个字符串 `s`，找到 `s` 中最长的回文子串。\r\n\r\n## 示例\r\n\r\n### 示例 1\r\n\r\n**输入：**\r\n\r\n~~~c\r\nbabad\r\n~~~\r\n\r\n**输出：**\r\n\r\n~~~c\r\nbab\r\n~~~\r\n\r\n**解释：**  字符串 “babad” 中的回文子串有 “bab” 和 “ada” 等，其中 “bab” 是最长的回文子串之一。\r\n\r\n### 示例 2\r\n\r\n**输入：**\r\n\r\n~~~c\r\ncbbd\r\n~~~\r\n\r\n**输出：**\r\n\r\n~~~c\r\nbb\r\n~~~\r\n\r\n**解释：** 字符串 “cbbd” 中的回文子串有 “bb”，它是最长的回文子串。\r\n\r\n### 示例 3\r\n\r\n**输入：**\r\n\r\n~~~c\r\na\r\n~~~\r\n\r\n**输出：**\r\n\r\n~~~c\r\na\r\n~~~\r\n\r\n**解释：**  字符串 “a” 本身就是回文子串，也是最长的回文子串。', 1, 3, 'go', 1, 15);
INSERT INTO `problems` VALUES (124, '2024-11-19 01:15:17.394', '2024-11-24 17:40:29.936', NULL, 'Z 字形变换', 'Z 字形变换', NULL, 'zigzag-conversion', '# Z 字形变换\r\n\r\n将一个给定字符串 `s` 根据给定的行数 `numRows`，以从上往下、从左到右进行 Z 字形排列。\r\n\r\n## 格式\r\n\r\n**输入格式：**\r\n\r\n第一行输入字符串 `s`，字符串长度范围是 `[0, 1000]`。\r\n第二行输入一个整数 `numRows`，表示 Z 字形的行数，`numRows` 的范围是 `[1, 1000]`。\r\n\r\n**输出格式：**\r\n\r\n输出经过 Z 字形排列后的字符串。\r\n\r\n## 示例\r\n\r\n### 示例 1\r\n\r\n**输入：**\r\n\r\n~~~c\r\nPAYPALISHIRING\r\n3\r\n~~~\r\n\r\n**输出：**\r\n\r\n~~~c\r\nPAHNAPLSIIGYIR\r\n~~~\r\n\r\n**解释：**\r\n\r\n当 `numRows = 3` 时，Z 字形排列如下：\r\n\r\n~~~c\r\nP   A   H   N\r\nA P L S I I G\r\nY   I   R\r\n~~~\r\n\r\n按照从上往下、从左到右的顺序读取得到 `\"PAHNAPLSIIGYIR\"`。\r\n\r\n### 示例 2\r\n\r\n**输入：**\r\n\r\n~~~c\r\nPAYPALISHIRING\r\n4\r\n~~~\r\n\r\n**输出：**\r\n\r\n~~~c\r\nPINALSIGYAHRPI\r\n~~~\r\n\r\n**解释：**\r\n\r\n当 `numRows = 4` 时，Z 字形排列如下：\r\n\r\n~~~c\r\nP     I    N\r\nA   L S  I G\r\nY A   H R\r\nP     I\r\n~~~\r\n\r\n按照顺序读取得到 `\"PINALSIGYAHRPI\"`。\r\n\r\n### 示例 3\r\n\r\n**输入：**\r\n\r\n~~~c\r\nA\r\n1\r\n~~~\r\n\r\n**输出：**\r\n\r\n~~~c\r\nA\r\n~~~\r\n\r\n**解释：**\r\n\r\n当 `numRows = 1` 时，字符串保持不变。\r\n\r\n&nbsp;\r\n\r\n\r\n**提示：**\r\n\r\n- 输入字符串 `s` 只包含大小写英文字母和数字。\r\n- 注意处理边界情况，如 `numRows` 为 1 或者字符串长度较短的情况。', 1, 3, 'go', 1, 15);
INSERT INTO `problems` VALUES (125, '2024-11-19 01:38:28.856', '2024-11-23 21:11:49.018', NULL, '整数反转', '整数反转', NULL, 'integer-reversal', '# 整数反转\r\n\r\n给你一个 32 位的有符号整数 `x`，返回将 `x` 中的数字部分反转后的结果。\r\n\r\n如果反转后整数超过 32 位的有符号整数的范围 `[−2^31, 2^31 − 1]`，就返回 0。\r\n\r\n## 示例\r\n\r\n### 示例 1\r\n\r\n**输入：**\r\n\r\n~~~c\r\n987\r\n~~~\r\n\r\n**输出：**\r\n\r\n~~~c\r\n789\r\n~~~\r\n\r\n**解释： ** 整数 987的数字反转后得到 789。\r\n\r\n### 示例 2\r\n\r\n**输入：**\r\n\r\n~~~c\r\n-123\r\n~~~\r\n\r\n**输出：**\r\n\r\n~~~c\r\n-321\r\n~~~\r\n\r\n**解释：**  先将 123 反转得到 321，再加上负号，所以结果为 -321。\r\n\r\n### 示例 3\r\n\r\n**输入：**\r\n\r\n~~~c\r\n120\r\n~~~\r\n\r\n**输出：**\r\n\r\n~~~c\r\n21\r\n~~~\r\n\r\n**解释：** 去掉末尾的 0 后反转，得到 21。\r\n\r\n### 示例 4\r\n\r\n**输入：**\r\n\r\n~~~c\r\n1534236469\r\n~~~\r\n\r\n**输出：**\r\n\r\n~~~c\r\n0\r\n~~~\r\n\r\n**解释：**  1534236469 反转后得到 9646324351，超出了 32 位有符号整数的范围 `[−2^31, 2^31 − 1]`，所以返回 0。', 1, 2, 'go', 1, 15);
INSERT INTO `problems` VALUES (126, '2024-11-19 01:49:55.317', '2024-11-23 21:11:35.805', NULL, '回文整数', '回文整数', NULL, 'palindrome-integer', '# 回文整数\r\n\r\n给你一个整数 `a`，如果 `a` 是一个回文整数，返回 `true`；否则，返回 `false`。\r\n\r\n注：回文数是正读和倒读都一样的数，比如121是回文数。\r\n\r\n## 示例\r\n\r\n### 示例 1\r\n\r\n**输入**：\r\n\r\n~~~c\r\n989\r\n~~~\r\n\r\n**输出**：\r\n\r\n~~~c\r\ntrue\r\n~~~\r\n\r\n**解释** 989 正序和倒序读都是 989 ，所以是回文整数。\r\n\r\n### 示例 2\r\n\r\n**输入**：\r\n\r\n~~~c\r\n-989\r\n~~~\r\n\r\n**输出**：\r\n\r\n~~~c\r\nfalse\r\n~~~\r\n\r\n**解释**   -989倒序读是989-，与正序不同，所以不是回文整数。\r\n\r\n### 示例 3\r\n\r\n**输入**：\r\n\r\n~~~c\r\n10\r\n~~~\r\n\r\n**输出**：\r\n\r\n~~~c\r\nfalse\r\n~~~\r\n\r\n**解释** 10 倒序读是 01，与正序不同，所以不是回文整数。\r\n\r\n', 1, 2, 'go', 1, 15);
INSERT INTO `problems` VALUES (127, '2024-11-20 01:13:54.076', '2024-11-23 21:11:31.866', NULL, '最大盛水容器', '最大盛水容器', NULL, 'maximum-water-capacity', '# 最大盛水容器\r\n\r\n给定一个长度为 `n` 的整数数组 `height`。有 `n` 条垂线，第 `i` 条线的两个端点是 `(i, 0)` 和 `(i, height[i])`。\r\n\r\n找出其中的两条线，使得它们与 `x` 轴共同构成的容器可以容纳最多的水。\r\n\r\n返回容器可以储存的最大水量。\r\n\r\n## 示例\r\n\r\n### 示例 1\r\n\r\n**输入**：\r\n\r\n~~~c\r\n6\r\n2 3 1 4 1 1\r\n~~~\r\n\r\n**输出**：\r\n\r\n~~~c\r\n8\r\n~~~\r\n\r\n\r\n\r\n\r\n\r\n', 1, 3, 'go', 1, 15);
INSERT INTO `problems` VALUES (128, '2024-11-20 01:25:25.890', '2024-11-23 21:11:27.343', NULL, '爬楼梯', '爬楼梯', NULL, 'climb-stairs', '# 爬楼梯\r\n\r\n假设你正在爬楼梯，需要 `n` 阶你才能到达楼顶。\r\n\r\n每次你可以爬 1 或 2 个台阶。你有多少种不同的方法可以爬到楼顶呢？\r\n\r\n## 示例\r\n\r\n### 示例 1\r\n\r\n**输入**：\r\n\r\n~~~c\r\n2\r\n~~~\r\n\r\n**输出**：\r\n\r\n~~~c\r\n2\r\n~~~\r\n\r\n**解释**：有两种方法可以爬到楼顶。一是每次爬 1 阶，分两次爬完（1 + 1）；二是一次直接爬 2 阶。\r\n\r\n### 示例 2\r\n\r\n**输入**：\r\n\r\n~~~c\r\n3\r\n~~~\r\n\r\n**输出**：\r\n\r\n~~~c\r\n3\r\n~~~\r\n\r\n**解释**：可以有以下三种方法：(1, 1, 1)、(1, 2)、(2, 1)。\r\n\r\n', 1, 2, 'go', 1, 15);
INSERT INTO `problems` VALUES (129, '2024-11-20 01:31:00.097', '2024-11-23 21:11:22.938', NULL, ' 二进制求和', ' 二进制求和', NULL, 'binary-addition', '# 二进制求和\r\n\r\n给你两个二进制字符串 `a` 和 `b`，求它们的和（以二进制返回）。\r\n\r\n\r\n\r\n## 格式\r\n\r\n**输入格式：**\r\n\r\n两行，第一行输入一个二进制字符串 `a`，第二行输入一个二进制字符串 `b`。两个字符串的长度范围可以自行设定，比如 `1 <= len(a), len(b) <= 10000`。\r\n\r\n**输出格式：**\r\n\r\n输出一行，表示 `a` 和 `b` 相加后的二进制结果字符串。\r\n\r\n\r\n\r\n## 示例\r\n\r\n### 示例 1\r\n\r\n**输入**：\r\n\r\n~~~c\r\n10\r\n11\r\n~~~\r\n\r\n**输出**：\r\n\r\n~~~c\r\n101\r\n~~~\r\n\r\n**解释：**  二进制数 `10`（十进制为 2）与二进制数 `11`（十进制为 3）相加，结果为二进制数 `101`（十进制为 5）。\r\n\r\n', 1, 2, 'go', 1, 15);
INSERT INTO `problems` VALUES (130, '2024-11-23 22:54:00.574', '2024-11-24 14:36:48.904', NULL, '数组可视化', '数组可视化说明', NULL, 'array-view', '# 数组可视化\r\n\r\n<div style=\"border: 2px solid #FF9800; border-radius: 5px; background-color: #FFF3E0; padding: 15px; margin-top: 20px;\">   <i style=\"color: #FF9800; font-size: 24px; margin-bottom: 10px;\" class=\"fas fa-exclamation-circle\"></i><p style=\"color: #444;\">&#9997;ShowMeCode的调试支持运行时数据结构的可视化。想要实现这个并不简单，需要一点的学习成本。如果你对数据结构和算法感到疑惑，难以理解其中原理，又如果你想尝试不一样的调试体验，那么这个系统很适合你。不妨花费3分钟的时间看完以下教程，开启可视化调试。</p> </div>\r\n\r\n&nbsp;\r\n\r\n假设我们在ShowMeCode中写入如下二分的代码（`go`语言）：\r\n\r\n~~~go\r\npackage main\r\n\r\nimport \"fmt\"\r\n\r\n\r\nfunc binarySearch(nums []int, target int) int {\r\n    left, right := 0, len(nums)-1\r\n\r\n    for left <= right {\r\n        mid := left + (right-left)/2\r\n\r\n        if nums[mid] == target {\r\n            return mid\r\n        } else if nums[mid] < target {\r\n            left = mid + 1\r\n        } else {\r\n            right = mid - 1\r\n        }\r\n    }\r\n\r\n    return -1\r\n}\r\nfunc main() {\r\n    nums := []int{1, 3, 5, 7, 9, 11, 13}\r\n    target := 7\r\n    result := binarySearch(nums, target)\r\n    if result!= -1 {\r\n        fmt.Printf(\"目标值 %d 在数组中的索引为 %d\\n\", target, result)\r\n    } else {\r\n        fmt.Printf(\"数组中未找到目标值 %d\\n\", target)\r\n    }\r\n}\r\n~~~\r\n\r\n&nbsp;\r\n\r\n我们想要对这段代码中的数组进行可视化调试，首先需要告诉系统，程序中使用的数组是哪个？指针是哪些？\r\n\r\n比如在这段代码中，我们使用了`nums`这个数组，并且数组使用了`left`、`right`、`mid`这些变量进行取值。我们需要配置以下`json`配置：\r\n\r\n~~~json\r\n{\r\n    \"type\": \"array\",     // 表示可视化类型，不需要改动，这里表示这是一个数组的可视化配置\r\n    \"arrayName\": \"nums\", // 表示目标数组，代码中我们使用了nums数组，需要配置上\r\n    \"pointNames\": [\r\n        \"left\",        // 表示用作数组取值的变量，代码中我们使用了left、right、mid这些变量\r\n        \"right\",\r\n        \"mid\"\r\n    ]\r\n}\r\n~~~\r\n\r\n这里有一个要注意的点，目前ShowMeCode的`json`编辑器还不支持注释，你需要将注释去除\r\n\r\n&nbsp;\r\n\r\n你需要将配置复制到`json`编辑器，选择可视化面板，点击可视化定义，将配置复制到编辑框：![image-20241123222524124](https://fan-code-image-1308043430.cos.ap-guangzhou.myqcloud.com/image/image-20241123222524124.png)\r\n\r\n&nbsp;\r\n\r\n打开可视化调试，***如果你修改了可视化配置，点击刷新，新配置就会生效***\r\n\r\n![image-20241123222756322](https://fan-code-image-1308043430.cos.ap-guangzhou.myqcloud.com/image/image-20241123222756322.png)\r\n\r\n&nbsp;\r\n\r\n添加断点，并开始调试！！！\r\n\r\n如下：\r\n\r\n![image-20241123222931547](https://fan-code-image-1308043430.cos.ap-guangzhou.myqcloud.com/image/image-20241123222931547.png)\r\n\r\n&nbsp;\r\n\r\n\r\n\r\n<div style=\"border-left: 2px solid #FF9800; border-radius: 0 5px 5px 0; background-color: #F5F5F5; padding: 15px; margin-top: 20px;\">   <i style=\"color: #FF9800; font-size: 24px; margin-bottom: 10px;\" class=\"fas fa-exclamation-circle\"></i>&#128075;&#128075;&#128075;<p style=\"color: #444;\">以上就完成了数组的可视化调试。事实上也不是非常繁琐，但是需要少量的学习成本。希望这些配置不会成为你的疑惑</p> </div>\r\n\r\n', 1, 1, 'go', 1, 2);
INSERT INTO `problems` VALUES (131, '2024-11-24 14:36:33.048', '2024-11-24 14:43:30.733', NULL, '链表可视化', '链表可视化说明', NULL, 'line-view', '# 链表可视化\r\n\r\n<div style=\"border: 2px solid #FF9800; border-radius: 5px; background-color: #FFF3E0; padding: 15px; margin-top: 20px;\">   <i style=\"color: #FF9800; font-size: 24px; margin-bottom: 10px;\" class=\"fas fa-exclamation-circle\"></i><p style=\"color: #444;\">&#128147;如果你还不了解如何开启可视化调试，数组可视化章节会有讲到。</p> </div>\r\n\r\n&nbsp;\r\n\r\n下面是一段构造双向链表的代码（`go`语言）：\r\n\r\n~~~go\r\npackage main\r\n\r\nimport \"fmt\"\r\n\r\n// 双向链表节点结构体\r\ntype ListNode struct {\r\n    value int\r\n    p  *ListNode\r\n    n  *ListNode\r\n}\r\n\r\nfunc main() {\r\n    arr := []int{1, 2, 3, 4, 5}\r\n    var header, tail *ListNode\r\n    for _, v := range arr {\r\n        node := &ListNode{value: v}\r\n        if header == nil {\r\n            header = node\r\n            tail = node\r\n        } else {\r\n            tail.next = node\r\n            node.prev = tail\r\n            tail = tail.next\r\n        }\r\n    }\r\n    // 打印链表\r\n    node := header\r\n    for node != nil {\r\n        fmt.Println(node.value)\r\n        node = node.next\r\n    }\r\n}\r\n\r\n~~~\r\n\r\n&nbsp;\r\n\r\n可以看到我们定义了一个链表的节点`ListNode`，该节点的值存储在`value`中，我们称`value`为数据域。`ListNode`还定义了`next`，`prev`的指针，我们称其为指针域。我们需要告诉系统，链表的节点是啥？数据域是啥？指针域是啥？配置如下：\r\n\r\n~~~json\r\n{\r\n    \"type\": \"linkList\",     // 表示可视化类型，不需要改动，这里表示这是一个链表的可视化配置\r\n    \"linkNode\": \"ListNode\", // 定义链表的节点，代码中我们使用了ListNode结构体\r\n    \"data\": \"value\",        // 数据域，ListNode中我们使用了value存值\r\n    \"next\": \"next\",         // next指针域，ListNode使用next指向下一个节点\r\n    \"prev\": \"prev\"          // prev指针域，ListNode使用了prev指向上一个节点。\r\n}\r\n~~~\r\n\r\n这里还有一个值得注意的是，配置中的`key`是不需要改动的，修改的是配置的`value`\r\n\r\n&nbsp;\r\n\r\n删除配置的注释，并将其复制到可视化配置中，开启可视化，点击调试，就会有如下效果：\r\n\r\n![image-20241124143331607](https://fan-code-image-1308043430.cos.ap-guangzhou.myqcloud.com/image/image-20241124143331607.png)\r\n\r\n&nbsp;\r\n\r\n', 1, 1, 'go', 1, 2);
INSERT INTO `problems` VALUES (132, '2024-11-24 15:01:23.239', '2024-11-24 15:01:26.858', NULL, '二叉树可视化', '二叉树可视化配置说明', NULL, 'binary-tree-view', '# 二叉树可视化\r\n\r\n<div style=\"border: 2px solid #FF9800; border-radius: 5px; background-color: #FFF3E0; padding: 15px; margin-top: 20px;\">   <i style=\"color: #FF9800; font-size: 24px; margin-bottom: 10px;\" class=\"fas fa-exclamation-circle\"></i><p style=\"color: #444;\">&#128147;如果你还不了解如何开启可视化调试，数组可视化章节会有讲到。</p> </div>\r\n\r\n&nbsp;\r\n\r\n下面是一段构造二叉树的代码（`go`语言）：\r\n\r\n~~~go\r\npackage main\r\n\r\nimport \"fmt\"\r\n\r\n// 二叉树节点结构体\r\ntype TreeNode struct {\r\n    Val   int\r\n    Left  *TreeNode\r\n    Right *TreeNode\r\n}\r\n\r\n// 创建二叉树节点的函数\r\nfunc NewTreeNode(val int) *TreeNode {\r\n    return &TreeNode{\r\n       Val: val,\r\n    }\r\n}\r\n\r\n// 构建二叉树的函数\r\nfunc BuildTree() *TreeNode {\r\n    root := NewTreeNode(1)\r\n    root.Left = NewTreeNode(2)\r\n    root.Right = NewTreeNode(3)\r\n    root.Left.Left = NewTreeNode(4)\r\n    root.Left.Right = NewTreeNode(5)\r\n\r\n    return root\r\n}\r\n\r\nfunc main() {\r\n    tree := BuildTree()\r\n    fmt.Println(\"构建的二叉树的根节点值为:\", tree.Val)\r\n}\r\n~~~\r\n\r\n&nbsp;\r\n\r\n可以看到我们定义了一个二叉树的节点`TreeNode`，该节点的值存储在`Val`中，节点的左右子树是`Left`、`Right`。配置如下：\r\n\r\n~~~json\r\n{\r\n    \"type\": \"binaryTree\",   // 表示可视化类型，不需要改动，这里表示这是一个二叉树的可视化配置\r\n    \"treeNode\": \"TreeNode\", // 定二叉树的节点，代码中我们使用了TreeNode结构体\r\n    \"data\": \"Val\",          // 数据域，TreeNode中使用了Val存值\r\n    \"left\": \"Left\",         // left指针域，TreeNode使用left指向左子树\r\n    \"right\": \"Right\"        // right指针域，TreeNode使用Right指向右子树\r\n}\r\n~~~\r\n\r\n这里还有一个指定注意的是，`json`的`key`是不需要改动的，修改的是`json`的`value`\r\n\r\n&nbsp;\r\n\r\n开启可视化，点击调试，就会有如下效果：\r\n\r\n![image-20241124145957802](https://fan-code-image-1308043430.cos.ap-guangzhou.myqcloud.com/image/image-20241124145957802.png)\r\n\r\n&nbsp;\r\n\r\n', 1, 1, 'go', 1, 2);
INSERT INTO `problems` VALUES (133, '2024-11-24 15:06:10.928', '2024-11-24 15:06:15.872', '2024-11-24 15:10:57.499', 'test', 'test', NULL, 'test2', 'test', 1, 1, 'go', 1, NULL);
INSERT INTO `problems` VALUES (134, '2024-12-01 23:30:08.222', '2024-12-01 23:30:12.751', NULL, '二分查找', '二分查找', NULL, 'binary-search', '# 二分查找\r\n\r\n给定一个 `n` 个元素有序的（升序）整型数组 `nums` 和一个目标值 `target` ，写一个函数搜索 `nums` 中的 `target`，如果目标值存在返回下标，否则返回 `-1`。\r\n\r\n&nbsp;\r\n\r\n## 格式\r\n\r\n**输入格式：**\r\n\r\n~~~txt\r\nn\r\na b c d e f\r\ntarget\r\n~~~\r\n\r\n三行，第一行`n`为输入数组的长度。第二行为`n`个数组元素。第三行为目标值`target`\r\n\r\n&nbsp;\r\n\r\n## 示例\r\n\r\n### 示例 1\r\n\r\n**输入**：\r\n\r\n~~~c\r\n10\r\n1 2 3 4 5 6 7 8 9 10\r\n6\r\n~~~\r\n\r\n**输出**：\r\n\r\n~~~c\r\n5\r\n~~~\r\n\r\n**解释：**  数组中`target`为`6`的元素下标为`5`，故输出`5`\r\n\r\n### 示例 2\r\n\r\n**输入**：\r\n\r\n~~~c\r\n6\r\n1 4 7 9 10 25\r\n8\r\n~~~\r\n\r\n**输出**：\r\n\r\n~~~c\r\n-1\r\n~~~\r\n\r\n**解释：**  数组中没有等于`target`的值，故输出`-1`\r\n\r\n', 1, 1, 'go', 1, 15);

-- ----------------------------
-- Table structure for role_apis
-- ----------------------------
DROP TABLE IF EXISTS `role_apis`;
CREATE TABLE `role_apis`  (
  `sys_role_id` int UNSIGNED NOT NULL,
  `sys_api_id` int UNSIGNED NOT NULL,
  PRIMARY KEY (`sys_role_id`, `sys_api_id`) USING BTREE,
  INDEX `fk_role_apis_sys_api`(`sys_api_id` ASC) USING BTREE,
  CONSTRAINT `fk_role_apis_sys_api` FOREIGN KEY (`sys_api_id`) REFERENCES `sys_apis` (`id`) ON DELETE RESTRICT ON UPDATE RESTRICT,
  CONSTRAINT `fk_role_apis_sys_role` FOREIGN KEY (`sys_role_id`) REFERENCES `sys_roles` (`id`) ON DELETE RESTRICT ON UPDATE RESTRICT
) ENGINE = InnoDB CHARACTER SET = utf8mb4 COLLATE = utf8mb4_0900_ai_ci ROW_FORMAT = Dynamic;

-- ----------------------------
-- Records of role_apis
-- ----------------------------
INSERT INTO `role_apis` VALUES (1, 1);
INSERT INTO `role_apis` VALUES (2, 1);
INSERT INTO `role_apis` VALUES (3, 1);
INSERT INTO `role_apis` VALUES (1, 2);
INSERT INTO `role_apis` VALUES (2, 2);
INSERT INTO `role_apis` VALUES (3, 2);
INSERT INTO `role_apis` VALUES (1, 13);
INSERT INTO `role_apis` VALUES (2, 13);
INSERT INTO `role_apis` VALUES (3, 13);
INSERT INTO `role_apis` VALUES (1, 14);
INSERT INTO `role_apis` VALUES (2, 14);
INSERT INTO `role_apis` VALUES (3, 14);
INSERT INTO `role_apis` VALUES (1, 15);
INSERT INTO `role_apis` VALUES (2, 15);
INSERT INTO `role_apis` VALUES (3, 15);
INSERT INTO `role_apis` VALUES (1, 16);
INSERT INTO `role_apis` VALUES (3, 16);
INSERT INTO `role_apis` VALUES (1, 57);
INSERT INTO `role_apis` VALUES (3, 57);
INSERT INTO `role_apis` VALUES (1, 58);
INSERT INTO `role_apis` VALUES (3, 58);
INSERT INTO `role_apis` VALUES (1, 59);
INSERT INTO `role_apis` VALUES (3, 59);
INSERT INTO `role_apis` VALUES (1, 60);
INSERT INTO `role_apis` VALUES (3, 60);
INSERT INTO `role_apis` VALUES (1, 61);
INSERT INTO `role_apis` VALUES (3, 61);
INSERT INTO `role_apis` VALUES (1, 62);
INSERT INTO `role_apis` VALUES (3, 62);
INSERT INTO `role_apis` VALUES (1, 63);
INSERT INTO `role_apis` VALUES (3, 63);
INSERT INTO `role_apis` VALUES (1, 64);
INSERT INTO `role_apis` VALUES (2, 64);
INSERT INTO `role_apis` VALUES (3, 64);
INSERT INTO `role_apis` VALUES (1, 65);
INSERT INTO `role_apis` VALUES (3, 66);
INSERT INTO `role_apis` VALUES (1, 67);
INSERT INTO `role_apis` VALUES (1, 68);
INSERT INTO `role_apis` VALUES (1, 69);
INSERT INTO `role_apis` VALUES (1, 70);
INSERT INTO `role_apis` VALUES (1, 71);
INSERT INTO `role_apis` VALUES (1, 72);
INSERT INTO `role_apis` VALUES (1, 73);
INSERT INTO `role_apis` VALUES (1, 74);
INSERT INTO `role_apis` VALUES (1, 75);
INSERT INTO `role_apis` VALUES (1, 76);
INSERT INTO `role_apis` VALUES (1, 77);
INSERT INTO `role_apis` VALUES (1, 78);
INSERT INTO `role_apis` VALUES (1, 79);
INSERT INTO `role_apis` VALUES (1, 80);
INSERT INTO `role_apis` VALUES (1, 81);
INSERT INTO `role_apis` VALUES (1, 82);
INSERT INTO `role_apis` VALUES (1, 83);
INSERT INTO `role_apis` VALUES (1, 84);
INSERT INTO `role_apis` VALUES (1, 85);
INSERT INTO `role_apis` VALUES (1, 86);
INSERT INTO `role_apis` VALUES (1, 87);
INSERT INTO `role_apis` VALUES (1, 88);
INSERT INTO `role_apis` VALUES (1, 89);
INSERT INTO `role_apis` VALUES (1, 90);
INSERT INTO `role_apis` VALUES (1, 91);
INSERT INTO `role_apis` VALUES (1, 92);
INSERT INTO `role_apis` VALUES (1, 93);
INSERT INTO `role_apis` VALUES (1, 94);
INSERT INTO `role_apis` VALUES (1, 95);
INSERT INTO `role_apis` VALUES (1, 96);
INSERT INTO `role_apis` VALUES (1, 97);
INSERT INTO `role_apis` VALUES (1, 98);
INSERT INTO `role_apis` VALUES (1, 99);
INSERT INTO `role_apis` VALUES (1, 100);
INSERT INTO `role_apis` VALUES (1, 101);
INSERT INTO `role_apis` VALUES (1, 102);
INSERT INTO `role_apis` VALUES (1, 103);
INSERT INTO `role_apis` VALUES (1, 104);
INSERT INTO `role_apis` VALUES (1, 105);
INSERT INTO `role_apis` VALUES (1, 106);
INSERT INTO `role_apis` VALUES (3, 106);
INSERT INTO `role_apis` VALUES (1, 107);
INSERT INTO `role_apis` VALUES (1, 108);
INSERT INTO `role_apis` VALUES (1, 109);
INSERT INTO `role_apis` VALUES (1, 110);
INSERT INTO `role_apis` VALUES (1, 111);
INSERT INTO `role_apis` VALUES (1, 112);
INSERT INTO `role_apis` VALUES (1, 113);
INSERT INTO `role_apis` VALUES (1, 116);
INSERT INTO `role_apis` VALUES (3, 117);
INSERT INTO `role_apis` VALUES (3, 118);
INSERT INTO `role_apis` VALUES (3, 119);
INSERT INTO `role_apis` VALUES (2, 120);
INSERT INTO `role_apis` VALUES (3, 120);
INSERT INTO `role_apis` VALUES (2, 121);
INSERT INTO `role_apis` VALUES (3, 121);
INSERT INTO `role_apis` VALUES (3, 122);
INSERT INTO `role_apis` VALUES (3, 123);
INSERT INTO `role_apis` VALUES (3, 124);
INSERT INTO `role_apis` VALUES (3, 125);
INSERT INTO `role_apis` VALUES (3, 126);
INSERT INTO `role_apis` VALUES (3, 127);
INSERT INTO `role_apis` VALUES (2, 128);
INSERT INTO `role_apis` VALUES (3, 128);
INSERT INTO `role_apis` VALUES (2, 129);
INSERT INTO `role_apis` VALUES (3, 129);
INSERT INTO `role_apis` VALUES (3, 130);
INSERT INTO `role_apis` VALUES (3, 131);
INSERT INTO `role_apis` VALUES (3, 132);
INSERT INTO `role_apis` VALUES (1, 134);
INSERT INTO `role_apis` VALUES (1, 135);
INSERT INTO `role_apis` VALUES (1, 137);
INSERT INTO `role_apis` VALUES (1, 138);
INSERT INTO `role_apis` VALUES (1, 139);
INSERT INTO `role_apis` VALUES (1, 140);
INSERT INTO `role_apis` VALUES (1, 141);
INSERT INTO `role_apis` VALUES (1, 142);
INSERT INTO `role_apis` VALUES (2, 145);
INSERT INTO `role_apis` VALUES (3, 145);
INSERT INTO `role_apis` VALUES (2, 146);
INSERT INTO `role_apis` VALUES (3, 146);
INSERT INTO `role_apis` VALUES (1, 147);
INSERT INTO `role_apis` VALUES (2, 147);
INSERT INTO `role_apis` VALUES (3, 147);
INSERT INTO `role_apis` VALUES (2, 150);
INSERT INTO `role_apis` VALUES (3, 150);
INSERT INTO `role_apis` VALUES (2, 151);
INSERT INTO `role_apis` VALUES (3, 151);
INSERT INTO `role_apis` VALUES (2, 152);
INSERT INTO `role_apis` VALUES (3, 152);
INSERT INTO `role_apis` VALUES (2, 153);
INSERT INTO `role_apis` VALUES (3, 153);
INSERT INTO `role_apis` VALUES (2, 154);
INSERT INTO `role_apis` VALUES (3, 154);
INSERT INTO `role_apis` VALUES (2, 155);
INSERT INTO `role_apis` VALUES (3, 155);
INSERT INTO `role_apis` VALUES (2, 156);
INSERT INTO `role_apis` VALUES (3, 156);
INSERT INTO `role_apis` VALUES (2, 157);
INSERT INTO `role_apis` VALUES (3, 157);
INSERT INTO `role_apis` VALUES (2, 158);
INSERT INTO `role_apis` VALUES (3, 158);
INSERT INTO `role_apis` VALUES (2, 159);
INSERT INTO `role_apis` VALUES (3, 159);
INSERT INTO `role_apis` VALUES (2, 160);
INSERT INTO `role_apis` VALUES (3, 160);
INSERT INTO `role_apis` VALUES (2, 161);
INSERT INTO `role_apis` VALUES (3, 161);
INSERT INTO `role_apis` VALUES (2, 162);
INSERT INTO `role_apis` VALUES (3, 162);
INSERT INTO `role_apis` VALUES (3, 163);
INSERT INTO `role_apis` VALUES (3, 164);
INSERT INTO `role_apis` VALUES (2, 165);
INSERT INTO `role_apis` VALUES (3, 165);
INSERT INTO `role_apis` VALUES (2, 166);
INSERT INTO `role_apis` VALUES (3, 166);
INSERT INTO `role_apis` VALUES (2, 167);
INSERT INTO `role_apis` VALUES (3, 167);
INSERT INTO `role_apis` VALUES (2, 168);
INSERT INTO `role_apis` VALUES (3, 168);
INSERT INTO `role_apis` VALUES (2, 169);
INSERT INTO `role_apis` VALUES (3, 169);
INSERT INTO `role_apis` VALUES (1, 171);
INSERT INTO `role_apis` VALUES (2, 171);
INSERT INTO `role_apis` VALUES (3, 171);
INSERT INTO `role_apis` VALUES (1, 172);
INSERT INTO `role_apis` VALUES (2, 172);
INSERT INTO `role_apis` VALUES (3, 172);
INSERT INTO `role_apis` VALUES (2, 178);
INSERT INTO `role_apis` VALUES (3, 178);
INSERT INTO `role_apis` VALUES (3, 179);
INSERT INTO `role_apis` VALUES (1, 180);
INSERT INTO `role_apis` VALUES (1, 181);
INSERT INTO `role_apis` VALUES (1, 182);
INSERT INTO `role_apis` VALUES (1, 183);
INSERT INTO `role_apis` VALUES (1, 184);
INSERT INTO `role_apis` VALUES (1, 185);
INSERT INTO `role_apis` VALUES (1, 187);
INSERT INTO `role_apis` VALUES (1, 194);
INSERT INTO `role_apis` VALUES (3, 195);
INSERT INTO `role_apis` VALUES (3, 196);
INSERT INTO `role_apis` VALUES (3, 197);

-- ----------------------------
-- Table structure for role_menus
-- ----------------------------
DROP TABLE IF EXISTS `role_menus`;
CREATE TABLE `role_menus`  (
  `sys_role_id` int UNSIGNED NOT NULL,
  `sys_menu_id` int UNSIGNED NOT NULL,
  PRIMARY KEY (`sys_role_id`, `sys_menu_id`) USING BTREE,
  INDEX `fk_role_menus_sys_menu`(`sys_menu_id` ASC) USING BTREE,
  CONSTRAINT `fk_role_menus_sys_menu` FOREIGN KEY (`sys_menu_id`) REFERENCES `sys_menus` (`id`) ON DELETE RESTRICT ON UPDATE RESTRICT,
  CONSTRAINT `fk_role_menus_sys_role` FOREIGN KEY (`sys_role_id`) REFERENCES `sys_roles` (`id`) ON DELETE RESTRICT ON UPDATE RESTRICT
) ENGINE = InnoDB CHARACTER SET = utf8mb4 COLLATE = utf8mb4_0900_ai_ci ROW_FORMAT = Dynamic;

-- ----------------------------
-- Records of role_menus
-- ----------------------------
INSERT INTO `role_menus` VALUES (1, 1);
INSERT INTO `role_menus` VALUES (3, 1);
INSERT INTO `role_menus` VALUES (8, 1);
INSERT INTO `role_menus` VALUES (1, 2);
INSERT INTO `role_menus` VALUES (3, 2);
INSERT INTO `role_menus` VALUES (8, 2);
INSERT INTO `role_menus` VALUES (1, 3);
INSERT INTO `role_menus` VALUES (3, 3);
INSERT INTO `role_menus` VALUES (8, 3);
INSERT INTO `role_menus` VALUES (1, 4);
INSERT INTO `role_menus` VALUES (3, 4);
INSERT INTO `role_menus` VALUES (8, 4);
INSERT INTO `role_menus` VALUES (1, 5);
INSERT INTO `role_menus` VALUES (3, 5);
INSERT INTO `role_menus` VALUES (8, 5);
INSERT INTO `role_menus` VALUES (1, 6);
INSERT INTO `role_menus` VALUES (3, 6);
INSERT INTO `role_menus` VALUES (8, 6);
INSERT INTO `role_menus` VALUES (1, 7);
INSERT INTO `role_menus` VALUES (3, 7);
INSERT INTO `role_menus` VALUES (8, 7);
INSERT INTO `role_menus` VALUES (1, 8);
INSERT INTO `role_menus` VALUES (3, 8);
INSERT INTO `role_menus` VALUES (8, 8);
INSERT INTO `role_menus` VALUES (1, 9);
INSERT INTO `role_menus` VALUES (3, 9);
INSERT INTO `role_menus` VALUES (8, 9);
INSERT INTO `role_menus` VALUES (1, 13);

-- ----------------------------
-- Table structure for submissions
-- ----------------------------
DROP TABLE IF EXISTS `submissions`;
CREATE TABLE `submissions`  (
  `id` bigint UNSIGNED NOT NULL AUTO_INCREMENT,
  `created_at` datetime(3) NULL DEFAULT NULL,
  `updated_at` datetime(3) NULL DEFAULT NULL,
  `deleted_at` datetime(3) NULL DEFAULT NULL,
  `user_id` bigint UNSIGNED NULL DEFAULT NULL,
  `problem_id` bigint UNSIGNED NULL DEFAULT NULL,
  `code_type` longtext CHARACTER SET utf8mb4 COLLATE utf8mb4_0900_ai_ci NULL,
  `language` longtext CHARACTER SET utf8mb4 COLLATE utf8mb4_0900_ai_ci NULL,
  `code` longtext CHARACTER SET utf8mb4 COLLATE utf8mb4_0900_ai_ci NULL,
  `status` bigint NULL DEFAULT NULL,
  `error_message` longtext CHARACTER SET utf8mb4 COLLATE utf8mb4_0900_ai_ci NULL,
  `case_name` longtext CHARACTER SET utf8mb4 COLLATE utf8mb4_0900_ai_ci NULL,
  `case_data` longtext CHARACTER SET utf8mb4 COLLATE utf8mb4_0900_ai_ci NULL,
  `expected_output` longtext CHARACTER SET utf8mb4 COLLATE utf8mb4_0900_ai_ci NULL,
  `user_output` longtext CHARACTER SET utf8mb4 COLLATE utf8mb4_0900_ai_ci NULL,
  `time_used` bigint NULL DEFAULT NULL,
  `memory_used` bigint NULL DEFAULT NULL,
  `remark` longtext CHARACTER SET utf8mb4 COLLATE utf8mb4_0900_ai_ci NULL,
  PRIMARY KEY (`id`) USING BTREE,
  INDEX `idx_submissions_deleted_at`(`deleted_at` ASC) USING BTREE
) ENGINE = InnoDB AUTO_INCREMENT = 178 CHARACTER SET = utf8mb4 COLLATE = utf8mb4_0900_ai_ci ROW_FORMAT = Dynamic;

-- ----------------------------
-- Records of submissions
-- ----------------------------
INSERT INTO `submissions` VALUES (1, '2023-10-19 19:33:35.201', '2023-10-19 19:33:35.201', NULL, 1, 91, 'core_code', 'java', '\r\n/**\r\n * class ListNode {\r\n *         int val;\r\n *         ListNode next;\r\n *         public ListNode(int val, ListNode next) {\r\n *             this.val = val;\r\n *             this.next = next;\r\n *         }\r\n *         public ListNode(int val) {\r\n *             this.val = val;\r\n *         }\r\n *     }\r\n */\r\nclass Solution {\r\n    public ListNode addTwoNumbers(ListNode l1, ListNode l2) {\r\n        ListNode head = null;\r\n        ListNode tail = null;\r\n        while (l1 != null || l2 != null) {\r\n            ListNode node = null;\r\n            if (l1 != null && l2 == null || (l1 != null && l2 != null && l1.val < l2.val)) {\r\n                node = l1;\r\n                l1 = l1.next;\r\n            } else {\r\n                node = l2;\r\n                l2 = l2.next;\r\n            }\r\n            if (head == null) {\r\n                head = node;\r\n                tail = node;\r\n            } else {\r\n                tail.next = node;\r\n                tail = tail.next;\r\n            }\r\n            return head;\r\n        }\r\n    }\r\n}\r\n', 203, 'exit status 2', '', '', '', '', 0, 0, NULL);
INSERT INTO `submissions` VALUES (2, '2023-11-29 23:34:38.805', '2023-11-29 23:34:38.805', NULL, 1, 2, 'core_code', 'java', 'class Solution {\r\n    public int[] twoSum(int[] nums, int target) {\r\n        int n = nums.length;\r\n        for (int i = 0; i < n; ++i) {\r\n            for (int j = i + 1; j < n; ++j) {\r\n                if (nums[i] + nums[j] == target) {\r\n                    return new int[]{i, j};\r\n                }\r\n            }\r\n        }\r\n        return new int[0];\r\n    }\r\n}', 202, '', '3', '22\n90 83 24 40 33 60 27 48 19 57 38 8 25 37 71 50 91 35 25 39 28 46\n99\n', '17 19\n', '5 19\n', 0, 0, NULL);
INSERT INTO `submissions` VALUES (3, '2023-12-26 00:50:46.579', '2023-12-26 00:50:46.579', NULL, 1, 2, NULL, 'java', 'class Solution {\r\n    public int[] twoSum(int[] nums, int target) {\r\n        int n = nums.length;\r\n        for (int i = 0; i < n; ++i) {\r\n            for (int j = i + 1; j < n; ++j) {\r\n                if (nums[i] + nums[j] == target) {\r\n                    return new int[]{i, j};\r\n                }\r\n            }\r\n        }\r\n        return new int[0];\r\n    }\r\n}', 204, 'Error: Could not find or load main class Main\nCaused by: java.lang.ClassNotFoundException: Main\n', '', '', '', '', 0, 0, NULL);
INSERT INTO `submissions` VALUES (4, '2023-12-26 00:54:35.859', '2023-12-26 00:54:35.859', NULL, 1, 2, NULL, 'java', 'import java.util.Scanner;\r\nimport java.util.*;\r\n// 注意类名必须为 Main, 不要有任何 package xxx 信息\r\npublic class Main {\r\n    public static void main(String[] args) {\r\n        Scanner in = new Scanner(System.in);\r\n        int n = in.nextInt();\r\n        int[] nums = new int[n];\r\n        for (int i = 0; i < n; i++) {\r\n            nums[i] = in.nextInt();\r\n        }\r\n        int target = in.nextInt();\r\n        Map<Integer, Integer> map = new HashMap<>();\r\n        for (int i = 0; i < n; i++) {\r\n            if(map.containsKey(target - nums[i])) {\r\n                System.out.println(\"\" + map.get(target - nums[i]) + \" \" + i);\r\n                return;\r\n            }\r\n            if (!map.containsKey(nums[i])) {\r\n                map.put(nums[i], i);\r\n            }\r\n        }\r\n    }\r\n}', 200, '', '', '', '', '', 261428170, 0, NULL);
INSERT INTO `submissions` VALUES (5, '2023-12-30 00:21:06.231', '2023-12-30 00:21:06.231', NULL, 1, 2, NULL, 'java', 'import java.util.Scanner;\r\nimport java.util.*;\r\n// 注意类名必须为 Main, 不要有任何 package xxx 信息\r\npublic class Main {\r\n    public static void main(String[] args) {\r\n        Scanner in = new Scanner(System.in);\r\n        int n = in.nextInt();\r\n        int[] nums = new int[n];\r\n        for (int i = 0; i < n; i++) {\r\n            nums[i] = in.nextInt();\r\n        }\r\n        int target = in.nextInt();\r\n        Map<Integer, Integer> map = new HashMap<>();\r\n        for (int i = 0; i < n; i++) {\r\n            if(map.containsKey(target - nums[i])) {\r\n                System.out.println(\"\" + map.get(target - nums[i]) + \" \" + i);\r\n                return;\r\n            }\r\n            if (!map.containsKey(nums[i])) {\r\n                map.put(nums[i], i);\r\n            }\r\n        }\r\n    }\r\n}', 200, '', '', '', '', '', 450254515, 0, NULL);
INSERT INTO `submissions` VALUES (6, '2023-12-30 00:21:13.416', '2023-12-30 00:21:13.416', NULL, 1, 2, NULL, 'java', 'import java.util.Scanner;\r\nimport java.util.*;\r\n// 注意类名必须为 Main, 不要有任何 package xxx 信息\r\npublic class Main {\r\n    public static void main(String[] args) {\r\n        Scanner in = new Scanner(System.in);\r\n        int n = in.nextInt();\r\n        int[] nums = new int[n];\r\n        for (int i = 0; i < n; i++) {\r\n            nums[i] = in.nextInt();\r\n        };\r\n        int target = in.nextInt();\r\n        Map<Integer, Integer> map = new HashMap<>();\r\n        for (int i = 0; i < n; i++) {\r\n            if(map.containsKey(target - nums[i])) {\r\n                System.out.println(\"\" + map.get(target - nums[i]) + \" \" + i);\r\n                return;\r\n            }\r\n            if (!map.containsKey(nums[i])) {\r\n                map.put(nums[i], i);\r\n            }\r\n        }\r\n    }\r\n}', 200, '', '', '', '', '', 370364883, 0, NULL);
INSERT INTO `submissions` VALUES (7, '2023-12-30 00:22:31.637', '2023-12-30 00:22:31.637', NULL, 1, 2, NULL, 'java', 'import java.util.Scanner;\r\nimport java.util.*;\r\n// 注意类名必须为 Main, 不要有任何 package xxx 信息\r\npublic class Main {\r\n    public static void main(String[] args) {\r\n        Scanner in = new Scanner(System.in);\r\n        int n = in.nextInt();\r\n        int[] nums = new int[n];\r\n        for (int i = 0; i < n; i++) {\r\n            nums[i] = in.nextInt();\r\n        }\r\n        int target = in.nextInt();\r\n        Map<Integer, Integer> map = new HashMap<>();\r\n        for (int i = 0; i < n; i++) {\r\n            if(map.containsKey(target - nums[i])) {\r\n                System.out.println(\"\" + map.get(target - nums[i]) + \" \" + i);\r\n                return;\r\n            }\r\n            if (!map.containsKey(nums[i])) {\r\n                map.put(nums[i], i);\r\n            }\r\n        }\r\n    }\r\n}', 200, '', '', '', '', '', 748216042, 0, NULL);
INSERT INTO `submissions` VALUES (8, '2024-03-03 22:21:59.689', '2024-03-03 22:21:59.689', NULL, 1, 2, NULL, 'java', 'import java.util.Scanner;\r\nimport java.util.*;\r\n// 注意类名必须为 Main, 不要有任何 package xxx 信息\r\npublic class Main {\r\n    public static void main(String[] args) {\r\n        Scanner in = new Scanner(System.in);\r\n        int n = in.nextInt();\r\n        int[] nums = new int[n];\r\n        for (int i = 0; i < n; i++) {\r\n            nums[i] = in.nextInt();\r\n        }\r\n        int target = in.nextInt();\r\n        Map<Integer, Integer> map = new HashMap<>();\r\n        for (int i = 0; i < n; i++) {\r\n            if(map.containsKey(target - nums[i])) {\r\n                System.out.println(\"\" + map.get(target - nums[i]) + \" \" + i);\r\n                return;\r\n            }\r\n            if (!map.containsKey(nums[i])) {\r\n                map.put(nums[i], i);\r\n            }\r\n        }\r\n    }\r\n}', 200, '', '', '', '', '', 7408691353, 0, NULL);
INSERT INTO `submissions` VALUES (9, '2024-04-15 22:25:13.952', '2024-04-15 22:25:13.952', NULL, 1, 0, NULL, 'c', '#include <stdio.h>\r\n\r\nint main() {\r\n    int a, b;\r\n    while (scanf(\"%d %d\", &a, &b) != EOF) { // 注意 while 处理多个 case\r\n        // 64 位输出请用 printf(\"%lld\") to \r\n        printf(\"%d\\n\", a + b);\r\n    }\r\n    return 0;\r\n}', 202, '', '', '1', '2', '32768\n', 0, 0, NULL);
INSERT INTO `submissions` VALUES (10, '2024-05-18 11:09:37.516', '2024-05-18 11:09:37.516', NULL, 1, 0, NULL, 'java', 'import java.util.Scanner;\r\n\r\n// 注意类名必须为 Main, 不要有任何 package xxx 信息\r\npublic class Main {\r\n    public static void main(String[] args) {\r\n        Scanner in = new Scanner(System.in);\r\n        // 注意 hasNext 和 hasNextLine 的区别\r\n        while (in.hasNextInt()) { // 注意 while 处理多个 case\r\n            int a = in.nextInt();\r\n            int b = in.nextInt();\r\n            System.out.println(a + b);\r\n        }\r\n    }\r\n}', 204, 'Exception in thread \"main\" java.util.NoSuchElementException\n	at java.base/java.util.Scanner.throwFor(Scanner.java:937)\n	at java.base/java.util.Scanner.next(Scanner.java:1594)\n	at java.base/java.util.Scanner.nextInt(Scanner.java:2258)\n	at java.base/java.util.Scanner.nextInt(Scanner.java:2212)\n	at Main.main(Main.java:10)\n', '', '', '', '', 0, 0, NULL);
INSERT INTO `submissions` VALUES (11, '2024-05-18 11:10:06.376', '2024-05-18 11:10:06.376', NULL, 1, 0, NULL, 'java', 'import java.util.Scanner;\r\n\r\n// 注意类名必须为 Main, 不要有任何 package xxx 信息\r\npublic class Main {\r\n    public static void main(String[] args) {\r\n        Scanner in = new Scanner(System.in);\r\n        // 注意 hasNext 和 hasNextLine 的区别\r\n        while (in.hasNextInt()) { // 注意 while 处理多个 case\r\n            int a = in.nextInt();\r\n            int b = in.nextInt();\r\n            System.out.println(a + b);\r\n        }\r\n    }\r\n}', 204, 'Exception in thread \"main\" java.util.NoSuchElementException\n	at java.base/java.util.Scanner.throwFor(Scanner.java:937)\n	at java.base/java.util.Scanner.next(Scanner.java:1594)\n	at java.base/java.util.Scanner.nextInt(Scanner.java:2258)\n	at java.base/java.util.Scanner.nextInt(Scanner.java:2212)\n	at Main.main(Main.java:10)\n', '', '', '', '', 0, 0, NULL);
INSERT INTO `submissions` VALUES (12, '2024-05-18 11:30:17.696', '2024-05-18 11:30:17.696', NULL, 1, 0, NULL, 'java', 'import java.util.Scanner;\r\n\r\n// 注意类名必须为 Main, 不要有任何 package xxx 信息\r\npublic class Main {\r\n    public static void main(String[] args) {\r\n        Scanner in = new Scanner(System.in);\r\n        // 注意 hasNext 和 hasNextLine 的区别\r\n        while (in.hasNextInt()) { // 注意 while 处理多个 case\r\n            int a = in.nextInt();\r\n            int b = in.nextInt();\r\n            System.out.println(a + b);\r\n        }\r\n    }\r\n}', 204, 'Exception in thread \"main\" java.util.NoSuchElementException\n	at java.base/java.util.Scanner.throwFor(Scanner.java:937)\n	at java.base/java.util.Scanner.next(Scanner.java:1594)\n	at java.base/java.util.Scanner.nextInt(Scanner.java:2258)\n	at java.base/java.util.Scanner.nextInt(Scanner.java:2212)\n	at Main.main(Main.java:10)\n', '', '', '', '', 0, 0, NULL);
INSERT INTO `submissions` VALUES (13, '2024-05-18 11:31:10.717', '2024-05-18 11:31:10.717', NULL, 1, 0, NULL, 'c', '#include <stdio.h>           //1\r\nint main() {                              //2\r\n    int a, b;                             //3\r\n	scanf(\"%d\", &a);                      //6\r\n	scanf(\"%d\", &b);                      //9\r\n    printf(\"%d\", a + b);        //10\r\n    return 0;                             //11\r\n}', 202, '', '', '1', '2', '32768', 0, 0, NULL);
INSERT INTO `submissions` VALUES (14, '2024-05-18 11:33:43.878', '2024-05-18 11:33:43.878', NULL, 1, 0, NULL, 'java', 'import java.util.Scanner;\r\n\r\n// 注意类名必须为 Main, 不要有任何 package xxx 信息\r\npublic class Main {\r\n    public static void main(String[] args) {\r\n        Scanner in = new Scanner(System.in);\r\n        // 注意 hasNext 和 hasNextLine 的区别\r\n        while (in.hasNextInt()) { // 注意 while 处理多个 case\r\n            int a = in.nextInt();\r\n            int b = in.nextInt();\r\n            System.out.println(a + b);\r\n        }\r\n    }\r\n}', 204, 'Exception in thread \"main\" java.util.NoSuchElementException\n	at java.base/java.util.Scanner.throwFor(Scanner.java:937)\n	at java.base/java.util.Scanner.next(Scanner.java:1594)\n	at java.base/java.util.Scanner.nextInt(Scanner.java:2258)\n	at java.base/java.util.Scanner.nextInt(Scanner.java:2212)\n	at Main.main(Main.java:10)\n', '', '', '', '', 0, 0, NULL);
INSERT INTO `submissions` VALUES (15, '2024-05-18 11:34:22.665', '2024-05-18 11:34:22.665', NULL, 1, 0, NULL, 'go', 'package main\r\n\r\nimport (\r\n	\"fmt\"\r\n)\r\n\r\nfunc main() {\r\n	a := 0\r\n	b := 0\r\n	for {\r\n		n, _ := fmt.Scan(&a, &b)\r\n		if n == 0 {\r\n			break\r\n		} else {\r\n			fmt.Printf(\"%d\\n\", a+b)\r\n		}\r\n	}\r\n}\r\n', 202, '', '', '1', '2', '1\n', 0, 0, NULL);
INSERT INTO `submissions` VALUES (16, '2024-05-18 11:35:09.305', '2024-05-18 11:35:09.305', NULL, 1, 0, NULL, 'go', 'package main\r\n\r\nimport (\r\n	\"fmt\"\r\n)\r\n\r\nfunc main() {\r\n	a := 0\r\n	b := 0\r\n	for {\r\n		n, _ := fmt.Scan(&a, &b)\r\n		if n == 0 {\r\n			break\r\n		} else {\r\n			fmt.Printf(\"%d\\n\", a+b)\r\n		}\r\n	}\r\n}\r\n', 202, '', '', '1', '2', '1\n', 0, 0, NULL);
INSERT INTO `submissions` VALUES (17, '2024-05-18 11:35:26.695', '2024-05-18 11:35:26.695', NULL, 1, 0, NULL, 'go', 'package main\r\n\r\nimport (\r\n	\"fmt\"\r\n)\r\n\r\nfunc main() {\r\n	a := 0\r\n	b := 0\r\n	for {\r\n		n, _ := fmt.Scan(&a, &b)\r\n		if n == 0 {\r\n			break\r\n		} else {\r\n			fmt.Printf(\"%d\\n\", a+b)\r\n		}\r\n	}\r\n}\r\n', 202, '', '', '1', '2', '1\n', 0, 0, NULL);
INSERT INTO `submissions` VALUES (18, '2024-05-18 11:37:51.120', '2024-05-18 11:37:51.120', NULL, 1, 0, NULL, 'go', 'package main\r\n\r\nimport (\r\n	\"fmt\"\r\n)\r\n\r\nfunc main() {\r\n	a := 0\r\n	b := 0\r\n	for {\r\n		n, _ := fmt.Scan(&a, &b)\r\n		if n == 0 {\r\n			break\r\n		} else {\r\n			fmt.Printf(\"%d\\n\", a+b)\r\n		}\r\n	}\r\n}\r\n', 202, '', '', '1', '2', '1\n', 0, 0, NULL);
INSERT INTO `submissions` VALUES (19, '2024-05-18 11:39:23.995', '2024-05-18 11:39:23.995', NULL, 1, 0, NULL, 'go', 'package main\r\n\r\nimport (\r\n	\"fmt\"\r\n)\r\n\r\nfunc main() {\r\n	a := 0\r\n	b := 0\r\n	for {\r\n		n, _ := fmt.Scan(&a, &b)\r\n		if n == 0 {\r\n			break\r\n		} else {\r\n			fmt.Printf(\"%d\\n\", a+b)\r\n		}\r\n	}\r\n}\r\n', 202, '', '', '1', '2', '1\n', 0, 0, NULL);
INSERT INTO `submissions` VALUES (20, '2024-05-18 11:41:02.037', '2024-05-18 11:41:02.037', NULL, 1, 0, NULL, 'c', '#include <stdio.h>           //1\r\nint main() {                              //2\r\n    int a, b;                             //3\r\n    a = 1;                                //4\r\n	printf(\"aaa\");                        //5\r\n	scanf(\"%d\", &a);                      //6\r\n    printf(\"a * a = %d\\n\", a * a);        //7\r\n	b = 3;                                //8\r\n	scanf(\"%d\", &a);                      //9\r\n    printf(\"a + a = %d\\n\", a + a);        //10\r\n    return 0;                             //11\r\n}', 202, '', '', '1', '2', 'aaaa * a = 1\na + a = 2\n', 0, 0, NULL);
INSERT INTO `submissions` VALUES (21, '2024-05-18 11:45:46.867', '2024-05-18 11:45:46.867', NULL, 1, 94, NULL, 'go', 'package main\r\n\r\nimport (\r\n	\"fmt\"\r\n)\r\n\r\nfunc main() {\r\n	a := 0\r\n	b := 0\r\n	for {\r\n		n, _ := fmt.Scan(&a, &b)\r\n		if n == 0 {\r\n			break\r\n		} else {\r\n			fmt.Printf(\"%d\\n\", a+b)\r\n		}\r\n	}\r\n}\r\n', 200, '', '', '', '', '', 2753963, 0, NULL);
INSERT INTO `submissions` VALUES (22, '2024-05-18 11:53:08.885', '2024-05-18 11:53:08.885', NULL, 1, 94, NULL, 'go', 'package main\r\n\r\nimport (\r\n	\"fmt\"\r\n)\r\n\r\nfunc main() {\r\n	a := 0\r\n	b := 0\r\n	for {\r\n		n, _ := fmt.Scan(&a, &b)\r\n		if n == 0 {\r\n			break\r\n		} else {\r\n			fmt.Printf(\"%d\\n\", a+b)\r\n		}\r\n	}\r\n}\r\n', 200, '', '', '', '', '', 10498934, 0, NULL);
INSERT INTO `submissions` VALUES (23, '2024-05-18 11:53:19.026', '2024-05-18 11:53:19.026', NULL, 1, 94, NULL, 'go', 'package main\r\n\r\nimport (\r\n	\"fmt\"\r\n)\r\n\r\nfunc main() {\r\n	a := 0\r\n	b := 0\r\n	for {\r\n		n, _ := fmt.Scan(&a, &b)\r\n		if n == 0 {\r\n			break\r\n		} else {\r\n			fmt.Printf(\"%d\\n\", a+10)\r\n		}\r\n	}\r\n}\r\n', 202, '', '1', '1 2', '3', '11\n', 0, 0, NULL);
INSERT INTO `submissions` VALUES (24, '2024-05-20 23:51:14.415', '2024-05-20 23:51:14.415', NULL, 1, 94, NULL, 'go', 'package main\r\n\r\nimport (\r\n	\"fmt\"\r\n)\r\n\r\nfunc main() {\r\n	a := 0\r\n	b := 0\r\n	for {\r\n		n, _ := fmt.Scan(&a, &b)\r\n		if n == 0 {\r\n			break\r\n		} else {\r\n			fmt.Printf(\"%d\\n\", a+b)\r\n		}\r\n	}\r\n}\r\n', 200, '', '', '', '', '', 6441277, 0, NULL);
INSERT INTO `submissions` VALUES (25, '2024-05-21 08:15:49.092', '2024-05-21 08:15:49.092', NULL, 1, 2, NULL, 'c', '#include <stdio.h>           //1\r\nint main() {                              //2\r\n    int a, b;                             //3\r\n    a = 1;                                //4\r\n	printf(\"aaa\");                        //5\r\n	scanf(\"%d\", &a);                      //6\r\n    printf(\"a * a = %d\\n\", a * a);        //7\r\n	b = 3;                                //8\r\n	scanf(\"%d\", &a);                      //9\r\n    printf(\"a + a = %d\\n\", a + a);        //10\r\n    return 0;                             //11\r\n}', 202, '', '1', '4\r\n2 7 11 15\r\n9', '0 1', 'aaaa * a = 16\na + a = 4\n', 0, 0, NULL);
INSERT INTO `submissions` VALUES (26, '2024-05-21 08:17:43.391', '2024-05-21 08:17:43.391', NULL, 1, 94, NULL, 'go', 'package main\r\n\r\nimport (\r\n	\"fmt\"\r\n)\r\n\r\nfunc main() {\r\n	a := 0\r\n	b := 0\r\n	for {\r\n		n, _ := fmt.Scan(&a, &b)\r\n		if n == 0 {\r\n			break\r\n		} else {\r\n			fmt.Printf(\"%d\\n\", a+b)\r\n		}\r\n	}\r\n}\r\n', 200, '', '', '', '', '', 5625328, 0, NULL);
INSERT INTO `submissions` VALUES (27, '2024-05-21 08:17:51.718', '2024-05-21 08:17:51.718', NULL, 1, 94, NULL, 'go', 'package main\r\n\r\nimport (\r\n	\"fmt\"\r\n)\r\n\r\nfunc main() {\r\n	a := 0\r\n	b := 0\r\n	for {\r\n		n, _ := fmt.Scan(&a, &b)\r\n		if n == 0 {\r\n			break\r\n		} else {\r\n			fmt.Printf(\"%d\\n\", a+10)\r\n		}\r\n	}\r\n}\r\n', 202, '', '1', '1 2', '3', '11\n', 0, 0, NULL);
INSERT INTO `submissions` VALUES (28, '2024-05-21 09:44:06.709', '2024-05-21 09:44:06.709', NULL, 1, 2, NULL, 'go', 'package main\r\n\r\nimport (\r\n	\"fmt\"\r\n)\r\n\r\nfunc main() {\r\n	a := 0\r\n	b := 0\r\n	for {\r\n		n, _ := fmt.Scan(&a, &b)\r\n		if n == 0 {\r\n			continue\r\n		} else {\r\n			fmt.Printf(\"%d\\n\", a+b)\r\n		}\r\n	}\r\n}\r\n', 204, '运行超时\n', '', '', '', '', 0, 0, NULL);
INSERT INTO `submissions` VALUES (29, '2024-06-18 00:40:31.724', '2024-06-18 00:40:31.724', NULL, 1, 2, NULL, 'c', '#include <stdio.h>        // 1\r\n#include <stdlib.h>       // 2\r\n// 定义枚举类型           // 3\r\ntypedef enum {            // 4\r\n    RED,                  // 5\r\n    GREEN,                // 6\r\n    BLUE                  // 7\r\n} Color;                  // 8\r\n// 定义结构体类型         // 9\r\ntypedef struct {          // 10\r\n    int id;               // 11\r\n    float weight;         // 12\r\n    Color color;          // 13\r\n} Item;                   // 14\r\n// 定义联合体类型         // 15\r\ntypedef union {           // 16\r\n    int ival;             // 17\r\n    float fval;           // 18\r\n    char cval;            // 19\r\n} Value;                  // 20\r\n// 全局变量               // 21\r\nint globalInt = 10;       // 22\r\nfloat globalFloat = 3.14; // 23\r\nchar globalChar = \'A\';    // 24\r\nItem globalItem = {1, 65.5, RED}; // 25\r\n// 静态全局变量           // 26\r\nstatic int staticGlobalInt = 20; // 27\r\n// 函数声明               // 28\r\nvoid manipulateLocals();  // 29\r\nvoid manipulatePointers();// 30\r\nint main() {              // 31\r\n    manipulateLocals(2);   // 32\r\n    manipulatePointers(); // 33\r\n    return 0;             // 34\r\n}                         // 35\r\nvoid manipulateLocals(int argint) { // 36\r\n    // 局部变量           // 37\r\n    int localInt = 5;     // 38\r\n    char localChar = \'G\'; // 39\r\n    // 静态局部变量       // 40\r\n    static float staticLocalFloat = 6.78; // 41\r\n    // 结构体局部变量     // 42\r\n    Item localItem;       // 43\r\n    localItem.id = 2;     // 44\r\n    localItem.weight = 42.0;   // 45\r\n    localItem.color = GREEN;   // 46\r\n    // 局部枚举变量       // 47\r\n    Color localColor = BLUE;   // 48\r\n    // 局部联合体变量     // 49\r\n    Value localValue;     // 50\r\n    localValue.ival = 123;// 51\r\n    // 输出局部变量的值   // 52\r\n    // printf(\"localInt: %d, localChar: %c, staticLocalFloat: %.2f\\n\", localInt, localChar, staticLocalFloat); // 53\r\n    // printf(\"localItem: id=%d, weight=%.1f, color=%d\\n\", localItem.id, localItem.weight, localItem.color);     // 54\r\n    // printf(\"localColor: %d, localValue: %d\\n\", localColor, localValue.ival);   // 55\r\n}                         // 56\r\nvoid manipulatePointers() { // 57\r\n    // 动态分配的变量   // 58\r\n    int* dynamicInt = (int*) malloc(sizeof(int)); // 59\r\n    *dynamicInt = 30;           // 60\r\n    // 指针变量         // 61\r\n    int* ptrToInt = &globalInt; // 62\r\n    Item* ptrToItem = &globalItem; // 63\r\n    Color* ptrToColor = (Color*) malloc(sizeof(Color)); // 64\r\n    *ptrToColor = BLUE;         // 65\r\n    // 数组变量         // 66\r\n    int intArray[3] = { 1, 2, 3 }; // 67\r\n    float floatArray[] = { 1.1f, 2.2f, 3.3f }; // 68\r\n    Color colorArray[3] = { RED, GREEN, BLUE }; // 69\r\n    // 字符串           // 70\r\n    char* string = \"Hello, World!\"; // 71\r\n    // 清理动态分配的内存 // 72\r\n    free(dynamicInt);     // 73\r\n    free(ptrToColor);     // 74\r\n}                         // 75', 202, '', '1', '4\r\n2 7 11 15\r\n9', '0 1', '', 0, 0, NULL);
INSERT INTO `submissions` VALUES (30, '2024-07-29 01:41:46.717', '2024-07-29 01:41:46.717', NULL, 1, 2, NULL, 'go', 'package main\r\n\r\nimport (\r\n	\"fmt\"\r\n)\r\ntype treeNode struct {\r\n    int left;\r\n    int right;\r\n}\r\nfunc main() {\r\n	numbers := make(int, 10)\r\n    for i := 0; i < len(numbers); i++ {\r\n        \r\n    }\r\n}\r\n i\r\n |\r\n [0, 0, 0, 0 ]', 203, '# command-line-arguments\n../fanCode/tempDir/a93fe845-4d08-11ef-89d3-0242ac110002/main.go:16:2: syntax error: non-declaration statement outside function body\n', '', '', '', '', 0, 0, NULL);
INSERT INTO `submissions` VALUES (31, '2024-11-17 20:07:35.894', '2024-11-17 20:07:35.894', NULL, 1, 103, NULL, 'go', 'package main\r\n\r\nimport (\r\n	\"fmt\"\r\n)\r\n\r\nfunc main() {\r\n	var n int\r\n    fmt.Scanf(\"%d\", &n)\r\n    arr := make([]int,0)\r\n    for i := 0; i < n; i++ {\r\n        var t int\r\n        fmt.Scanf(\"%d\", &t)\r\n        arr = append(arr, t)\r\n    }\r\n    answer := 0\r\n    for _, a := range arr {\r\n        answer += a\r\n    }\r\n    fmt.Printf(\"%d\", answer)\r\n}\r\n', 202, '', '1', '2\r\n1 9', '10', '1', 0, 0, NULL);
INSERT INTO `submissions` VALUES (32, '2024-11-17 20:16:22.304', '2024-12-23 01:43:29.928', NULL, 1, 100, NULL, 'go', 'package main\r\n\r\nimport (\r\n	\"fmt\"\r\n)\r\n\r\nfunc main() {\r\n	fmt.Println(\"Hello world\")\r\n}\r\n', 204, '内存超出限制\n', '', '', '', '', 0, 0, '1234');
INSERT INTO `submissions` VALUES (33, '2024-11-17 20:18:11.013', '2024-12-23 01:43:04.108', NULL, 1, 100, NULL, 'go', 'package main\r\n\r\nimport (\r\n	\"fmt\"\r\n)\r\n\r\nfunc main() {\r\n	fmt.Println(\"Hello world\")\r\n}\r\n', 200, '', '', '', '', '', 1473113, 0, '');
INSERT INTO `submissions` VALUES (34, '2024-11-17 20:24:51.903', '2024-11-17 20:24:51.903', NULL, 1, 101, NULL, 'go', 'package main\r\n\r\nimport (\r\n	\"fmt\"\r\n)\r\n\r\nfunc main() {\r\n	for i := 1; i <= 9; i++ {\r\n		for j := 1; j <= i; j++ {\r\n			fmt.Printf(\"%d*%d=%d\", j, i, i * j)\r\n			if i != j {\r\n				fmt.Print(\"\\n\")\r\n			} else {\r\n				fmt.Println()\r\n			}\r\n		}\r\n	}\r\n}\r\n', 202, '', '1', ' ', '1*1=1\r\n1*2=2  2*2=4\r\n1*3=3  2*3=6  3*3=9\r\n1*4=4  2*4=8  3*4=12  4*4=16\r\n1*5=5  2*5=10  3*5=15  4*5=20  5*5=25\r\n1*6=6  2*6=12  3*6=18  4*6=24  5*6=30  6*6=36\r\n1*7=7  2*7=14  3*7=21  4*7=28  5*7=35  6*7=42  7*7=49\r\n1*8=8  2*8=16  3*8=24  4*8=32  5*8=40  6*8=48  7*8=56  8*8=64\r\n1*9=9  2*9=18  3*9=27  4*9=36  5*9=45  6*9=54  7*9=63  8*9=72  9*9=81', '1*1=1\n1*2=2\n2*2=4\n1*3=3\n2*3=6\n3*3=9\n1*4=4\n2*4=8\n3*4=12\n4*4=16\n1*5=5\n2*5=10\n3*5=15\n4*5=20\n5*5=25\n1*6=6\n2*6=12\n3*6=18\n4*6=24\n5*6=30\n6*6=36\n1*7=7\n2*7=14\n3*7=21\n4*7=28\n5*7=35\n6*7=42\n7*7=49\n1*8=8\n2*8=16\n3*8=24\n4*8=32\n5*8=40\n6*8=48\n7*8=56\n8*8=64\n1*9=9\n2*9=18\n3*9=27\n4*9=36\n5*9=45\n6*9=54\n7*9=63\n8*9=72\n9*9=81\n', 0, 0, NULL);
INSERT INTO `submissions` VALUES (35, '2024-11-17 20:27:12.268', '2024-11-17 20:27:12.268', NULL, 1, 101, NULL, 'go', 'package main\r\n\r\nimport (\r\n	\"fmt\"\r\n)\r\n\r\nfunc main() {\r\n	for i := 1; i <= 9; i++ {\r\n		for j := 1; j <= i; j++ {\r\n			fmt.Printf(\"%d*%d=%d\", j, i, i * j)\r\n			if i != j {\r\n				fmt.Print(\"\\n\")\r\n			} else {\r\n				fmt.Println()\r\n			}\r\n		}\r\n	}\r\n}\r\n', 202, '', '1', ' ', '1*1=1\r\n1*2=2  2*2=4\r\n1*3=3  2*3=6  3*3=9\r\n1*4=4  2*4=8  3*4=12  4*4=16\r\n1*5=5  2*5=10  3*5=15  4*5=20  5*5=25\r\n1*6=6  2*6=12  3*6=18  4*6=24  5*6=30  6*6=36\r\n1*7=7  2*7=14  3*7=21  4*7=28  5*7=35  6*7=42  7*7=49\r\n1*8=8  2*8=16  3*8=24  4*8=32  5*8=40  6*8=48  7*8=56  8*8=64\r\n1*9=9  2*9=18  3*9=27  4*9=36  5*9=45  6*9=54  7*9=63  8*9=72  9*9=81', '1*1=1\n1*2=2\n2*2=4\n1*3=3\n2*3=6\n3*3=9\n1*4=4\n2*4=8\n3*4=12\n4*4=16\n1*5=5\n2*5=10\n3*5=15\n4*5=20\n5*5=25\n1*6=6\n2*6=12\n3*6=18\n4*6=24\n5*6=30\n6*6=36\n1*7=7\n2*7=14\n3*7=21\n4*7=28\n5*7=35\n6*7=42\n7*7=49\n1*8=8\n2*8=16\n3*8=24\n4*8=32\n5*8=40\n6*8=48\n7*8=56\n8*8=64\n1*9=9\n2*9=18\n3*9=27\n4*9=36\n5*9=45\n6*9=54\n7*9=63\n8*9=72\n9*9=81\n', 0, 0, NULL);
INSERT INTO `submissions` VALUES (36, '2024-11-17 20:27:19.345', '2024-11-17 20:27:19.345', NULL, 1, 101, NULL, 'go', 'package main\r\n\r\nimport (\r\n	\"fmt\"\r\n)\r\n\r\nfunc main() {\r\n	for i := 1; i <= 9; i++ {\r\n		for j := 1; j <= i; j++ {\r\n			fmt.Printf(\"%d*%d=%d\", j, i, i * j)\r\n			if i != j {\r\n				fmt.Print(\" \")\r\n			} else {\r\n				fmt.Println()\r\n			}\r\n		}\r\n	}\r\n}\r\n', 202, '', '1', ' ', '1*1=1\r\n1*2=2  2*2=4\r\n1*3=3  2*3=6  3*3=9\r\n1*4=4  2*4=8  3*4=12  4*4=16\r\n1*5=5  2*5=10  3*5=15  4*5=20  5*5=25\r\n1*6=6  2*6=12  3*6=18  4*6=24  5*6=30  6*6=36\r\n1*7=7  2*7=14  3*7=21  4*7=28  5*7=35  6*7=42  7*7=49\r\n1*8=8  2*8=16  3*8=24  4*8=32  5*8=40  6*8=48  7*8=56  8*8=64\r\n1*9=9  2*9=18  3*9=27  4*9=36  5*9=45  6*9=54  7*9=63  8*9=72  9*9=81', '1*1=1\n1*2=2 2*2=4\n1*3=3 2*3=6 3*3=9\n1*4=4 2*4=8 3*4=12 4*4=16\n1*5=5 2*5=10 3*5=15 4*5=20 5*5=25\n1*6=6 2*6=12 3*6=18 4*6=24 5*6=30 6*6=36\n1*7=7 2*7=14 3*7=21 4*7=28 5*7=35 6*7=42 7*7=49\n1*8=8 2*8=16 3*8=24 4*8=32 5*8=40 6*8=48 7*8=56 8*8=64\n1*9=9 2*9=18 3*9=27 4*9=36 5*9=45 6*9=54 7*9=63 8*9=72 9*9=81\n', 0, 0, NULL);
INSERT INTO `submissions` VALUES (37, '2024-11-17 20:27:24.268', '2024-11-17 20:27:24.268', NULL, 1, 101, NULL, 'go', 'package main\r\n\r\nimport (\r\n	\"fmt\"\r\n)\r\n\r\nfunc main() {\r\n	for i := 1; i <= 9; i++ {\r\n		for j := 1; j <= i; j++ {\r\n			fmt.Printf(\"%d*%d=%d\", j, i, i * j)\r\n			if i != j {\r\n				fmt.Print(\" \")\r\n			} else {\r\n				fmt.Println()\r\n			}\r\n		}\r\n	}\r\n}\r\n', 202, '', '1', ' ', '1*1=1\r\n1*2=2  2*2=4\r\n1*3=3  2*3=6  3*3=9\r\n1*4=4  2*4=8  3*4=12  4*4=16\r\n1*5=5  2*5=10  3*5=15  4*5=20  5*5=25\r\n1*6=6  2*6=12  3*6=18  4*6=24  5*6=30  6*6=36\r\n1*7=7  2*7=14  3*7=21  4*7=28  5*7=35  6*7=42  7*7=49\r\n1*8=8  2*8=16  3*8=24  4*8=32  5*8=40  6*8=48  7*8=56  8*8=64\r\n1*9=9  2*9=18  3*9=27  4*9=36  5*9=45  6*9=54  7*9=63  8*9=72  9*9=81', '1*1=1\n1*2=2 2*2=4\n1*3=3 2*3=6 3*3=9\n1*4=4 2*4=8 3*4=12 4*4=16\n1*5=5 2*5=10 3*5=15 4*5=20 5*5=25\n1*6=6 2*6=12 3*6=18 4*6=24 5*6=30 6*6=36\n1*7=7 2*7=14 3*7=21 4*7=28 5*7=35 6*7=42 7*7=49\n1*8=8 2*8=16 3*8=24 4*8=32 5*8=40 6*8=48 7*8=56 8*8=64\n1*9=9 2*9=18 3*9=27 4*9=36 5*9=45 6*9=54 7*9=63 8*9=72 9*9=81\n', 0, 0, NULL);
INSERT INTO `submissions` VALUES (38, '2024-11-17 20:31:17.408', '2024-11-17 20:31:17.408', NULL, 1, 101, NULL, 'go', 'package main\r\n\r\nimport (\r\n	\"fmt\"\r\n)\r\n\r\nfunc main() {\r\n	for i := 1; i <= 9; i++ {\r\n		for j := 1; j <= i; j++ {\r\n			fmt.Printf(\"%d*%d=%d\", j, i, i * j)\r\n			if i != j {\r\n				fmt.Print(\" \")\r\n			} else {\r\n				fmt.Println()\r\n			}\r\n		}\r\n	}\r\n}\r\n', 202, '', '1', ' ', '1*1=1\r\n1*2=2  2*2=4\r\n1*3=3  2*3=6  3*3=9\r\n1*4=4  2*4=8  3*4=12  4*4=16\r\n1*5=5  2*5=10  3*5=15  4*5=20  5*5=25\r\n1*6=6  2*6=12  3*6=18  4*6=24  5*6=30  6*6=36\r\n1*7=7  2*7=14  3*7=21  4*7=28  5*7=35  6*7=42  7*7=49\r\n1*8=8  2*8=16  3*8=24  4*8=32  5*8=40  6*8=48  7*8=56  8*8=64\r\n1*9=9  2*9=18  3*9=27  4*9=36  5*9=45  6*9=54  7*9=63  8*9=72  9*9=81', '1*1=1\n1*2=2 2*2=4\n1*3=3 2*3=6 3*3=9\n1*4=4 2*4=8 3*4=12 4*4=16\n1*5=5 2*5=10 3*5=15 4*5=20 5*5=25\n1*6=6 2*6=12 3*6=18 4*6=24 5*6=30 6*6=36\n1*7=7 2*7=14 3*7=21 4*7=28 5*7=35 6*7=42 7*7=49\n1*8=8 2*8=16 3*8=24 4*8=32 5*8=40 6*8=48 7*8=56 8*8=64\n1*9=9 2*9=18 3*9=27 4*9=36 5*9=45 6*9=54 7*9=63 8*9=72 9*9=81\n', 0, 0, NULL);
INSERT INTO `submissions` VALUES (39, '2024-11-17 20:32:43.043', '2024-11-17 20:32:43.043', NULL, 1, 101, NULL, 'go', 'package main\r\n\r\nimport (\r\n	\"fmt\"\r\n)\r\n\r\nfunc main() {\r\n	for i := 1; i <= 9; i++ {\r\n		for j := 1; j <= i; j++ {\r\n			fmt.Printf(\"%d*%d=%d\", j, i, i * j)\r\n			if i != j {\r\n				fmt.Print(\" \")\r\n			} else {\r\n				fmt.Println()\r\n			}\r\n		}\r\n	}\r\n}\r\n', 202, '', '1', ' ', '1*1=1\r\n1*2=2  2*2=4\r\n1*3=3  2*3=6  3*3=9\r\n1*4=4  2*4=8  3*4=12  4*4=16\r\n1*5=5  2*5=10  3*5=15  4*5=20  5*5=25\r\n1*6=6  2*6=12  3*6=18  4*6=24  5*6=30  6*6=36\r\n1*7=7  2*7=14  3*7=21  4*7=28  5*7=35  6*7=42  7*7=49\r\n1*8=8  2*8=16  3*8=24  4*8=32  5*8=40  6*8=48  7*8=56  8*8=64\r\n1*9=9  2*9=18  3*9=27  4*9=36  5*9=45  6*9=54  7*9=63  8*9=72  9*9=81', '1*1=1\n1*2=2 2*2=4\n1*3=3 2*3=6 3*3=9\n1*4=4 2*4=8 3*4=12 4*4=16\n1*5=5 2*5=10 3*5=15 4*5=20 5*5=25\n1*6=6 2*6=12 3*6=18 4*6=24 5*6=30 6*6=36\n1*7=7 2*7=14 3*7=21 4*7=28 5*7=35 6*7=42 7*7=49\n1*8=8 2*8=16 3*8=24 4*8=32 5*8=40 6*8=48 7*8=56 8*8=64\n1*9=9 2*9=18 3*9=27 4*9=36 5*9=45 6*9=54 7*9=63 8*9=72 9*9=81\n', 0, 0, NULL);
INSERT INTO `submissions` VALUES (40, '2024-11-17 20:34:11.692', '2024-11-17 20:34:11.692', NULL, 1, 101, NULL, 'go', 'package main\r\n\r\nimport (\r\n	\"fmt\"\r\n)\r\n\r\nfunc main() {\r\n	for i := 1; i <= 9; i++ {\r\n		for j := 1; j <= i; j++ {\r\n			fmt.Printf(\"%d*%d=%d\", j, i, i * j)\r\n			if i != j {\r\n				fmt.Print(\" \")\r\n			} else {\r\n				fmt.Println()\r\n			}\r\n		}\r\n	}\r\n}\r\n', 202, '', '1', ' ', '1*1=1\r\n1*2=2  2*2=4\r\n1*3=3  2*3=6  3*3=9\r\n1*4=4  2*4=8  3*4=12  4*4=16\r\n1*5=5  2*5=10  3*5=15  4*5=20  5*5=25\r\n1*6=6  2*6=12  3*6=18  4*6=24  5*6=30  6*6=36\r\n1*7=7  2*7=14  3*7=21  4*7=28  5*7=35  6*7=42  7*7=49\r\n1*8=8  2*8=16  3*8=24  4*8=32  5*8=40  6*8=48  7*8=56  8*8=64\r\n1*9=9  2*9=18  3*9=27  4*9=36  5*9=45  6*9=54  7*9=63  8*9=72  9*9=81', '1*1=1\n1*2=2 2*2=4\n1*3=3 2*3=6 3*3=9\n1*4=4 2*4=8 3*4=12 4*4=16\n1*5=5 2*5=10 3*5=15 4*5=20 5*5=25\n1*6=6 2*6=12 3*6=18 4*6=24 5*6=30 6*6=36\n1*7=7 2*7=14 3*7=21 4*7=28 5*7=35 6*7=42 7*7=49\n1*8=8 2*8=16 3*8=24 4*8=32 5*8=40 6*8=48 7*8=56 8*8=64\n1*9=9 2*9=18 3*9=27 4*9=36 5*9=45 6*9=54 7*9=63 8*9=72 9*9=81\n', 0, 0, NULL);
INSERT INTO `submissions` VALUES (41, '2024-11-17 20:34:32.228', '2024-11-17 20:34:32.228', NULL, 1, 101, NULL, 'go', 'package main\r\n\r\nimport (\r\n	\"fmt\"\r\n)\r\n\r\nfunc main() {\r\n	for i := 1; i <= 9; i++ {\r\n		for j := 1; j <= i; j++ {\r\n			fmt.Printf(\"%d*%d=%d\", j, i, i * j)\r\n			if i != j {\r\n				fmt.Print(\" \")\r\n			} else {\r\n				fmt.Println()\r\n			}\r\n		}\r\n	}\r\n}\r\n', 202, '', '1', ' ', '1*1=1\r\n1*2=2 2×2=4\r\n1*3=3 2×3=6 3×3=9\r\n1*4=4 2×4=8 3×4=12 4×4=16\r\n1*5=5 2×5=10 3×5=15 4×5=20 5×5=25\r\n1*6=6 2×6=12 3×6=18 4×6=24 5×6=30 6×6=36\r\n1*7=7 2×7=14 3×7=21 4×7=28 5×7=35 6×7=42 7×7=49\r\n1*8=8 2×8=16 3×8=24 4×8=32 5×8=40 6×8=48 7×8=56 8×8=64\r\n1*9=9 2×9=18 3×9=27 4×9=36 5×9=45 6×9=54 7×9=63 8×9=72 9×9=81', '1*1=1\n1*2=2 2*2=4\n1*3=3 2*3=6 3*3=9\n1*4=4 2*4=8 3*4=12 4*4=16\n1*5=5 2*5=10 3*5=15 4*5=20 5*5=25\n1*6=6 2*6=12 3*6=18 4*6=24 5*6=30 6*6=36\n1*7=7 2*7=14 3*7=21 4*7=28 5*7=35 6*7=42 7*7=49\n1*8=8 2*8=16 3*8=24 4*8=32 5*8=40 6*8=48 7*8=56 8*8=64\n1*9=9 2*9=18 3*9=27 4*9=36 5*9=45 6*9=54 7*9=63 8*9=72 9*9=81\n', 0, 0, NULL);
INSERT INTO `submissions` VALUES (42, '2024-11-17 20:35:16.393', '2024-11-17 20:35:16.393', NULL, 1, 101, NULL, 'go', 'package main\r\n\r\nimport (\r\n	\"fmt\"\r\n)\r\n\r\nfunc main() {\r\n	for i := 1; i <= 9; i++ {\r\n		for j := 1; j <= i; j++ {\r\n			fmt.Printf(\"%d*%d=%d\", j, i, i * j)\r\n			if i != j {\r\n				fmt.Print(\" \")\r\n			} else {\r\n				fmt.Println()\r\n			}\r\n		}\r\n	}\r\n}\r\n', 202, '', '1', ' ', '1*1=1\r\n1*2=2 2×2=4\r\n1*3=3 2×3=6 3×3=9\r\n1*4=4 2×4=8 3×4=12 4×4=16\r\n1*5=5 2×5=10 3×5=15 4×5=20 5×5=25\r\n1*6=6 2×6=12 3×6=18 4×6=24 5×6=30 6×6=36\r\n1*7=7 2×7=14 3×7=21 4×7=28 5×7=35 6×7=42 7×7=49\r\n1*8=8 2×8=16 3×8=24 4×8=32 5×8=40 6×8=48 7×8=56 8×8=64\r\n1*9=9 2×9=18 3×9=27 4×9=36 5×9=45 6×9=54 7×9=63 8×9=72 9×9=81', '1*1=1\n1*2=2 2*2=4\n1*3=3 2*3=6 3*3=9\n1*4=4 2*4=8 3*4=12 4*4=16\n1*5=5 2*5=10 3*5=15 4*5=20 5*5=25\n1*6=6 2*6=12 3*6=18 4*6=24 5*6=30 6*6=36\n1*7=7 2*7=14 3*7=21 4*7=28 5*7=35 6*7=42 7*7=49\n1*8=8 2*8=16 3*8=24 4*8=32 5*8=40 6*8=48 7*8=56 8*8=64\n1*9=9 2*9=18 3*9=27 4*9=36 5*9=45 6*9=54 7*9=63 8*9=72 9*9=81\n', 0, 0, NULL);
INSERT INTO `submissions` VALUES (43, '2024-11-17 20:36:25.661', '2024-11-17 20:36:25.661', NULL, 1, 101, NULL, 'go', 'package main\r\n\r\nimport (\r\n	\"fmt\"\r\n)\r\n\r\nfunc main() {\r\n	for i := 1; i <= 9; i++ {\r\n		for j := 1; j <= i; j++ {\r\n			fmt.Printf(\"%d*%d=%d\", j, i, i * j)\r\n			if i != j {\r\n				fmt.Print(\" \")\r\n			} else {\r\n				fmt.Println()\r\n			}\r\n		}\r\n	}\r\n}\r\n', 200, '', '', '', '', '', 2203013, 0, NULL);
INSERT INTO `submissions` VALUES (44, '2024-11-17 20:37:11.696', '2024-11-17 20:37:11.696', NULL, 1, 102, NULL, 'go', 'package main\r\n\r\nimport (\r\n	\"fmt\"\r\n)\r\n\r\nfunc main() {\r\n	a := 0\r\n	b := 0\r\n	for {\r\n		n, _ := fmt.Scan(&a, &b)\r\n		if n == 0 {\r\n			break\r\n		} else {\r\n			fmt.Printf(\"%d\\n\", a+b)\r\n		}\r\n	}\r\n}\r\n', 200, '', '', '', '', '', 7847821, 0, NULL);
INSERT INTO `submissions` VALUES (45, '2024-11-17 20:37:34.620', '2024-11-17 20:37:34.620', NULL, 1, 102, NULL, 'go', 'package main\r\n\r\nimport (\r\n	\"fmt\"\r\n)\r\n\r\nfunc main() {\r\n	a := 0\r\n	b := 0\r\n	for {\r\n		n, _ := fmt.Scan(&a, &b)\r\n		if n == 0 {\r\n			break\r\n		} else {\r\n			fmt.Printf(\"%d\\n\", a+b)\r\n		}\r\n	}\r\n}\r\n', 200, '', '', '', '', '', 7313344, 0, NULL);
INSERT INTO `submissions` VALUES (46, '2024-11-17 20:37:59.839', '2024-11-17 20:37:59.839', NULL, 1, 103, NULL, 'go', 'package main\r\n\r\nimport (\r\n	\"fmt\"\r\n)\r\n\r\nfunc main() {\r\n	var n int\r\n    fmt.Scan(&n)\r\n    arr := make([]int,0)\r\n    for i := 0; i < n + 3; i++ {\r\n        var t int\r\n        fmt.Scan(&t)\r\n        arr = append(arr, t)\r\n    }\r\n    answer := 0\r\n    for _, a := range arr {\r\n        answer += a\r\n    }\r\n    fmt.Printf(\"%d\", answer)\r\n}\r\n', 200, '', '', '', '', '', 9783540, 0, NULL);
INSERT INTO `submissions` VALUES (47, '2024-11-23 23:15:22.950', '2024-12-26 00:46:17.389', NULL, 1, 130, NULL, 'go', 'package main\r\n\r\nimport \"fmt\"\r\n\r\n\r\nfunc binarySearch(nums []int, target int) int {\r\n    left, right := 0, len(nums)-1\r\n\r\n    for left <= right {\r\n        mid := left + (right-left)/2\r\n\r\n        if nums[mid] == target {\r\n            return mid\r\n        } else if nums[mid] < target {\r\n            left = mid + 1\r\n        } else {\r\n            right = mid - 1\r\n        }\r\n    }\r\n\r\n    return -1\r\n}\r\nfunc main() {\r\n    nums := []int{1, 3, 5, 7, 9, 11, 13}\r\n    target := 9\r\n    result := binarySearch(nums, target)\r\n    if result!= -1 {\r\n        fmt.Printf(\"目标值 %d 在数组中的索引为 %d\\n\", target, result)\r\n    } else {\r\n        fmt.Printf(\"数组中未找到目标值 %d\\n\", target)\r\n    }\r\n}', 200, '', '', '', '', '', 371, 0, '');
INSERT INTO `submissions` VALUES (48, '2024-11-24 15:13:22.563', '2024-11-24 15:13:22.563', NULL, 1, 104, NULL, 'go', 'package main\r\n\r\nimport (\r\n	\"fmt\"\r\n)\r\n\r\nfunc main() {\r\n	a := 0\r\n	b := 0\r\n    fmt.Scan(&a, &b)\r\n    fmt.Println(a + b)\r\n}\r\n', 202, '', '1', '1 1', '1', '2\n', 0, 0, NULL);
INSERT INTO `submissions` VALUES (49, '2024-11-24 15:14:34.231', '2024-11-24 15:14:34.231', NULL, 1, 104, NULL, 'go', 'package main\r\n\r\nimport (\r\n	\"fmt\"\r\n)\r\n\r\nfunc main() {\r\n	a := 0\r\n	b := 0\r\n    fmt.Scan(&a, &b)\r\n    answer := 0\r\n    for i := 0; i < a; i++{\r\n        answer += b\r\n    }\r\n    fmt.Println(answer)\r\n}\r\n', 200, '', '', '', '', '', 359940389, 0, NULL);
INSERT INTO `submissions` VALUES (50, '2024-11-24 15:17:56.534', '2024-11-24 15:17:56.534', NULL, 1, 105, NULL, 'go', 'package main\r\n\r\nimport (\r\n	\"fmt\"\r\n)\r\n\r\nfunc main() {\r\n	n := 0\r\n    fmt.Scan(&n)\r\n    max := -10000\r\n    for i := 0; i < n; i++ {\r\n        a := 0\r\n        fmt.Scan(&a)\r\n        if a > max {\r\n            max = a\r\n        }\r\n    }\r\n    fmt.Println(max)\r\n}\r\n', 200, '', '', '', '', '', 228459385, 0, NULL);
INSERT INTO `submissions` VALUES (51, '2024-11-24 15:18:09.265', '2024-11-24 15:18:09.265', NULL, 1, 105, NULL, 'go', 'package main\r\n\r\nimport (\r\n	\"fmt\"\r\n)\r\n\r\nfunc main() {\r\n	n := 0\r\n    fmt.Scan(&n)\r\n    max := -10000\r\n    for i := 0; i < n; i++ {\r\n        a := 0\r\n        fmt.Scan(&a)\r\n        if a > max {\r\n            max = a\r\n        }\r\n    }\r\n    fmt.Println(max)\r\n}\r\n', 200, '', '', '', '', '', 262274119, 0, NULL);
INSERT INTO `submissions` VALUES (52, '2024-11-24 15:24:24.031', '2024-11-24 15:24:24.031', NULL, 1, 106, NULL, 'go', 'package main\r\n\r\nimport (\r\n	\"fmt\"\r\n)\r\n\r\nfunc main() {\r\n	n := 0\r\n    fmt.Scan(&n)\r\n    max := -10000\r\n    min := 10000\r\n    for i := 0; i < n; i++ {\r\n        a := 0\r\n        fmt.Scan(&a)\r\n        if a > max {\r\n            max = a\r\n        }\r\n        if a < min {\r\n            min = a\r\n        }\r\n    }\r\n	fmt.Printf(\"%b %b\", max, min)\r\n}\r\n', 202, '', '1', '3\r\n5 8 3', '8 3', '1000 11', 0, 0, NULL);
INSERT INTO `submissions` VALUES (53, '2024-11-24 15:24:51.486', '2024-11-24 15:24:51.486', NULL, 1, 106, NULL, 'go', 'package main\r\n\r\nimport (\r\n	\"fmt\"\r\n)\r\n\r\nfunc main() {\r\n	n := 0\r\n    fmt.Scan(&n)\r\n    max := -10000\r\n    min := 10000\r\n    for i := 0; i < n; i++ {\r\n        a := 0\r\n        fmt.Scan(&a)\r\n        if a > max {\r\n            max = a\r\n        }\r\n        if a < min {\r\n            min = a\r\n        }\r\n    }\r\n	fmt.Printf(\"%d %d\", max, min)\r\n}\r\n', 200, '', '', '', '', '', 372655465, 0, NULL);
INSERT INTO `submissions` VALUES (54, '2024-11-24 15:27:30.337', '2024-11-24 15:27:30.337', NULL, 1, 107, NULL, 'go', 'package main\r\n\r\nimport (\r\n	\"fmt\"\r\n)\r\n\r\nfunc main() {\r\n	n := 0\r\n    fmt.Scan(&n)\r\n    answer := make([]int, 0, n)\r\n    for i := 1; i <= n; i++ {\r\n        if i % 3 == 0 {\r\n            answer = append(answer, i)\r\n        }\r\n    }\r\n    if len(answer) == 0 {\r\n        fmt.Println(-1)\r\n    } else {\r\n        for _, num := range answer {\r\n            fmt.Printf(\"%d \", num)\r\n        }\r\n    }\r\n}\r\n', 202, '', '1', ' 99', '3 6 9 12 15 18 21 24 27 30 33 36 39 42 45 48 51 54 57 60 63 66 69 72 75 78 81 84\r\n 87 90 93 96 99', '3 6 9 12 15 18 21 24 27 30 33 36 39 42 45 48 51 54 57 60 63 66 69 72 75 78 81 84 87 90 93 96 99 ', 0, 0, NULL);
INSERT INTO `submissions` VALUES (55, '2024-11-24 15:36:13.351', '2024-11-24 15:36:13.351', NULL, 1, 107, NULL, 'go', 'package main\r\n\r\nimport (\r\n	\"fmt\"\r\n)\r\n\r\nfunc main() {\r\n	n := 0\r\n    fmt.Scan(&n)\r\n    answer := make([]int, 0, n)\r\n    for i := 1; i <= n; i++ {\r\n        if i % 3 == 0 {\r\n            answer = append(answer, i)\r\n        }\r\n    }\r\n    if len(answer) == 0 {\r\n        fmt.Println(-1)\r\n    } else {\r\n        for _, num := range answer {\r\n            fmt.Printf(\"%d \", num)\r\n        }\r\n    }\r\n}\r\n', 202, '', '1', ' 99', '3 6 9 12 15 18 21 24 27 30 33 36 39 42 45 48 51 54 57 60 63 66 69 72 75 78 81 84\r\n 87 90 93 96 99', '3 6 9 12 15 18 21 24 27 30 33 36 39 42 45 48 51 54 57 60 63 66 69 72 75 78 81 84 87 90 93 96 99 ', 0, 0, NULL);
INSERT INTO `submissions` VALUES (56, '2024-11-24 15:36:29.769', '2024-11-24 15:36:29.769', NULL, 1, 107, NULL, 'go', 'package main\r\n\r\nimport (\r\n	\"fmt\"\r\n)\r\n\r\nfunc main() {\r\n	n := 0\r\n    fmt.Scan(&n)\r\n    answer := make([]int, 0, n)\r\n    for i := 1; i <= n; i++ {\r\n        if i % 3 == 0 {\r\n            answer = append(answer, i)\r\n        }\r\n    }\r\n    if len(answer) == 0 {\r\n        fmt.Println(-1)\r\n    } else {\r\n        for _, num := range answer {\r\n            fmt.Printf(\"%d \", num)\r\n        }\r\n    }\r\n}\r\n', 202, '', '1', ' 99', '3 6 9 12 15 18 21 24 27 30 33 36 39 42 45 48 51 54 57 60 63 66 69 72 75 78 81 84\r\n 87 90 93 96 99', '3 6 9 12 15 18 21 24 27 30 33 36 39 42 45 48 51 54 57 60 63 66 69 72 75 78 81 84 87 90 93 96 99 ', 0, 0, NULL);
INSERT INTO `submissions` VALUES (57, '2024-11-24 15:36:44.519', '2024-11-24 15:36:44.519', NULL, 1, 107, NULL, 'go', 'package main\r\n\r\nimport (\r\n	\"fmt\"\r\n)\r\n\r\nfunc main() {\r\n	n := 0\r\n    fmt.Scan(&n)\r\n    answer := make([]int, 0, n)\r\n    for i := 1; i <= n; i++ {\r\n        if i % 3 == 0 {\r\n            answer = append(answer, i)\r\n        }\r\n    }\r\n    if len(answer) == 0 {\r\n        fmt.Println(-1)\r\n    } else {\r\n        for _, num := range answer {\r\n            fmt.Printf(\"%d \", num)\r\n        }\r\n    }\r\n}\r\n', 202, '', '1', ' 99', '3 6 9 12 15 18 21 24 27 30 33 36 39 42 45 48 51 54 57 60 63 66 69 72 75 78 81 84\r\n 87 90 93 96 99', '3 6 9 12 15 18 21 24 27 30 33 36 39 42 45 48 51 54 57 60 63 66 69 72 75 78 81 84 87 90 93 96 99 ', 0, 0, NULL);
INSERT INTO `submissions` VALUES (58, '2024-11-24 15:37:50.496', '2024-11-24 15:37:50.496', NULL, 1, 107, NULL, 'go', 'package main\r\n\r\nimport (\r\n	\"fmt\"\r\n)\r\n\r\nfunc main() {\r\n	n := 0\r\n    fmt.Scan(&n)\r\n    answer := make([]int, 0, n)\r\n    for i := 1; i <= n; i++ {\r\n        if i % 3 == 0 {\r\n            answer = append(answer, i)\r\n        }\r\n    }\r\n    if len(answer) == 0 {\r\n        fmt.Println(-1)\r\n    } else {\r\n        for _, num := range answer {\r\n            fmt.Printf(\"%d \", num)\r\n        }\r\n    }\r\n}\r\n', 200, '', '', '', '', '', 231843797, 0, NULL);
INSERT INTO `submissions` VALUES (59, '2024-11-24 15:43:51.419', '2024-11-24 15:43:51.419', NULL, 1, 108, NULL, 'go', 'package main\r\n\r\nimport (\r\n	\"fmt\"\r\n)\r\n\r\nfunc main() {\r\n	n := 0\r\n    a := 0\r\n    fmt.Scan(&n, &a)\r\n    answer := make([]int, 0, n)\r\n    for i := 0; i <= n; i++ {\r\n        if i % a == 0 {\r\n            answer = append(answer, i)\r\n        }\r\n    }\r\n	if len(answer) == 0 {\r\n        fmt.Println(-1)\r\n    } else {\r\n        for i := 0; i < len(answer); i++ {\r\n            fmt.Printf(\"%d \", answer[i])\r\n        }\r\n    }\r\n}\r\n', 200, '', '', '', '', '', 496487852, 0, NULL);
INSERT INTO `submissions` VALUES (60, '2024-11-24 15:44:13.133', '2024-11-24 15:44:13.133', NULL, 1, 108, NULL, 'go', 'package main\r\n\r\nimport (\r\n	\"fmt\"\r\n)\r\n\r\nfunc main() {\r\n	n := 0\r\n    a := 0\r\n    fmt.Scan(&n, &a)\r\n    answer := make([]int, 0, n)\r\n    for i := 0; i <= n; i++ {\r\n        if i % a == 0 {\r\n            answer = append(answer, i)\r\n        }\r\n    }\r\n	if len(answer) == 0 {\r\n        fmt.Println(-1)\r\n    } else {\r\n        for i := 0; i < len(answer); i++ {\r\n            fmt.Printf(\"%d \", answer[i])\r\n        }\r\n    }\r\n}\r\n', 200, '', '', '', '', '', 152521685, 0, NULL);
INSERT INTO `submissions` VALUES (61, '2024-11-24 15:48:18.449', '2024-11-24 15:48:18.449', NULL, 1, 109, NULL, 'go', 'package main\r\n\r\nimport (\r\n	\"fmt\"\r\n)\r\n\r\nfunc main() {\r\n	for i := 1; i <= 4; i++ {\r\n        for j := 1; j <= 4; j++ {\r\n            if j == i {\r\n                continue\r\n            }\r\n            for k := 1; k <= 4; k++ {\r\n                if k == j || k == i {\r\n                    continue\r\n                }\r\n                fmt.Printf(\"%d \", i * 100 + j * 10 + k)\r\n            }\r\n        }\r\n    }\r\n}\r\n', 200, '', '', '', '', '', 1316353, 0, NULL);
INSERT INTO `submissions` VALUES (62, '2024-11-24 15:48:34.613', '2024-11-24 15:48:34.613', NULL, 1, 109, NULL, 'go', 'package main\r\n\r\nimport (\r\n	\"fmt\"\r\n)\r\n\r\nfunc main() {\r\n	for i := 1; i <= 4; i++ {\r\n        for j := 1; j <= 4; j++ {\r\n            if j == i {\r\n                continue\r\n            }\r\n            for k := 1; k <= 4; k++ {\r\n                if k == j || k == i {\r\n                    continue\r\n                }\r\n                fmt.Printf(\"%d \", i * 100 + j * 10 + k)\r\n            }\r\n        }\r\n    }\r\n}\r\n', 200, '', '', '', '', '', 1339388, 0, NULL);
INSERT INTO `submissions` VALUES (63, '2024-11-24 15:57:53.252', '2024-11-24 15:57:53.252', NULL, 1, 110, NULL, 'go', 'package main\r\n\r\nimport (\r\n    \"fmt\"\r\n)\r\n\r\n// 判断是否为闰年\r\nfunc isLeapYear(year int) bool {\r\n    if (year%4 == 0 && year%100!= 0) || year%400 == 0 {\r\n        return true\r\n    }\r\n    return false\r\n}\r\n\r\n// 计算是该年的第几天\r\nfunc dayOfYear(year, month, day int) int {\r\n    daysInMonth := []int{0, 31, 28, 30, 31, 30, 31, 31, 30, 31, 30, 31}\r\n\r\n    if isLeapYear(year) {\r\n        daysInMonth[2] = 29\r\n    }\r\n\r\n    totalDays := 0\r\n    for i := 1; i < month; i++ {\r\n        totalDays += daysInMonth[i]\r\n    }\r\n\r\n    totalDays += day\r\n\r\n    return totalDays\r\n}\r\n\r\nfunc main() {\r\n    var year, month, day int\r\n    fmt.Scanln(&year)\r\n    fmt.Scanln(&month)\r\n    fmt.Scanln(&year)\r\n\r\n    result := dayOfYear(year, month, day)\r\n    fmt.Println(result)\r\n}', 202, '', '1', '2025 1 1', '1', '0\n', 0, 0, NULL);
INSERT INTO `submissions` VALUES (64, '2024-11-24 15:59:13.335', '2024-11-24 15:59:13.335', NULL, 1, 110, NULL, 'go', 'package main\r\n\r\nimport (\r\n    \"fmt\"\r\n)\r\n\r\n// 判断是否为闰年\r\nfunc isLeapYear(year int) bool {\r\n    if (year%4 == 0 && year%100!= 0) || year%400 == 0 {\r\n        return true\r\n    }\r\n    return false\r\n}\r\n\r\n// 计算是该年的第几天\r\nfunc dayOfYear(year, month, day int) int {\r\n    daysInMonth := []int{0, 31, 28, 30, 31, 30, 31, 31, 30, 31, 30, 31}\r\n\r\n    if isLeapYear(year) {\r\n        daysInMonth[2] = 29\r\n    }\r\n\r\n    totalDays := 0\r\n    for i := 1; i < month; i++ {\r\n        totalDays += daysInMonth[i]\r\n    }\r\n\r\n    totalDays += day\r\n\r\n    return totalDays\r\n}\r\n\r\nfunc main() {\r\n    var year, month, day int\r\n    fmt.Scanln(&year)\r\n    fmt.Scanln(&month)\r\n    fmt.Scanln(&day)\r\n\r\n    result := dayOfYear(year, month, day)\r\n    fmt.Println(result)\r\n}', 202, '', '1', '2025 1 1', '1', '0\n', 0, 0, NULL);
INSERT INTO `submissions` VALUES (65, '2024-11-24 16:00:18.541', '2024-11-24 16:00:18.541', NULL, 1, 110, NULL, 'go', 'package main\r\n\r\nimport (\r\n    \"fmt\"\r\n)\r\n\r\n// 判断是否为闰年\r\nfunc isLeapYear(year int) bool {\r\n    if (year%4 == 0 && year%100!= 0) || year%400 == 0 {\r\n        return true\r\n    }\r\n    return false\r\n}\r\n\r\n// 计算是该年的第几天\r\nfunc dayOfYear(year, month, day int) int {\r\n    daysInMonth := []int{0, 31, 28, 30, 31, 30, 31, 31, 30, 31, 30, 31}\r\n\r\n    if isLeapYear(year) {\r\n        daysInMonth[2] = 29\r\n    }\r\n\r\n    totalDays := 0\r\n    for i := 1; i < month; i++ {\r\n        totalDays += daysInMonth[i]\r\n    }\r\n\r\n    totalDays += day\r\n\r\n    return totalDays\r\n}\r\n\r\nfunc main() {\r\n    var year, month, day int\r\n    fmt.Scan(&year)\r\n    fmt.Scan(&month)\r\n    fmt.Scan(&day)\r\n\r\n    result := dayOfYear(year, month, day)\r\n    fmt.Println(result)\r\n}', 202, '', '4', '2030 4 20', '110', '109\n', 0, 0, NULL);
INSERT INTO `submissions` VALUES (66, '2024-11-24 16:05:17.949', '2024-11-24 16:05:17.949', NULL, 1, 110, NULL, 'go', 'package main\r\n\r\nimport (\r\n    \"fmt\"\r\n)\r\n\r\n// 判断是否为闰年\r\nfunc isLeapYear(year int) bool {\r\n    if (year%4 == 0 && year%100!= 0) || year%400 == 0 {\r\n        return true\r\n    }\r\n    return false\r\n}\r\n\r\n// 计算是该年的第几天\r\nfunc dayOfYear(year, month, day int) int {\r\n    daysInMonth := []int{0, 31, 28, 31, 30, 31, 30, 31, 31, 30, 31, 30}\r\n\r\n    if isLeapYear(year) {\r\n        daysInMonth[2] = 29\r\n    }\r\n\r\n    totalDays := 0\r\n    for i := 1; i < month; i++ {\r\n        totalDays += daysInMonth[i]\r\n    }\r\n\r\n    totalDays += day\r\n\r\n    return totalDays\r\n}\r\n\r\nfunc main() {\r\n    var year, month, day int\r\n    fmt.Scan(&year)\r\n    fmt.Scan(&month)\r\n    fmt.Scan(&day)\r\n\r\n    result := dayOfYear(year, month, day)\r\n    fmt.Println(result)\r\n}', 200, '', '', '', '', '', 1226522412, 0, NULL);
INSERT INTO `submissions` VALUES (67, '2024-11-24 16:13:57.398', '2024-11-24 16:13:57.398', NULL, 1, 111, NULL, 'go', 'package main\r\n\r\nimport (\r\n	\"fmt\"\r\n)\r\n\r\nfunc main() {\r\n	a := 0\r\n	b := 0\r\n	c := 0\r\n	fmt.Scan(&a, &b, &c)\r\n	if a > b {\r\n		t := b\r\n		b = a\r\n		a = t\r\n	}\r\n	if b > c {\r\n		t := c\r\n		c = b\r\n		b = t\r\n	}\r\n	fmt.Printf(\"%d %d %d\", a, b, c)\r\n}\r\n', 202, '', '5', '1000 1000 -500', '-500 1000 1000', '1000 -500 1000', 0, 0, NULL);
INSERT INTO `submissions` VALUES (68, '2024-11-24 16:16:26.715', '2024-11-24 16:16:26.715', NULL, 1, 111, NULL, 'go', 'package main\r\n\r\nimport (\r\n    \"fmt\"\r\n    \"sort\"\r\n)\r\n\r\nfunc main() {\r\n    var x, y, z int\r\n    fmt.Scanln(&x)\r\n    fmt.Scanln(&y)\r\n    fmt.Scanln(&z)\r\n\r\n    nums := []int{x, y, z}\r\n\r\n    sort.Ints(nums)\r\n\r\n    for _, num := range nums {\r\n        fmt.Printf(\"%d \", num)\r\n    }\r\n}', 202, '', '1', '-1000 -1000 -1000', '-1000 -1000 -1000', '-1000 1000 1000 ', 0, 0, NULL);
INSERT INTO `submissions` VALUES (69, '2024-11-24 16:17:20.978', '2024-11-24 16:17:20.978', NULL, 1, 111, NULL, 'go', 'package main\r\n\r\nimport (\r\n    \"fmt\"\r\n    \"sort\"\r\n)\r\n\r\nfunc main() {\r\n    var x, y, z int\r\n    fmt.Scan(&x)\r\n    fmt.Scan(&y)\r\n    fmt.Scan(&z)\r\n\r\n    nums := []int{x, y, z}\r\n\r\n    sort.Ints(nums)\r\n\r\n    for _, num := range nums {\r\n        fmt.Printf(\"%d \", num)\r\n    }\r\n}', 200, '', '', '', '', '', 1394234172, 0, NULL);
INSERT INTO `submissions` VALUES (70, '2024-11-24 16:24:15.615', '2024-11-24 16:24:15.615', NULL, 1, 112, NULL, 'go', 'package main\r\n\r\nimport (\r\n	\"fmt\"\r\n)\r\n\r\nfunc main() {\r\n	fmt.Println(\" # # # #\r\n# # # # \r\n # # # #\r\n# # # # \r\n # # # #\r\n# # # # \r\n # # # #\r\n# # # # \")\r\n}\r\n', 203, '# command-line-arguments\n/main.go:8:24: newline in string\n/main.go:8:24: syntax error: unexpected newline in argument list; possibly missing comma or )\n/main.go:9:1: invalid character U+0023 \'#\'\n/main.go:10:2: invalid character U+0023 \'#\'\n/main.go:11:1: invalid character U+0023 \'#\'\n/main.go:12:2: invalid character U+0023 \'#\'\n/main.go:13:1: invalid character U+0023 \'#\'\n/main.go:14:2: invalid character U+0023 \'#\'\n/main.go:15:1: invalid character U+0023 \'#\'\n/main.go:15:12: newline in string\n/main.go:15:12: too many errors\n', '', '', '', '', 0, 0, NULL);
INSERT INTO `submissions` VALUES (71, '2024-11-24 16:27:58.582', '2024-11-24 16:27:58.582', NULL, 1, 112, NULL, 'go', 'package main\r\n\r\nimport (\r\n	\"fmt\"\r\n)\r\n\r\nfunc main() {\r\n    flag := true\r\n	for (i := 0; i < 8; i++) {\r\n        str := \"# # # #\"\r\n        if flag {\r\n            str = \" \" + str\r\n        } else {\r\n            str = str + \" \"\r\n        }\r\n        fmt.Println(str)\r\n        flag = !flag\r\n    }\r\n}\r\n', 203, '# command-line-arguments\n/main.go:9:9: syntax error: unexpected :=, expected )\n', '', '', '', '', 0, 0, NULL);
INSERT INTO `submissions` VALUES (72, '2024-11-24 16:28:45.889', '2024-11-24 16:28:45.889', NULL, 1, 112, NULL, 'go', 'package main\r\n\r\nimport (\r\n	\"fmt\"\r\n)\r\n\r\nfunc main() {\r\n    flag := true\r\n	for i := 0; i < 8; i++ {\r\n        str := \"# # # #\"\r\n        if flag {\r\n            str = \" \" + str\r\n        } else {\r\n            str = str + \" \"\r\n        }\r\n        fmt.Println(str)\r\n        flag = !flag\r\n    }\r\n}\r\n', 200, '', '', '', '', '', 1331472, 0, NULL);
INSERT INTO `submissions` VALUES (73, '2024-11-24 16:29:56.028', '2024-11-24 16:29:56.028', NULL, 1, 113, NULL, 'go', 'package main\r\n\r\nimport (\r\n    \"fmt\"\r\n)\r\n\r\nfunc main() {\r\n    var n int\r\n    fmt.Scanln(&n)\r\n\r\n    if n == 1 || n == 2 {\r\n        fmt.Println(1)\r\n    } else {\r\n        a, b := 1, 1\r\n        for i := 3; i <= n; i++ {\r\n            c := a + b\r\n            a, b = b, c\r\n        }\r\n        fmt.Println(b)\r\n    }\r\n}\r\n', 200, '', '', '', '', '', 639017621, 0, NULL);
INSERT INTO `submissions` VALUES (74, '2024-11-24 16:39:44.346', '2024-11-24 16:39:44.346', NULL, 1, 114, NULL, 'go', 'package main\r\n\r\nimport (\r\n    \"fmt\"\r\n    \"math\"\r\n)\r\n\r\nfunc main() {\r\n    var n int\r\n    fmt.Scanln(&n)\r\n\r\n    isPrime := make([]bool, n+1)\r\n    for i := range isPrime {\r\n        isPrime[i] = true\r\n    }\r\n    isPrime[0] = false\r\n    isPrime[1] = false\r\n\r\n    for i := 2; i <= int(math.Sqrt(float64(n))); i++ {\r\n        if isPrime[i] {\r\n            for j := i * i; j <= n; j += i {\r\n                isPrime[j] = false\r\n            }\r\n            }\r\n        }\r\n\r\n    for i := 2; i <= n; i++ {\r\n        if isPrime[i] {\r\n            fmt.Printf(\"%d \", i)\r\n        }\r\n    }\r\n}', 200, '', '', '', '', '', 350804446, 0, NULL);
INSERT INTO `submissions` VALUES (75, '2024-11-24 16:43:10.664', '2024-11-24 16:43:10.664', NULL, 1, 115, NULL, 'go', 'package main\r\n\r\nimport \"fmt\"\r\n\r\nfunc main() {\r\n    for num := 100; num < 1000; num++ {\r\n        hundreds := num / 100\r\n        tens := (num / 10) % 10\r\n        units := num % 10\r\n\r\n        if hundreds*hundreds*hundreds+tens*tens*tens+units*units*units == num {\r\n            fmt.Printf(\"%d \", num)\r\n        }\r\n    }\r\n}', 200, '', '', '', '', '', 2074403, 0, NULL);
INSERT INTO `submissions` VALUES (76, '2024-11-24 16:44:58.190', '2024-11-24 16:44:58.190', NULL, 1, 116, NULL, 'go', 'package main\r\n\r\nimport \"fmt\"\r\n\r\nfunc main() {\r\n    var n int\r\n    fmt.Scanln(&n)\r\n\r\n    fmt.Printf(\"%d=\", n)\r\n\r\n    // 从最小的质数2开始尝试分解\r\n    for i := 2; i <= n; i++ {\r\n        // 如果当前数能被i整除，且i是质数\r\n        for n%i == 0 && isPrime(i) {\r\n            n /= i\r\n            if n!= 1 {\r\n                fmt.Printf(\"%d*\", i)\r\n            } else {\r\n                fmt.Printf(\"%d\", i)\r\n            }\r\n            i = 1\r\n        }\r\n    }\r\n}\r\n\r\n// 判断一个数是否为质数\r\nfunc isPrime(num int) bool {\r\n    if num <= 1 {\r\n        return false\r\n    }\r\n    if num <= 3 {\r\n        return true\r\n    }\r\n    if num%2 == 0 || num%3 == 0 {\r\n        return false\r\n    }\r\n\r\n    i := 5\r\n    for i*i <= num {\r\n        if num%i == 0 || num%(i+2) == 0 {\r\n            return false\r\n        }\r\n        i += 6\r\n    }\r\n\r\n    return true\r\n}', 200, '', '', '', '', '', 658501848, 0, NULL);
INSERT INTO `submissions` VALUES (77, '2024-11-24 16:46:15.354', '2024-11-24 16:46:15.354', NULL, 1, 117, NULL, 'go', 'package main\r\n\r\nimport \"fmt\"\r\n\r\n// 求最大公约数（辗转相除法）\r\nfunc gcd(m, n int) int {\r\n    for n!= 0 {\r\n        m, n = n, m%n\r\n    }\r\n    return m\r\n}\r\n\r\n// 求最小公倍数\r\nfunc lcm(m, n int) int {\r\n    return m * n / gcd(m, n)\r\n}\r\n\r\nfunc main() {\r\n    var m, n int\r\n    fmt.Scanln(&m)\r\n    fmt.Scanln(&n)\r\n\r\n    fmt.Printf(\"%d %d\\n\", gcd(m, n), lcm(m, n))\r\n}', 202, '', '1', '12 18', '6 36', '4 24\n', 0, 0, NULL);
INSERT INTO `submissions` VALUES (78, '2024-11-24 16:47:31.038', '2024-11-24 16:47:31.038', NULL, 1, 117, NULL, 'go', 'package main\r\n\r\nimport \"fmt\"\r\n\r\nfunc gcd(x, y int) int {\r\n	tmp := x % y\r\n	if tmp > 0 {\r\n		return gcd(y, tmp)\r\n	} else {\r\n		return y\r\n	}\r\n}\r\n\r\n// 求最小公倍数\r\nfunc lcm(m, n int) int {\r\n    return m * n / gcd(m, n)\r\n}\r\n\r\nfunc main() {\r\n    var m, n int\r\n    fmt.Scanln(&m)\r\n    fmt.Scanln(&n)\r\n\r\n    fmt.Printf(\"%d %d\\n\", gcd(m, n), lcm(m, n))\r\n}', 202, '', '1', '12 18', '6 36', '4 24\n', 0, 0, NULL);
INSERT INTO `submissions` VALUES (79, '2024-11-24 16:49:42.734', '2024-11-24 16:49:42.734', NULL, 1, 117, NULL, 'go', 'package main\r\n\r\nimport \"fmt\"\r\n\r\nfunc gcd(x,y int) int {\r\n　　tmp:=x%y\r\n　　if tmp>0 {\r\n　　    x = y\r\n　　    y = tmp\r\n　　}else {\r\n　　    return y\r\n　　}　　\r\n　　return  -1\r\n}\r\n\r\n// 求最小公倍数\r\nfunc lcm(m, n int) int {\r\n    return m * n / gcd(m, n)\r\n}\r\n\r\nfunc main() {\r\n    var m, n int\r\n    fmt.Scanln(&m)\r\n    fmt.Scanln(&n)\r\n\r\n    fmt.Printf(\"%d %d\\n\", gcd(m, n), lcm(m, n))\r\n}', 203, '# command-line-arguments\n/main.go:6:1: invalid character U+3000 in identifier\n/main.go:7:1: invalid character U+3000 in identifier\n/main.go:7:10: syntax error: unexpected name tmp at end of statement\n/main.go:8:1: invalid character U+3000 in identifier\n/main.go:9:1: invalid character U+3000 in identifier\n/main.go:9:11: syntax error: unexpected name y at end of statement\n/main.go:10:1: invalid character U+3000 in identifier\n/main.go:10:8: syntax error: unexpected else after top level declaration\n/main.go:11:1: invalid character U+3000 in identifier\n/main.go:12:1: invalid character U+3000 in identifier\n/main.go:12:1: too many errors\n', '', '', '', '', 0, 0, NULL);
INSERT INTO `submissions` VALUES (80, '2024-11-24 16:50:08.452', '2024-11-24 16:50:08.452', NULL, 1, 117, NULL, 'go', 'package main\r\n\r\nimport \"fmt\"\r\n\r\nfunc gcd(x,y int) int {\r\n　　tmp := x%y\r\n　　if tmp > 0 {\r\n　　    x = y\r\n　　    y = tmp\r\n　　}else {\r\n　　    return y\r\n　　}　　\r\n　　return -1\r\n}\r\n\r\n// 求最小公倍数\r\nfunc lcm(m, n int) int {\r\n    return m * n / gcd(m, n)\r\n}\r\n\r\nfunc main() {\r\n    var m, n int\r\n    fmt.Scanln(&m)\r\n    fmt.Scanln(&n)\r\n\r\n    fmt.Printf(\"%d %d\\n\", gcd(m, n), lcm(m, n))\r\n}', 203, '# command-line-arguments\n/main.go:6:1: invalid character U+3000 in identifier\n/main.go:7:1: invalid character U+3000 in identifier\n/main.go:7:10: syntax error: unexpected name tmp at end of statement\n/main.go:8:1: invalid character U+3000 in identifier\n/main.go:9:1: invalid character U+3000 in identifier\n/main.go:9:11: syntax error: unexpected name y at end of statement\n/main.go:10:1: invalid character U+3000 in identifier\n/main.go:10:8: syntax error: unexpected else after top level declaration\n/main.go:11:1: invalid character U+3000 in identifier\n/main.go:12:1: invalid character U+3000 in identifier\n/main.go:12:1: too many errors\n', '', '', '', '', 0, 0, NULL);
INSERT INTO `submissions` VALUES (81, '2024-11-24 16:51:05.342', '2024-11-24 16:51:05.342', NULL, 1, 117, NULL, 'go', 'package main\r\n\r\nimport \"fmt\"\r\n\r\nfunc gcd(x,y int) int {\r\n	tmp := x % y\r\n	if tmp > 0 {\r\n		x = y\r\n		y = tmp\r\n	}else {\r\n		return y\r\n		}　　\r\n	return -1\r\n}\r\n\r\n// 求最小公倍数\r\nfunc lcm(m, n int) int {\r\n	return m * n / gcd(m, n)\r\n}\r\n\r\nfunc main() {\r\n	var m, n int\r\n	fmt.Scanln(&m)\r\n	fmt.Scanln(&n)\r\n\r\n	fmt.Printf(\"%d %d\\n\", gcd(m, n), lcm(m, n))\r\n}', 203, '# command-line-arguments\n/main.go:12:4: invalid character U+3000 in identifier\n/main.go:12:4: syntax error: unexpected name 　　 at end of statement\n', '', '', '', '', 0, 0, NULL);
INSERT INTO `submissions` VALUES (82, '2024-11-24 16:51:26.162', '2024-11-24 16:51:26.162', NULL, 1, 117, NULL, 'go', 'package main\r\n\r\nimport \"fmt\"\r\n\r\nfunc gcd(x,y int) int {\r\n	tmp := x % y\r\n	if tmp > 0 {\r\n		x = y\r\n		y = tmp\r\n	}else {\r\n		return y\r\n		}　　\r\n	return -1\r\n}\r\n\r\n// 求最小公倍数\r\nfunc lcm(m, n int) int {\r\n	return m * n / gcd(m, n)\r\n}\r\n\r\nfunc main() {\r\n	var m, n int\r\n	fmt.Scan(&m)\r\n	fmt.Scan(&n)\r\n\r\n	fmt.Printf(\"%d %d\\n\", gcd(m, n), lcm(m, n))\r\n}', 203, '# command-line-arguments\n/main.go:12:4: invalid character U+3000 in identifier\n/main.go:12:4: syntax error: unexpected name 　　 at end of statement\n', '', '', '', '', 0, 0, NULL);
INSERT INTO `submissions` VALUES (83, '2024-11-24 16:51:37.641', '2024-11-24 16:51:37.641', NULL, 1, 117, NULL, 'go', 'package main\r\n\r\nimport \"fmt\"\r\n\r\nfunc gcd(x,y int) int {\r\n	tmp := x % y\r\n	if tmp > 0 {\r\n		x = y\r\n		y = tmp\r\n	}else {\r\n		return y\r\n	}　　\r\n	return -1\r\n}\r\n\r\n// 求最小公倍数\r\nfunc lcm(m, n int) int {\r\n	return m * n / gcd(m, n)\r\n}\r\n\r\nfunc main() {\r\n	var m, n int\r\n	fmt.Scan(&m)\r\n	fmt.Scan(&n)\r\n	fmt.Printf(\"%d %d\\n\", gcd(m, n), lcm(m, n))\r\n}', 203, '# command-line-arguments\n/main.go:12:3: invalid character U+3000 in identifier\n/main.go:12:3: syntax error: unexpected name 　　 at end of statement\n', '', '', '', '', 0, 0, NULL);
INSERT INTO `submissions` VALUES (84, '2024-11-24 16:52:04.278', '2024-11-24 16:52:04.278', NULL, 1, 117, NULL, 'go', 'package main\r\n\r\nimport \"fmt\"\r\n\r\nfunc gcd(x,y int) int {\r\n	tmp := x % y\r\n	if tmp > 0 {\r\n		x = y\r\n		y = tmp\r\n	}else {\r\n		return y\r\n	}\r\n	return -1\r\n}\r\n\r\n// 求最小公倍数\r\nfunc lcm(m, n int) int {\r\n	return m * n / gcd(m, n)\r\n}\r\n\r\nfunc main() {\r\n	var m, n int\r\n	fmt.Scan(&m)\r\n	fmt.Scan(&n)\r\n	fmt.Printf(\"%d %d\\n\", gcd(m, n), lcm(m, n))\r\n}', 202, '', '1', '12 18', '6 36', '-1 -216\n', 0, 0, NULL);
INSERT INTO `submissions` VALUES (85, '2024-11-24 16:53:56.606', '2024-11-24 16:53:56.606', NULL, 1, 117, NULL, 'go', 'package main\r\n\r\nimport \"fmt\"\r\n\r\nfunc gcd(x, y int) int {\r\n	tmp := x % y\r\n	if tmp > 0 {\r\n		return gcd(y, tmp)\r\n	} else {\r\n		return y\r\n	}\r\n}\r\n\r\n// 求最小公倍数\r\nfunc lcm(m, n int) int {\r\n	return m * n / gcd(m, n)\r\n}\r\n\r\nfunc main() {\r\n	var m, n int\r\n	fmt.Scan(&m)\r\n	fmt.Scan(&n)\r\n	fmt.Printf(\"%d %d\\n\", gcd(m, n), lcm(m, n))\r\n}', 200, '', '', '', '', '', 769815546, 0, NULL);
INSERT INTO `submissions` VALUES (86, '2024-11-24 16:56:16.823', '2024-11-24 16:56:16.823', NULL, 1, 118, NULL, 'go', 'package main\r\n\r\nimport \"fmt\"\r\n\r\nfunc main() {\r\n    num := 1\r\n    for i := 9; i >= 1; i-- {\r\n        num = (num + 1) * 2\r\n    }\r\n    fmt.Println(num)\r\n}', 200, '', '', '', '', '', 1340930, 0, NULL);
INSERT INTO `submissions` VALUES (87, '2024-11-24 16:57:57.753', '2024-11-24 16:57:57.753', NULL, 1, 119, NULL, 'go', 'package main\r\n\r\nimport \"fmt\"\r\n\r\n// 链表节点结构体\r\ntype ListNode struct {\r\n    Val  int\r\n    Next *ListNode\r\n}\r\n\r\nfunc main() {\r\n    var n int\r\n    fmt.Scanln(&n)\r\n\r\n    // 创建初始链表，只有一个元素1\r\n    head := &ListNode{Val: 1}\r\n\r\n    for i := 0; i < n; i++ {\r\n        var op, x, y int\r\n        fmt.Scanln(&op, &x, &y)\r\n\r\n        switch op {\r\n        case 1:\r\n            insertNode(head, x, y)\r\n        case 2:\r\n            result := queryNext(head, x)\r\n            fmt.Println(result)\r\n        case 3:\r\n            deleteNext(head, x)\r\n        }\r\n    }\r\n}\r\n\r\n// 插入节点函数\r\nfunc insertNode(head *ListNode, x, y int) {\r\n    cur := head\r\n    for cur!= nil {\r\n        if cur.Val == x {\r\n            newNode := &ListNode{Val: y}\r\n            newNode.Next = cur.Next\r\n            cur.Next = newNode\r\n            break\r\n        }\r\n        cur = cur.Next\r\n    }\r\n}\r\n\r\n// 查询后继元素函数\r\nfunc queryNext(head *ListNode, x int) int {\r\n    cur := head\r\n    for cur!= nil {\r\n        if cur.Val == x {\r\n            if cur.Next == nil {\r\n                return 0\r\n            }\r\n            return cur.Next.Val\r\n        }\r\n        cur = cur.Next\r\n    }\r\n    return 0\r\n}\r\n\r\n// 删除后继元素函数\r\nfunc deleteNext(head *ListNode, x int) {\r\n    cur := head\r\n    for cur!= nil {\r\n        if cur.Val == x {\r\n            if cur.Next!= nil {\r\n                cur.Next = cur.Next.Next\r\n            }\r\n            break\r\n        }\r\n        cur = cur.Next\r\n    }\r\n}', 202, '', '4', '5\r\n1 1 2\r\n1 2 3\r\n2 1\r\n2 2\r\n3 2', '2\r\n3\r\n0', '2\n3\n', 0, 0, NULL);
INSERT INTO `submissions` VALUES (88, '2024-11-24 16:59:48.953', '2024-11-24 16:59:48.953', NULL, 1, 119, NULL, 'go', 'package main\r\n\r\nimport \"fmt\"\r\n\r\n// 链表节点结构体\r\ntype ListNode struct {\r\n    Val  int\r\n    Next *ListNode\r\n}\r\n\r\nfunc main() {\r\n    var n int\r\n    fmt.Scanln(&n)\r\n\r\n    // 创建初始链表，只有一个元素1\r\n    head := &ListNode{Val: 1}\r\n\r\n    for i := 0; i < n; i++ {\r\n        var op, x, y int\r\n        fmt.Scanln(&op, &x, &y)\r\n\r\n        switch op {\r\n        case 1:\r\n            insertNode(head, x, y)\r\n        case 2:\r\n            result := queryNext(head, x)\r\n            fmt.Println(result)\r\n        case 3:\r\n            deleteNext(head, x)\r\n        }\r\n    }\r\n}\r\n\r\n// 插入节点函数\r\nfunc insertNode(head *ListNode, x, y int) {\r\n    cur := head\r\n    for cur!= nil {\r\n        if cur.Val == x {\r\n            newNode := &ListNode{Val: y}\r\n            newNode.Next = cur.Next\r\n            cur.Next = newNode\r\n            break\r\n        }\r\n        cur = cur.Next\r\n    }\r\n}\r\n\r\n// 查询后继元素函数\r\nfunc queryNext(head *ListNode, x int) int {\r\n    cur := head\r\n    for cur!= nil {\r\n        if cur.Val == x {\r\n            if cur.Next == nil {\r\n                return 0\r\n            }\r\n            return cur.Next.Val\r\n        }\r\n        cur = cur.Next\r\n    }\r\n    return 0\r\n}\r\n\r\n// 删除后继元素函数\r\nfunc deleteNext(head *ListNode, x int) {\r\n    cur := head\r\n    for cur!= nil {\r\n        if cur.Val == x {\r\n            if cur.Next!= nil {\r\n                cur.Next = cur.Next.Next\r\n            }\r\n            break\r\n        }\r\n        cur = cur.Next\r\n    }\r\n}', 202, '', '5', '10\r\n1 1 2\r\n1 2 3\r\n1 3 4\r\n1 4 5\r\n2 1\r\n2 2\r\n2 3\r\n2 4\r\n3 3\r\n2 3', '2\r\n3\r\n4\r\n5\r\n0\r\n4', '2\n3\n4\n5\n5\n', 0, 0, NULL);
INSERT INTO `submissions` VALUES (89, '2024-11-24 17:02:30.203', '2024-11-24 17:02:30.203', NULL, 1, 119, NULL, 'go', 'package main\r\n\r\nimport \"fmt\"\r\n\r\n// 链表节点结构体\r\ntype ListNode struct {\r\n    Val  int\r\n    Next *ListNode\r\n}\r\n\r\nfunc main() {\r\n    var n int\r\n    fmt.Scanln(&n)\r\n\r\n    // 创建初始链表，只有一个元素1\r\n    head := &ListNode{Val: 1}\r\n\r\n    for i := 0; i < n; i++ {\r\n        var op, x, y int\r\n        fmt.Scanln(&op, &x, &y)\r\n\r\n        switch op {\r\n        case 1:\r\n            insertNode(head, x, y)\r\n        case 2:\r\n            result := queryNext(head, x)\r\n            fmt.Println(result)\r\n        case 3:\r\n            deleteNext(head, x)\r\n        }\r\n    }\r\n}\r\n\r\n// 插入节点函数\r\nfunc insertNode(head *ListNode, x, y int) {\r\n    cur := head\r\n    for cur!= nil {\r\n        if cur.Val == x {\r\n            newNode := &ListNode{Val: y}\r\n            newNode.Next = cur.Next\r\n            cur.Next = newNode\r\n            break\r\n        }\r\n        cur = cur.Next\r\n    }\r\n}\r\n\r\n// 查询后继元素函数\r\nfunc queryNext(head *ListNode, x int) int {\r\n    cur := head\r\n    for cur!= nil {\r\n        if cur.Val == x {\r\n            if cur.Next == nil {\r\n                return 0\r\n            }\r\n            return cur.Next.Val\r\n        }\r\n        cur = cur.Next\r\n    }\r\n    return 0\r\n}\r\n\r\n// 删除后继元素函数\r\nfunc deleteNext(head *ListNode, x int) {\r\n    cur := head\r\n    for cur!= nil {\r\n        if cur.Val == x {\r\n            if cur.Next!= nil {\r\n                cur.Next = cur.Next.Next\r\n            }\r\n            break\r\n        }\r\n        cur = cur.Next\r\n    }\r\n}', 202, '', '6', '6\r\n1 1 2\r\n1 2 3\r\n3 1\r\n2 1\r\n2 2\r\n2 3', '3\r\n0\r\n3', '3\n0\n0\n', 0, 0, NULL);
INSERT INTO `submissions` VALUES (90, '2024-11-24 17:03:28.160', '2024-11-24 17:03:28.160', NULL, 1, 119, NULL, 'go', 'package main\r\n\r\nimport \"fmt\"\r\n\r\n// 链表节点结构体\r\ntype ListNode struct {\r\n    Val  int\r\n    Next *ListNode\r\n}\r\n\r\nfunc main() {\r\n    var n int\r\n    fmt.Scanln(&n)\r\n\r\n    // 创建初始链表，只有一个元素1\r\n    head := &ListNode{Val: 1}\r\n\r\n    for i := 0; i < n; i++ {\r\n        var op, x, y int\r\n        fmt.Scanln(&op, &x, &y)\r\n\r\n        switch op {\r\n        case 1:\r\n            insertNode(head, x, y)\r\n        case 2:\r\n            result := queryNext(head, x)\r\n            fmt.Println(result)\r\n        case 3:\r\n            deleteNext(head, x)\r\n        }\r\n    }\r\n}\r\n\r\n// 插入节点函数\r\nfunc insertNode(head *ListNode, x, y int) {\r\n    cur := head\r\n    for cur!= nil {\r\n        if cur.Val == x {\r\n            newNode := &ListNode{Val: y}\r\n            newNode.Next = cur.Next\r\n            cur.Next = newNode\r\n            break\r\n        }\r\n        cur = cur.Next\r\n    }\r\n}\r\n\r\n// 查询后继元素函数\r\nfunc queryNext(head *ListNode, x int) int {\r\n    cur := head\r\n    for cur!= nil {\r\n        if cur.Val == x {\r\n            if cur.Next == nil {\r\n                return 0\r\n            }\r\n            return cur.Next.Val\r\n        }\r\n        cur = cur.Next\r\n    }\r\n    return 0\r\n}\r\n\r\n// 删除后继元素函数\r\nfunc deleteNext(head *ListNode, x int) {\r\n    cur := head\r\n    for cur!= nil {\r\n        if cur.Val == x {\r\n            if cur.Next!= nil {\r\n                cur.Next = cur.Next.Next\r\n            }\r\n            break\r\n        }\r\n        cur = cur.Next\r\n    }\r\n}', 202, '', '8', '7\r\n1 1 5\r\n1 5 6\r\n2 1\r\n3 5\r\n2 1\r\n2 5\r\n2 6', '5\r\n5\r\n0\r\n6', '5\n5\n0\n0\n', 0, 0, NULL);
INSERT INTO `submissions` VALUES (91, '2024-11-24 17:04:17.943', '2024-11-24 17:04:17.943', NULL, 1, 119, NULL, 'go', 'package main\r\n\r\nimport \"fmt\"\r\n\r\n// 链表节点结构体\r\ntype ListNode struct {\r\n    Val  int\r\n    Next *ListNode\r\n}\r\n\r\nfunc main() {\r\n    var n int\r\n    fmt.Scanln(&n)\r\n\r\n    // 创建初始链表，只有一个元素1\r\n    head := &ListNode{Val: 1}\r\n\r\n    for i := 0; i < n; i++ {\r\n        var op, x, y int\r\n        fmt.Scanln(&op, &x, &y)\r\n\r\n        switch op {\r\n        case 1:\r\n            insertNode(head, x, y)\r\n        case 2:\r\n            result := queryNext(head, x)\r\n            fmt.Println(result)\r\n        case 3:\r\n            deleteNext(head, x)\r\n        }\r\n    }\r\n}\r\n\r\n// 插入节点函数\r\nfunc insertNode(head *ListNode, x, y int) {\r\n    cur := head\r\n    for cur!= nil {\r\n        if cur.Val == x {\r\n            newNode := &ListNode{Val: y}\r\n            newNode.Next = cur.Next\r\n            cur.Next = newNode\r\n            break\r\n        }\r\n        cur = cur.Next\r\n    }\r\n}\r\n\r\n// 查询后继元素函数\r\nfunc queryNext(head *ListNode, x int) int {\r\n    cur := head\r\n    for cur!= nil {\r\n        if cur.Val == x {\r\n            if cur.Next == nil {\r\n                return 0\r\n            }\r\n            return cur.Next.Val\r\n        }\r\n        cur = cur.Next\r\n    }\r\n    return 0\r\n}\r\n\r\n// 删除后继元素函数\r\nfunc deleteNext(head *ListNode, x int) {\r\n    cur := head\r\n    for cur!= nil {\r\n        if cur.Val == x {\r\n            if cur.Next!= nil {\r\n                cur.Next = cur.Next.Next\r\n            }\r\n            break\r\n        }\r\n        cur = cur.Next\r\n    }\r\n}', 200, '', '', '', '', '', 1310969668, 0, NULL);
INSERT INTO `submissions` VALUES (92, '2024-11-24 17:05:05.176', '2024-11-24 17:05:05.176', NULL, 1, 120, NULL, 'go', 'package main\r\n\r\nimport (\r\n    \"fmt\"\r\n)\r\n\r\n// 链表节点结构体\r\ntype ListNode struct {\r\n    Val  int\r\n    Next *ListNode\r\n}\r\n\r\n// 反转链表函数\r\nfunc reverseList(pHead *ListNode) *ListNode {\r\n    var prev *ListNode\r\n    cur := pHead\r\n\r\n    for cur!= nil {\r\n        next := cur.Next\r\n        cur.Next = prev\r\n        prev = cur\r\n        cur = next\r\n    }\r\n\r\n    return prev\r\n}\r\n\r\nfunc main() {\r\n    var n int\r\n    fmt.Scanln(&n)\r\n\r\n    var head *ListNode\r\n    var tail *ListNode\r\n\r\n    for i := 0; i < n; i++ {\r\n        var val int\r\n        fmt.Scanln(&val)\r\n\r\n        newNode := &ListNode{Val: val}\r\n\r\n        if head == nil {\r\n            head = newNode\r\n            tail = newNode\r\n        } else {\r\n            tail.Next = newNode\r\n            tail = newNode\r\n        }\r\n    }\r\n\r\n    reversedHead := reverseList(head)\r\n\r\n    for reversedHead!= nil {\r\n        fmt.Printf(\"%d \", reversedHead.Val)\r\n        reversedHead = reversedHead.Next\r\n    }\r\n}\r\n', 202, '', '2', '2\r\n1 2', '1 2', '0 1 ', 0, 0, NULL);
INSERT INTO `submissions` VALUES (93, '2024-11-24 17:05:39.349', '2024-11-24 17:05:39.349', NULL, 1, 120, NULL, 'go', 'package main\r\n\r\nimport (\r\n    \"fmt\"\r\n)\r\n\r\n// 链表节点结构体\r\ntype ListNode struct {\r\n    Val  int\r\n    Next *ListNode\r\n}\r\n\r\n// 反转链表函数\r\nfunc reverseList(pHead *ListNode) *ListNode {\r\n    var prev *ListNode\r\n    cur := pHead\r\n\r\n    for cur!= nil {\r\n        next := cur.Next\r\n        cur.Next = prev\r\n        prev = cur\r\n        cur = next\r\n    }\r\n\r\n    return prev\r\n}\r\n\r\nfunc main() {\r\n    var n int\r\n    fmt.Scan(&n)\r\n\r\n    var head *ListNode\r\n    var tail *ListNode\r\n\r\n    for i := 0; i < n; i++ {\r\n        var val int\r\n        fmt.Scan(&val)\r\n\r\n        newNode := &ListNode{Val: val}\r\n\r\n        if head == nil {\r\n            head = newNode\r\n            tail = newNode\r\n        } else {\r\n            tail.Next = newNode\r\n            tail = newNode\r\n        }\r\n    }\r\n\r\n    reversedHead := reverseList(head)\r\n\r\n    for reversedHead!= nil {\r\n        fmt.Printf(\"%d \", reversedHead.Val)\r\n        reversedHead = reversedHead.Next\r\n    }\r\n}\r\n', 202, '', '2', '2\r\n1 2', '1 2', '2 1 ', 0, 0, NULL);
INSERT INTO `submissions` VALUES (94, '2024-11-24 17:06:14.317', '2024-11-24 17:06:14.317', NULL, 1, 120, NULL, 'go', 'package main\r\n\r\nimport (\r\n    \"fmt\"\r\n)\r\n\r\n// 链表节点结构体\r\ntype ListNode struct {\r\n    Val  int\r\n    Next *ListNode\r\n}\r\n\r\n// 反转链表函数\r\nfunc reverseList(pHead *ListNode) *ListNode {\r\n    var prev *ListNode\r\n    cur := pHead\r\n\r\n    for cur!= nil {\r\n        next := cur.Next\r\n        cur.Next = prev\r\n        prev = cur\r\n        cur = next\r\n    }\r\n\r\n    return prev\r\n}\r\n\r\nfunc main() {\r\n    var n int\r\n    fmt.Scan(&n)\r\n\r\n    var head *ListNode\r\n    var tail *ListNode\r\n\r\n    for i := 0; i < n; i++ {\r\n        var val int\r\n        fmt.Scan(&val)\r\n\r\n        newNode := &ListNode{Val: val}\r\n\r\n        if head == nil {\r\n            head = newNode\r\n            tail = newNode\r\n        } else {\r\n            tail.Next = newNode\r\n            tail = newNode\r\n        }\r\n    }\r\n\r\n    reversedHead := reverseList(head)\r\n\r\n    for reversedHead!= nil {\r\n        fmt.Printf(\"%d \", reversedHead.Val)\r\n        reversedHead = reversedHead.Next\r\n    }\r\n}\r\n', 200, '', '', '', '', '', 790157997, 0, NULL);
INSERT INTO `submissions` VALUES (95, '2024-11-24 17:07:09.331', '2024-11-24 17:07:09.331', NULL, 1, 121, NULL, 'go', 'package main\r\n\r\nimport (\r\n    \"fmt\"\r\n)\r\n\r\n// 链表节点结构体\r\ntype ListNode struct {\r\n    Val  int\r\n    Next *ListNode\r\n}\r\n\r\n// 反转链表函数\r\nfunc reverseList(pHead *ListNode) *ListNode {\r\n    var prev *ListNode\r\n    cur := pHead\r\n\r\n    for cur!= nil {\r\n        next := cur.Next\r\n        cur.Next = prev\r\n        prev = cur\r\n        cur = next\r\n    }\r\n\r\n    return prev\r\n}\r\n\r\nfunc main() {\r\n    var n int\r\n    fmt.Scanln(&n)\r\n\r\n    var head *ListNode\r\n    var tail *ListNode\r\n\r\n    for i := 0; i < n; i++ {\r\n        var val int\r\n        fmt.Scanln(&val)\r\n\r\n        newNode := &ListNode{Val: val}\r\n\r\n        if head == nil {\r\n            head = newNode\r\n            tail = newNode\r\n        } else {\r\n            tail.Next = newNode\r\n            tail = newNode\r\n        }\r\n    }\r\n\r\n    reversedHead := reverseList(head)\r\n\r\n    for reversedHead!= nil {\r\n        fmt.Printf(\"%d \", reversedHead.Val)\r\n        reversedHead = reversedHead.Next\r\n    }\r\n}', 202, '', '1', '2\r\n-1 1\r\n0', '0 1', '0 -1 ', 0, 0, NULL);
INSERT INTO `submissions` VALUES (96, '2024-11-24 17:08:05.266', '2024-11-24 17:08:05.266', NULL, 1, 121, NULL, 'go', 'package main\r\n\r\nimport (\r\n    \"fmt\"\r\n)\r\n\r\nfunc twoSum(nums []int, target int) []int {\r\n    for i, num1 := range nums {\r\n        for j, num2 := range nums {\r\n            if i!= j && num1+num2 == target {\r\n                return []int{i, j}\r\n            }\r\n        }\r\n    }\r\n    return []int{-1, -1}\r\n}\r\n\r\nfunc main() {\r\n    var n int\r\n    fmt.Scanln(&n)\r\n\r\n    nums := make([]int, n)\r\n    for i := 0; i < n; i++ {\r\n        fmt.Scanln(&nums[i])\r\n    }\r\n\r\n    var target int\r\n    fmt.Scanln(&target)\r\n\r\n    result := twoSum(nums, target)\r\n    fmt.Println(result[0], result[1])\r\n}', 202, '', '1', '2\r\n-1 1\r\n0', '0 1', '-1 -1\n', 0, 0, NULL);
INSERT INTO `submissions` VALUES (97, '2024-11-24 17:09:29.118', '2024-11-24 17:09:29.118', NULL, 1, 121, NULL, 'go', 'package main\r\n\r\nimport (\r\n    \"fmt\"\r\n)\r\n\r\nfunc twoSum(nums []int, target int) []int {\r\n    for i, num1 := range nums {\r\n        for j, num2 := range nums {\r\n            if i!= j && num1 + num2 == target {\r\n                return []int{i, j}\r\n            }\r\n        }\r\n    }\r\n    return []int{-1, -1}\r\n}\r\n\r\nfunc main() {\r\n    var n int\r\n    fmt.Scan(&n)\r\n\r\n    nums := make([]int, n)\r\n    for i := 0; i < n; i++ {\r\n        fmt.Scan(&nums[i])\r\n    }\r\n\r\n    var target int\r\n    fmt.Scan(&target)\r\n\r\n    result := twoSum(nums, target)\r\n    fmt.Println(result[0], result[1])\r\n}', 202, '', '2', '1000\r\n1 2 3 4 5 6 7 8 9 10 11 12 13 14 15 16 17 18 19 20 21 22 23 24 25 26 27 28 29 30 31 32 33 34 35 36 37 38 39 40 41 42 43 44 45 46 47 48 49 50 51 52 53 54 55 56 57 58 59 60 61 62 63 64 65 66 67 68 69 70 71 72 73 74 75 76 77 78 79 80 81 82 83 84 85 86 87 88 89 90 91 92 93 94 95 96 97 98 99 100 101 102 103 104 105 106 107 108 109 110 111 112 113 114 115 116 117 118 119 120 121 122 123 124 125 126 127 128 129 130 120 140 150 160 170 180 190 200 210 220 230 240 250 260 270 280 290 300 310 320 330 340 350 360 370 380 390 400 410 420 430 440 450 460 470 480 490 500 510 520 530 540 550 560 570 580 590 600 610 620 630 640 650 660 670 680 690 700 710 720 730 740 750 760 770 780 790 800 810 820 830 840 850 860 870 880 890 900 910 920 930 940 950 960 970 980 990 1000\r\n200', '119 120', '219 220\n', 0, 0, NULL);
INSERT INTO `submissions` VALUES (98, '2024-11-24 17:13:21.967', '2024-11-24 17:13:21.967', NULL, 1, 121, NULL, 'go', 'package main\r\n\r\nimport (\r\n    \"fmt\"\r\n)\r\n\r\nfunc twoSum(nums []int, target int) []int {\r\n    for i, num1 := range nums {\r\n        for j, num2 := range nums {\r\n            if i != j && num1 + num2 == target {\r\n                return []int{i, j}\r\n            }\r\n        }\r\n    }\r\n    return []int{-1, -1}\r\n}\r\n\r\nfunc main() {\r\n    var n int\r\n    fmt.Scan(&n)\r\n\r\n    nums := make([]int, n)\r\n    for i := 0; i < n; i++ {\r\n        fmt.Scan(&nums[i])\r\n    }\r\n\r\n    var target int\r\n    fmt.Scan(&target)\r\n\r\n    result := twoSum(nums, target)\r\n    fmt.Println(result[0], result[1])\r\n}', 202, '', '2', '1000\r\n1 2 3 4 5 6 7 8 9 10 11 12 13 14 15 16 17 18 19 20 21 22 23 24 25 26 27 28 29 30 31 32 33 34 35 36 37 38 39 40 41 42 43 44 45 46 47 48 49 50 51 52 53 54 55 56 57 58 59 60 61 62 63 64 65 66 67 68 69 70 71 72 73 74 75 76 77 78 79 80 81 82 83 84 85 86 87 88 89 90 91 92 93 94 95 96 97 98 99 100 101 102 103 104 105 106 107 108 109 110 111 112 113 114 115 116 117 118 119 120 121 122 123 124 125 126 127 128 129 130 120 140 150 160 170 180 190 200 210 220 230 240 250 260 270 280 290 300 310 320 330 340 350 360 370 380 390 400 410 420 430 440 450 460 470 480 490 500 510 520 530 540 550 560 570 580 590 600 610 620 630 640 650 660 670 680 690 700 710 720 730 740 750 760 770 780 790 800 810 820 830 840 850 860 870 880 890 900 910 920 930 940 950 960 970 980 990 1000\r\n200', '119 120', '219 220\n', 0, 0, NULL);
INSERT INTO `submissions` VALUES (99, '2024-11-24 17:13:47.356', '2024-11-24 17:13:47.356', NULL, 1, 121, NULL, 'go', 'package main\r\n\r\nimport (\r\n    \"fmt\"\r\n)\r\n\r\nfunc twoSum(nums []int, target int) []int {\r\n    for i, num1 := range nums {\r\n        for j, num2 := range nums {\r\n            if i != j && num1 + num2 == target {\r\n                return []int{i, j}\r\n            }\r\n        }\r\n    }\r\n    return []int{-1, -1}\r\n}\r\n\r\nfunc main() {\r\n    var n int\r\n    fmt.Scan(&n)\r\n\r\n    nums := make([]int, n)\r\n    for i := 0; i < n; i++ {\r\n        fmt.Scan(&nums[i])\r\n    }\r\n\r\n    var target int\r\n    fmt.Scan(&target)\r\n\r\n    result := twoSum(nums, target)\r\n    fmt.Println(result[0], result[1])\r\n}', 202, '', '3', '3\r\n-1000000000 1000000000 0\r\n0', '0 2', '0 1\n', 0, 0, NULL);
INSERT INTO `submissions` VALUES (100, '2024-11-24 17:14:35.777', '2024-11-24 17:14:35.777', NULL, 1, 121, NULL, 'go', 'package main\r\n\r\nimport (\r\n    \"fmt\"\r\n)\r\n\r\nfunc twoSum(nums []int, target int) []int {\r\n    for i, num1 := range nums {\r\n        for j, num2 := range nums {\r\n            if i != j && num1 + num2 == target {\r\n                return []int{i, j}\r\n            }\r\n        }\r\n    }\r\n    return []int{-1, -1}\r\n}\r\n\r\nfunc main() {\r\n    var n int\r\n    fmt.Scan(&n)\r\n\r\n    nums := make([]int, n)\r\n    for i := 0; i < n; i++ {\r\n        fmt.Scan(&nums[i])\r\n    }\r\n\r\n    var target int\r\n    fmt.Scan(&target)\r\n\r\n    result := twoSum(nums, target)\r\n    fmt.Println(result[0], result[1])\r\n}', 202, '', '6', '1000\r\n-1 -2 -3 -4 -5 -6 -7 -8 -9 -10 -11 -12 -13 -14 -15 -16 -17 -18 -19 -20 -21 -22 -23 -24 -25 -26 -27 -28 -29 -30 -31 -32 -33 -34 -35 -36 -37 -38 -39 -40 -41 -42 -43 -44 -45 -46 -47 -48 -49 -50 -51 -52 -53 -54 -55 -56 -57 -58 -59 -60 -61 -62 -63 -64 -65 -66 -67 -68 -69 -70 -71 -72 -73 -74 -75 -76 -77 -78 -79 -80 -81 -82 -83 -84 -85 -86 -87 -88 -89 -90 -91 -92 -93 -94 -95 -96 -97 -98 -99 -100 -101 -102 -103 -104 -105 -106 -107 -108 -109 -110 -111 -112 -113 -114 -115 -116 -117 -118 -119 -120 -121 -122 -123 -124 -125 -126 -127 -128 -129 -130 -120 -140 -150 -160 -170 -180 -190 -200 -210 -220 -230 -240 -250 -260 -270 -280 -290 -300 -310 -320 -330 -340 -350 -360 -370 -380 -390 -400 -410 -420 -430 -440 -450 -460 -470 -480 -490 -500 -510 -520 -530 -540 -550 -560 -570 -580 -590 -600 -610 -620 -630 -640 -650 -660 -670 -680 -690 -700 -710 -720 -730 -740 -750 -760 -770 -780 -790 -800 -810 -820 -830 -840 -850 -860 -870 -880 -890 -900 -910 -920 -930 -940 -950 -960 -970 -980 -990 -1000\r\n2000', '-1 -1', '219 220\n', 0, 0, NULL);
INSERT INTO `submissions` VALUES (101, '2024-11-24 17:15:27.510', '2024-11-24 17:15:27.510', NULL, 1, 121, NULL, 'go', 'package main\r\n\r\nimport (\r\n    \"fmt\"\r\n)\r\n\r\nfunc twoSum(nums []int, target int) []int {\r\n    for i, num1 := range nums {\r\n        for j, num2 := range nums {\r\n            if i != j && num1 + num2 == target {\r\n                return []int{i, j}\r\n            }\r\n        }\r\n    }\r\n    return []int{-1, -1}\r\n}\r\n\r\nfunc main() {\r\n    var n int\r\n    fmt.Scan(&n)\r\n\r\n    nums := make([]int, n)\r\n    for i := 0; i < n; i++ {\r\n        fmt.Scan(&nums[i])\r\n    }\r\n\r\n    var target int\r\n    fmt.Scan(&target)\r\n\r\n    result := twoSum(nums, target)\r\n    fmt.Println(result[0], result[1])\r\n}', 202, '', '7', '4\r\n2 5 7 10\r\n9', '0 1', '0 2\n', 0, 0, NULL);
INSERT INTO `submissions` VALUES (102, '2024-11-24 17:16:02.950', '2024-11-24 17:16:02.950', NULL, 1, 121, NULL, 'go', 'package main\r\n\r\nimport (\r\n    \"fmt\"\r\n)\r\n\r\nfunc twoSum(nums []int, target int) []int {\r\n    for i, num1 := range nums {\r\n        for j, num2 := range nums {\r\n            if i != j && num1 + num2 == target {\r\n                return []int{i, j}\r\n            }\r\n        }\r\n    }\r\n    return []int{-1, -1}\r\n}\r\n\r\nfunc main() {\r\n    var n int\r\n    fmt.Scan(&n)\r\n\r\n    nums := make([]int, n)\r\n    for i := 0; i < n; i++ {\r\n        fmt.Scan(&nums[i])\r\n    }\r\n\r\n    var target int\r\n    fmt.Scan(&target)\r\n\r\n    result := twoSum(nums, target)\r\n    fmt.Println(result[0], result[1])\r\n}', 202, '', '8', '5\r\n3 8 1 6 9\r\n14', '0 4', '1 3\n', 0, 0, NULL);
INSERT INTO `submissions` VALUES (103, '2024-11-24 17:16:47.688', '2024-11-24 17:16:47.688', NULL, 1, 121, NULL, 'go', 'package main\r\n\r\nimport (\r\n    \"fmt\"\r\n)\r\n\r\nfunc twoSum(nums []int, target int) []int {\r\n    for i, num1 := range nums {\r\n        for j, num2 := range nums {\r\n            if i != j && num1 + num2 == target {\r\n                return []int{i, j}\r\n            }\r\n        }\r\n    }\r\n    return []int{-1, -1}\r\n}\r\n\r\nfunc main() {\r\n    var n int\r\n    fmt.Scan(&n)\r\n\r\n    nums := make([]int, n)\r\n    for i := 0; i < n; i++ {\r\n        fmt.Scan(&nums[i])\r\n    }\r\n\r\n    var target int\r\n    fmt.Scan(&target)\r\n\r\n    result := twoSum(nums, target)\r\n    fmt.Println(result[0], result[1])\r\n}', 200, '', '', '', '', '', 893461878, 0, NULL);
INSERT INTO `submissions` VALUES (104, '2024-11-24 17:19:16.888', '2024-11-24 17:19:16.888', NULL, 1, 122, NULL, 'go', 'package main\r\n\r\nimport \"fmt\"\r\n\r\nfunc lengthOfLongestSubstring(s string) int {\r\n    n := len(s)\r\n    maxLen := 0\r\n    left := 0\r\n    charMap := make(map[byte]int)\r\n\r\n    for right := 0; right < n; right++ {\r\n        if _, ok := charMap[s[right]]; ok {\r\n            left = max(left, charMap[s[right]]+1)\r\n        }\r\n        charMap[s[right]] = right\r\n        maxLen = max(maxLen, right-left+1)\r\n    }\r\n\r\n    return maxLen\r\n}\r\n\r\nfunc max(a, b int) int {\r\n    if a > b {\r\n        return a\r\n    }\r\n    return b\r\n}\r\n\r\nfunc main() {\r\n    var s string\r\n    fmt.Scanln(s)\r\n\r\n    result := lengthOfLongestSubstring(s)\r\n    fmt.Println(result)\r\n}', 202, '', '1', 'dvdf', '3', '0\n', 0, 0, NULL);
INSERT INTO `submissions` VALUES (105, '2024-11-24 17:19:47.881', '2024-11-24 17:19:47.881', NULL, 1, 122, NULL, 'go', 'package main\r\n\r\nimport \"fmt\"\r\n\r\nfunc lengthOfLongestSubstring(s string) int {\r\n    n := len(s)\r\n    maxLength := 0\r\n    left := 0\r\n    charSet := make(map[byte]bool)\r\n\r\n    for right := 0; right < n; right++ {\r\n        for charSet[s[right]] {\r\n            delete(charSet, s[left])\r\n            left++\r\n        }\r\n\r\n        charSet[s[right]] = true\r\n        currentLength := right - left + 1\r\n        if currentLength > maxLength {\r\n            maxLength = currentLength\r\n        }\r\n    }\r\n\r\n    return maxLength\r\n}\r\n\r\nfunc main() {\r\n    var s string\r\n    fmt.Scanln(s)\r\n\r\n    result := lengthOfLongestSubstring(s)\r\n    fmt.Println(result)\r\n}', 202, '', '1', 'dvdf', '3', '0\n', 0, 0, NULL);
INSERT INTO `submissions` VALUES (106, '2024-11-24 17:21:02.540', '2024-11-24 17:21:02.540', NULL, 1, 122, NULL, 'go', 'func lengthOfLongestSubstring(s string) int {\r\n    // guard clauses，也就是卫语句，在递归中非常重要\r\n    if len(s) <= 1 {\r\n        return len(s)\r\n    }\r\n    // 全局的字符串，用于保存\r\n    var mp = make(map[byte]int)\r\n    var i int\r\n    for i = 0 ;i < len(s); i++ {\r\n        if _, ok := mp[s[i]]; ok {\r\n            break // 找到重复的，直接退出\r\n        } else {\r\n            mp[s[i]] = i // 没找到重复的，加上这个子串\r\n        }\r\n    }\r\n\r\n    length := lengthOfLongestSubstring(s[1:])\r\n    if i > length {\r\n        return i\r\n    }\r\n    return length\r\n}', 203, '/main.go:1:1: expected \'package\', found \'func\'\n', '', '', '', '', 0, 0, NULL);
INSERT INTO `submissions` VALUES (107, '2024-11-24 17:21:14.098', '2024-11-24 17:21:14.098', NULL, 1, 122, NULL, 'go', 'package main\r\n\r\nimport \"fmt\"\r\n\r\nfunc lengthOfLongestSubstring(s string) int {\r\n    // guard clauses，也就是卫语句，在递归中非常重要\r\n    if len(s) <= 1 {\r\n        return len(s)\r\n    }\r\n    // 全局的字符串，用于保存\r\n    var mp = make(map[byte]int)\r\n    var i int\r\n    for i = 0 ;i < len(s); i++ {\r\n        if _, ok := mp[s[i]]; ok {\r\n            break // 找到重复的，直接退出\r\n        } else {\r\n            mp[s[i]] = i // 没找到重复的，加上这个子串\r\n        }\r\n    }\r\n\r\n    length := lengthOfLongestSubstring(s[1:])\r\n    if i > length {\r\n        return i\r\n    }\r\n    return length\r\n}\r\n\r\nfunc main() {\r\n    var s string\r\n    fmt.Scanln(s)\r\n\r\n    result := lengthOfLongestSubstring(s)\r\n    fmt.Println(result)\r\n}', 202, '', '1', 'dvdf', '3', '0\n', 0, 0, NULL);
INSERT INTO `submissions` VALUES (108, '2024-11-24 17:21:41.470', '2024-11-24 17:21:41.470', NULL, 1, 122, NULL, 'go', 'package main\r\n\r\nimport \"fmt\"\r\n\r\nfunc lengthOfLongestSubstring(s string) int {\r\n    // guard clauses，也就是卫语句，在递归中非常重要\r\n    if len(s) <= 1 {\r\n        return len(s)\r\n    }\r\n    // 全局的字符串，用于保存\r\n    var mp = make(map[byte]int)\r\n    var i int\r\n    for i = 0 ;i < len(s); i++ {\r\n        if _, ok := mp[s[i]]; ok {\r\n            break // 找到重复的，直接退出\r\n        } else {\r\n            mp[s[i]] = i // 没找到重复的，加上这个子串\r\n        }\r\n    }\r\n\r\n    length := lengthOfLongestSubstring(s[1:])\r\n    if i > length {\r\n        return i\r\n    }\r\n    return length\r\n}\r\n\r\nfunc main() {\r\n    var s string\r\n    fmt.Scan(s)\r\n\r\n    result := lengthOfLongestSubstring(s)\r\n    fmt.Println(result)\r\n}', 202, '', '1', 'dvdf', '3', '0\n', 0, 0, NULL);
INSERT INTO `submissions` VALUES (109, '2024-11-24 17:22:14.911', '2024-11-24 17:22:14.911', NULL, 1, 122, NULL, 'go', 'package main\r\n\r\nimport \"fmt\"\r\n\r\nfunc lengthOfLongestSubstring(s string) int {\r\n    // guard clauses，也就是卫语句，在递归中非常重要\r\n    if len(s) <= 1 {\r\n        return len(s)\r\n    }\r\n    // 全局的字符串，用于保存\r\n    var mp = make(map[byte]int)\r\n    var i int\r\n    for i = 0 ;i < len(s); i++ {\r\n        if _, ok := mp[s[i]]; ok {\r\n            break // 找到重复的，直接退出\r\n        } else {\r\n            mp[s[i]] = i // 没找到重复的，加上这个子串\r\n        }\r\n    }\r\n\r\n    length := lengthOfLongestSubstring(s[1:])\r\n    if i > length {\r\n        return i\r\n    }\r\n    return length\r\n}\r\n\r\nfunc main() {\r\n    var s string\r\n    fmt.Scan(&s)\r\n\r\n    result := lengthOfLongestSubstring(s)\r\n    fmt.Println(result)\r\n}', 202, '', '4', 'cddced', '4', '3\n', 0, 0, NULL);
INSERT INTO `submissions` VALUES (110, '2024-11-24 17:26:35.996', '2024-11-24 17:26:35.996', NULL, 1, 122, NULL, 'go', 'package main\r\n\r\nimport \"fmt\"\r\n\r\nfunc lengthOfLongestSubstring(s string) int {\r\n    // guard clauses，也就是卫语句，在递归中非常重要\r\n    if len(s) <= 1 {\r\n        return len(s)\r\n    }\r\n    // 全局的字符串，用于保存\r\n    var mp = make(map[byte]int)\r\n    var i int\r\n    for i = 0 ;i < len(s); i++ {\r\n        if _, ok := mp[s[i]]; ok {\r\n            break // 找到重复的，直接退出\r\n        } else {\r\n            mp[s[i]] = i // 没找到重复的，加上这个子串\r\n        }\r\n    }\r\n\r\n    length := lengthOfLongestSubstring(s[1:])\r\n    if i > length {\r\n        return i\r\n    }\r\n    return length\r\n}\r\n\r\nfunc main() {\r\n    var s string\r\n    fmt.Scan(&s)\r\n\r\n    result := lengthOfLongestSubstring(s)\r\n    fmt.Println(result)\r\n}', 202, '', '8', 'zxcvbnm,.lkjhgfdsapoiuytrewq', '26', '28\n', 0, 0, NULL);
INSERT INTO `submissions` VALUES (111, '2024-11-24 17:27:01.082', '2024-11-24 17:27:01.082', NULL, 1, 122, NULL, 'go', 'package main\r\n\r\nimport \"fmt\"\r\n\r\nfunc lengthOfLongestSubstring(s string) int {\r\n    // guard clauses，也就是卫语句，在递归中非常重要\r\n    if len(s) <= 1 {\r\n        return len(s)\r\n    }\r\n    // 全局的字符串，用于保存\r\n    var mp = make(map[byte]int)\r\n    var i int\r\n    for i = 0 ;i < len(s); i++ {\r\n        if _, ok := mp[s[i]]; ok {\r\n            break // 找到重复的，直接退出\r\n        } else {\r\n            mp[s[i]] = i // 没找到重复的，加上这个子串\r\n        }\r\n    }\r\n\r\n    length := lengthOfLongestSubstring(s[1:])\r\n    if i > length {\r\n        return i\r\n    }\r\n    return length\r\n}\r\n\r\nfunc main() {\r\n    var s string\r\n    fmt.Scan(&s)\r\n\r\n    result := lengthOfLongestSubstring(s)\r\n    fmt.Println(result)\r\n}', 202, '', '14', '0123456789abcdefghijklmnopqrstuvwxyzABCDEFGHIJKLMNOPQRSTUVWXYZ!@#$%^&*()_+-=[]{}|;\':\\\",./<>?\r\n', '95', '92\n', 0, 0, NULL);
INSERT INTO `submissions` VALUES (112, '2024-11-24 17:27:32.401', '2024-11-24 17:27:32.401', NULL, 1, 122, NULL, 'go', 'package main\r\n\r\nimport \"fmt\"\r\n\r\nfunc lengthOfLongestSubstring(s string) int {\r\n    // guard clauses，也就是卫语句，在递归中非常重要\r\n    if len(s) <= 1 {\r\n        return len(s)\r\n    }\r\n    // 全局的字符串，用于保存\r\n    var mp = make(map[byte]int)\r\n    var i int\r\n    for i = 0 ;i < len(s); i++ {\r\n        if _, ok := mp[s[i]]; ok {\r\n            break // 找到重复的，直接退出\r\n        } else {\r\n            mp[s[i]] = i // 没找到重复的，加上这个子串\r\n        }\r\n    }\r\n\r\n    length := lengthOfLongestSubstring(s[1:])\r\n    if i > length {\r\n        return i\r\n    }\r\n    return length\r\n}\r\n\r\nfunc main() {\r\n    var s string\r\n    fmt.Scan(&s)\r\n\r\n    result := lengthOfLongestSubstring(s)\r\n    fmt.Println(result)\r\n}', 202, '', '14', '0123456789abcdefghijklmnopqrstuvwxyzABCDEFGHIJKLMNOPQRSTUVWXYZ!@#$%^&*()_+-=[]{}|;\':\\\",./<>?\r\n', '95', '92\n', 0, 0, NULL);
INSERT INTO `submissions` VALUES (113, '2024-11-24 17:27:52.020', '2024-11-24 17:27:52.020', NULL, 1, 122, NULL, 'go', 'package main\r\n\r\nimport \"fmt\"\r\n\r\nfunc lengthOfLongestSubstring(s string) int {\r\n    // guard clauses，也就是卫语句，在递归中非常重要\r\n    if len(s) <= 1 {\r\n        return len(s)\r\n    }\r\n    // 全局的字符串，用于保存\r\n    var mp = make(map[byte]int)\r\n    var i int\r\n    for i = 0 ;i < len(s); i++ {\r\n        if _, ok := mp[s[i]]; ok {\r\n            break // 找到重复的，直接退出\r\n        } else {\r\n            mp[s[i]] = i // 没找到重复的，加上这个子串\r\n        }\r\n    }\r\n\r\n    length := lengthOfLongestSubstring(s[1:])\r\n    if i > length {\r\n        return i\r\n    }\r\n    return length\r\n}\r\n\r\nfunc main() {\r\n    var s string\r\n    fmt.Scan(&s)\r\n\r\n    result := lengthOfLongestSubstring(s)\r\n    fmt.Println(result)\r\n}', 200, '', '', '', '', '', 1399954832, 0, NULL);
INSERT INTO `submissions` VALUES (114, '2024-11-24 18:10:45.593', '2024-11-24 18:10:45.593', NULL, 1, 123, NULL, 'go', 'package main\r\n\r\nimport (\r\n    \"fmt\"\r\n)\r\n\r\nfunc longestPalindrome(s string) string {\r\n    n := len(s)\r\n    if n < 2 {\r\n        return s\r\n    }\r\n\r\n    maxLen := 1\r\n    begin := 0\r\n\r\n    // 中心扩展法\r\n    for i := 0; i < n; i++ {\r\n        oddLen := expandAroundCenter(s, i, i)\r\n        evenLen := expandAroundCenter(s, i, i+1)\r\n        curLen := max(oddLen, evenLen)\r\n\r\n        if curLen > maxLen {\r\n            maxLen = curLen\r\n            begin = i - (curLen-1)/2\r\n        }\r\n    }\r\n\r\n    return s[begin : begin+maxLen]\r\n}\r\n\r\nfunc expandAroundCenter(s string, left, right int) int {\r\n    L, R := left, right\r\n    n := len(s)\r\n\r\n    for L >= 0 && R < n && s[L] == s[R] {\r\n        L--\r\n        R++\r\n    }\r\n\r\n    return R - L - 1\r\n}\r\n\r\nfunc max(a, b int) int {\r\n    if a > b {\r\n        return a\r\n    }\r\n    return b\r\n}\r\n\r\nfunc main() {\r\n    var s string\r\n    fmt.Scan(s)\r\n\r\n    result := longestPalindrome(s)\r\n    fmt.Println(result)\r\n}', 202, '', '1', 'babad', 'bab', '\n', 0, 0, NULL);
INSERT INTO `submissions` VALUES (115, '2024-11-24 18:11:13.994', '2024-11-24 18:11:13.994', NULL, 1, 123, NULL, 'go', 'package main\r\n\r\nimport (\r\n    \"fmt\"\r\n)\r\n\r\nfunc longestPalindrome(s string) string {\r\n    n := len(s)\r\n    if n < 2 {\r\n        return s\r\n    }\r\n\r\n    maxLen := 1\r\n    begin := 0\r\n\r\n    // 中心扩展法\r\n    for i := 0; i < n; i++ {\r\n        oddLen := expandAroundCenter(s, i, i)\r\n        evenLen := expandAroundCenter(s, i, i+1)\r\n        curLen := max(oddLen, evenLen)\r\n\r\n        if curLen > maxLen {\r\n            maxLen = curLen\r\n            begin = i - (curLen-1)/2\r\n        }\r\n    }\r\n\r\n    return s[begin : begin+maxLen]\r\n}\r\n\r\nfunc expandAroundCenter(s string, left, right int) int {\r\n    L, R := left, right\r\n    n := len(s)\r\n\r\n    for L >= 0 && R < n && s[L] == s[R] {\r\n        L--\r\n        R++\r\n    }\r\n\r\n    return R - L - 1\r\n}\r\n\r\nfunc max(a, b int) int {\r\n    if a > b {\r\n        return a\r\n    }\r\n    return b\r\n}\r\n\r\nfunc main() {\r\n    var s string\r\n    fmt.Scan(&s)\r\n\r\n    result := longestPalindrome(s)\r\n    fmt.Println(result)\r\n}', 200, '', '', '', '', '', 19962139, 0, NULL);
INSERT INTO `submissions` VALUES (116, '2024-11-24 18:11:42.150', '2024-11-24 18:11:42.150', NULL, 1, 124, NULL, 'go', 'package main\r\n\r\nimport \"fmt\"\r\n\r\nfunc convert(s string, numRows int) string {\r\n    if numRows == 1 {\r\n        return s\r\n    }\r\n\r\n    rows := make([]string, numRows)\r\n    curRow := 0\r\n    goingDown := false\r\n\r\n    for _, char := range s {\r\n        rows[curRow] += string(char)\r\n\r\n        if curRow == 0 || curRow == numRows-1 {\r\n            goingDown =!goingDown\r\n        }\r\n\r\n        if goingDown {\r\n            curRow++\r\n        } else {\r\n            curRow--\r\n        }\r\n    }\r\n\r\n    var result string\r\n    for _, row := range rows {\r\n        result += row\r\n    }\r\n\r\n    return result\r\n}\r\n\r\nfunc main() {\r\n    var s string\r\n    fmt.Scan(&s)\r\n\r\n    var numRows int\r\n    fmt.Scan(&numRows)\r\n\r\n    output := convert(s, numRows)\r\n    fmt.Println(output)\r\n}', 202, '', '5', 'THISISALONGLONGSTRING\r\n5', 'TIIGSIHOLNLSRINGGOT', 'TOTHLNSRIAGGISSLNNIOG\n', 0, 0, NULL);
INSERT INTO `submissions` VALUES (117, '2024-11-24 18:12:46.324', '2024-11-24 18:12:46.324', NULL, 1, 124, NULL, 'go', 'package main\r\n\r\nimport \"fmt\"\r\n\r\nfunc convert(s string, numRows int) string {\r\n    // 很巧妙 头尾转变方向\r\n    arr := make([]string, numRows)\r\n    if numRows < 2 {\r\n        return s\r\n    }\r\n\r\n    i, flag := 0, -1\r\n    for _, v := range s {\r\n        arr[i] += string(v)\r\n        if i == 0 || i == numRows -1 {\r\n            flag = -flag\r\n        }\r\n        i += flag\r\n    }\r\n\r\n    var result string\r\n    fmt.Println(arr, result)\r\n\r\n    for i := 0; i < len(arr); i++ {\r\n        result += arr[i]\r\n    }\r\n\r\n    return result\r\n}\r\n\r\n\r\nfunc main() {\r\n    var s string\r\n    fmt.Scan(&s)\r\n\r\n    var numRows int\r\n    fmt.Scan(&numRows)\r\n\r\n    output := convert(s, numRows)\r\n    fmt.Println(output)\r\n}', 202, '', '1', 'PAYPALISHIRING\r\n3', 'PAHNAPLSIIGYIR', '[PAHN APLSIIG YIR] \nPAHNAPLSIIGYIR\n', 0, 0, NULL);
INSERT INTO `submissions` VALUES (118, '2024-11-24 18:13:11.259', '2024-11-24 18:13:11.259', NULL, 1, 124, NULL, 'go', 'package main\r\n\r\nimport \"fmt\"\r\n\r\nfunc convert(s string, numRows int) string {\r\n    // 很巧妙 头尾转变方向\r\n    arr := make([]string, numRows)\r\n    if numRows < 2 {\r\n        return s\r\n    }\r\n\r\n    i, flag := 0, -1\r\n    for _, v := range s {\r\n        arr[i] += string(v)\r\n        if i == 0 || i == numRows -1 {\r\n            flag = -flag\r\n        }\r\n        i += flag\r\n    }\r\n\r\n    var result string\r\n    for i := 0; i < len(arr); i++ {\r\n        result += arr[i]\r\n    }\r\n\r\n    return result\r\n}\r\n\r\n\r\nfunc main() {\r\n    var s string\r\n    fmt.Scan(&s)\r\n\r\n    var numRows int\r\n    fmt.Scan(&numRows)\r\n\r\n    output := convert(s, numRows)\r\n    fmt.Println(output)\r\n}', 202, '', '5', 'THISISALONGLONGSTRING\r\n5', 'TIIGSIHOLNLSRINGGOT', 'TOTHLNSRIAGGISSLNNIOG\n', 0, 0, NULL);
INSERT INTO `submissions` VALUES (119, '2024-11-24 18:14:00.079', '2024-11-24 18:14:00.079', NULL, 1, 124, NULL, 'go', 'package main\r\n\r\nimport \"fmt\"\r\n\r\nfunc convert(s string, numRows int) string {\r\n    // 很巧妙 头尾转变方向\r\n    arr := make([]string, numRows)\r\n    if numRows < 2 {\r\n        return s\r\n    }\r\n\r\n    i, flag := 0, -1\r\n    for _, v := range s {\r\n        arr[i] += string(v)\r\n        if i == 0 || i == numRows -1 {\r\n            flag = -flag\r\n        }\r\n        i += flag\r\n    }\r\n\r\n    var result string\r\n    for i := 0; i < len(arr); i++ {\r\n        result += arr[i]\r\n    }\r\n\r\n    return result\r\n}\r\n\r\n\r\nfunc main() {\r\n    var s string\r\n    fmt.Scan(&s)\r\n\r\n    var numRows int\r\n    fmt.Scan(&numRows)\r\n\r\n    output := convert(s, numRows)\r\n    fmt.Println(output)\r\n}', 200, '', '', '', '', '', 12187154, 0, NULL);
INSERT INTO `submissions` VALUES (120, '2024-11-24 18:16:46.398', '2024-11-24 18:16:46.398', NULL, 1, 125, NULL, 'go', 'package main\r\n\r\nimport \"fmt\"\r\n\r\n// reverse函数用于反转一个32位有符号整数\r\nfunc reverse(x int) int {\r\n    // 定义32位有符号整数的最小值和最大值\r\n    const INT_MIN = -1 << 31\r\n    const INT_MAX = 1<<31 - 1\r\n\r\n    // 用于存储反转后的整数\r\n    var reversed int\r\n\r\n    // 根据输入整数的正负确定符号\r\n    sign := 1\r\n    if x < 0 {\r\n        sign = -1\r\n        x = -x\r\n    }\r\n\r\n    // 循环进行数字反转操作\r\n    for x!= 0 {\r\n        // 取出当前整数的最后一位数字\r\n        lastDigit := x % 10\r\n\r\n        // 检查是否会发生溢出\r\n        if reversed > INT_MAX/10 || (reversed == INT_MAX/10 && lastDigit > INT_MAX%10) {\r\n            return 0\r\n        }\r\n        if reversed < INT_MIN/10 || (reversed == INT_MIN/10 && lastDigit < INT_MIN%10) {\r\n            return 0\r\n        }\r\n\r\n        // 将取出的数字添加到反转后的整数中\r\n        reversed = reversed*10 + lastDigit\r\n\r\n        // 更新原整数，去掉已经处理过的最后一位数字\r\n        x /= 10\r\n    }\r\n\r\n    // 返回反转后的整数，并根据原整数的符号进行调整\r\n    return reversed * sign\r\n}\r\n\r\nfunc main() {\r\n    // 示例输入\r\n    num := 0\r\n    fmt.Scan(&num)\r\n    num = reverse(num)\r\n    fmt.Println(num)\r\n}', 202, '', '1', '123', '-123', '321\n', 0, 0, NULL);
INSERT INTO `submissions` VALUES (121, '2024-11-24 18:17:17.733', '2024-11-24 18:17:17.733', NULL, 1, 125, NULL, 'go', 'package main\r\n\r\nimport \"fmt\"\r\n\r\n// reverse函数用于反转一个32位有符号整数\r\nfunc reverse(x int) int {\r\n    // 定义32位有符号整数的最小值和最大值\r\n    const INT_MIN = -1 << 31\r\n    const INT_MAX = 1<<31 - 1\r\n\r\n    // 用于存储反转后的整数\r\n    var reversed int\r\n\r\n    // 根据输入整数的正负确定符号\r\n    sign := 1\r\n    if x < 0 {\r\n        sign = -1\r\n        x = -x\r\n    }\r\n\r\n    // 循环进行数字反转操作\r\n    for x!= 0 {\r\n        // 取出当前整数的最后一位数字\r\n        lastDigit := x % 10\r\n\r\n        // 检查是否会发生溢出\r\n        if reversed > INT_MAX/10 || (reversed == INT_MAX/10 && lastDigit > INT_MAX%10) {\r\n            return 0\r\n        }\r\n        if reversed < INT_MIN/10 || (reversed == INT_MIN/10 && lastDigit < INT_MIN%10) {\r\n            return 0\r\n        }\r\n\r\n        // 将取出的数字添加到反转后的整数中\r\n        reversed = reversed*10 + lastDigit\r\n\r\n        // 更新原整数，去掉已经处理过的最后一位数字\r\n        x /= 10\r\n    }\r\n\r\n    // 返回反转后的整数，并根据原整数的符号进行调整\r\n    return reversed * sign\r\n}\r\n\r\nfunc main() {\r\n    // 示例输入\r\n    num := 0\r\n    fmt.Scan(&num)\r\n    num = reverse(num)\r\n    fmt.Println(num)\r\n}', 202, '', '1', '123', '123', '321\n', 0, 0, NULL);
INSERT INTO `submissions` VALUES (122, '2024-11-24 18:17:32.716', '2024-11-24 18:17:32.716', NULL, 1, 125, NULL, 'go', 'package main\r\n\r\nimport \"fmt\"\r\n\r\n// reverse函数用于反转一个32位有符号整数\r\nfunc reverse(x int) int {\r\n    // 定义32位有符号整数的最小值和最大值\r\n    const INT_MIN = -1 << 31\r\n    const INT_MAX = 1<<31 - 1\r\n\r\n    // 用于存储反转后的整数\r\n    var reversed int\r\n\r\n    // 根据输入整数的正负确定符号\r\n    sign := 1\r\n    if x < 0 {\r\n        sign = -1\r\n        x = -x\r\n    }\r\n\r\n    // 循环进行数字反转操作\r\n    for x!= 0 {\r\n        // 取出当前整数的最后一位数字\r\n        lastDigit := x % 10\r\n\r\n        // 检查是否会发生溢出\r\n        if reversed > INT_MAX/10 || (reversed == INT_MAX/10 && lastDigit > INT_MAX%10) {\r\n            return 0\r\n        }\r\n        if reversed < INT_MIN/10 || (reversed == INT_MIN/10 && lastDigit < INT_MIN%10) {\r\n            return 0\r\n        }\r\n\r\n        // 将取出的数字添加到反转后的整数中\r\n        reversed = reversed*10 + lastDigit\r\n\r\n        // 更新原整数，去掉已经处理过的最后一位数字\r\n        x /= 10\r\n    }\r\n\r\n    // 返回反转后的整数，并根据原整数的符号进行调整\r\n    return reversed * sign\r\n}\r\n\r\nfunc main() {\r\n    // 示例输入\r\n    num := 0\r\n    fmt.Scan(&num)\r\n    num = reverse(num)\r\n    fmt.Println(num)\r\n}', 202, '', '8', '2147483647', '7463847412', '0\n', 0, 0, NULL);
INSERT INTO `submissions` VALUES (123, '2024-11-24 18:19:13.551', '2024-11-24 18:19:13.551', NULL, 1, 125, NULL, 'go', 'package main\r\n\r\nimport \"fmt\"\r\n\r\n// reverse函数用于反转一个32位有符号整数\r\nfunc reverse(x int) int {\r\n    // 定义32位有符号整数的最小值和最大值\r\n    const INT_MIN = -1 << 31\r\n    const INT_MAX = 1<<31 - 1\r\n\r\n    // 用于存储反转后的整数\r\n    var reversed int\r\n\r\n    // 根据输入整数的正负确定符号\r\n    sign := 1\r\n    if x < 0 {\r\n        sign = -1\r\n        x = -x\r\n    }\r\n\r\n    // 循环进行数字反转操作\r\n    for x!= 0 {\r\n        // 取出当前整数的最后一位数字\r\n        lastDigit := x % 10\r\n\r\n        // 检查是否会发生溢出\r\n        if reversed > INT_MAX/10 || (reversed == INT_MAX/10 && lastDigit > INT_MAX%10) {\r\n            return 0\r\n        }\r\n        if reversed < INT_MIN/10 || (reversed == INT_MIN/10 && lastDigit < INT_MIN%10) {\r\n            return 0\r\n        }\r\n\r\n        // 将取出的数字添加到反转后的整数中\r\n        reversed = reversed*10 + lastDigit\r\n\r\n        // 更新原整数，去掉已经处理过的最后一位数字\r\n        x /= 10\r\n    }\r\n\r\n    // 返回反转后的整数，并根据原整数的符号进行调整\r\n    return reversed * sign\r\n}\r\n\r\nfunc main() {\r\n    // 示例输入\r\n    num := 0\r\n    fmt.Scan(&num)\r\n    num = reverse(num)\r\n    fmt.Println(num)\r\n}', 200, '', '', '', '', '', 17899391, 0, NULL);
INSERT INTO `submissions` VALUES (124, '2024-11-24 18:20:59.754', '2024-11-24 18:20:59.754', NULL, 1, 126, NULL, 'go', 'package main\r\n\r\nimport \"fmt\"\r\n\r\n// isPalindrome函数用于判断一个整数是否为回文整数\r\nfunc isPalindrome(a int) bool {\r\n    if a < 0 {\r\n        return false\r\n    }\r\n\r\n    // 将整数转换为字符串\r\n    numStr := fmt.Sprintf(\"%d\", a)\r\n\r\n    // 遍历字符串的前半部分和后半部分进行比较\r\n    for i := 0; i < len(numStr)/2; i++ {\r\n        if numStr[i]!= numStr[len(numStr)-1-i] {\r\n            return false\r\n        }\r\n    }\r\n\r\n    return true\r\n}\r\n\r\nfunc main() {\r\n    // 示例输入\r\n    num := 0\r\n    fmt.Scan(&num)\r\n    a := isPalindrome(num)\r\n    fmt.Println(a)\r\n}', 200, '', '', '', '', '', 18475420, 0, NULL);
INSERT INTO `submissions` VALUES (125, '2024-11-24 18:22:38.422', '2024-11-24 18:22:38.422', NULL, 1, 127, NULL, 'go', 'package main\r\n\r\nimport \"fmt\"\r\n\r\n// maxArea函数用于找出给定数组中两条垂线与x轴构成容器能容纳的最大水量\r\nfunc maxArea(height []int) int {\r\n    left, right := 0, len(height)-1\r\n    maxWater := 0\r\n\r\n    for left < right {\r\n        // 计算当前两条垂线构成容器的水量\r\n        currentArea := min(height[left], height[right]) * (right - left)\r\n        // 更新最大水量\r\n        if currentArea > maxWater {\r\n            maxWater = currentArea\r\n        }\r\n\r\n        // 根据垂线高度调整指针\r\n        if height[left] < height[right] {\r\n            left++\r\n        } else {\r\n            right--\r\n        }\r\n    }\r\n\r\n    return maxWater\r\n}\r\n\r\n// min函数用于返回两个整数中的较小值\r\nfunc min(a, b int) int {\r\n    if a < b {\r\n        return a\r\n    }\r\n    return b\r\n}\r\n\r\nfunc main() {\r\n    n := 0\r\n    nums := make([]int, n)\r\n    for i := 0; i < n; i++ {\r\n        fmt.Scan(&nums[i])\r\n    }\r\n    answer := maxArea(nums)\r\n    fmt.Println(answer)\r\n}', 202, '', '1', '9\r\n1 8 6 2 5 4 8 3 7', '49', '0\n', 0, 0, NULL);
INSERT INTO `submissions` VALUES (126, '2024-11-24 18:22:51.730', '2024-11-24 18:22:51.730', NULL, 1, 127, NULL, 'go', 'package main\r\n\r\nimport \"fmt\"\r\n\r\n// maxArea函数用于找出给定数组中两条垂线与x轴构成容器能容纳的最大水量\r\nfunc maxArea(height []int) int {\r\n    left, right := 0, len(height)-1\r\n    maxWater := 0\r\n\r\n    for left < right {\r\n        // 计算当前两条垂线构成容器的水量\r\n        currentArea := min(height[left], height[right]) * (right - left)\r\n        // 更新最大水量\r\n        if currentArea > maxWater {\r\n            maxWater = currentArea\r\n        }\r\n\r\n        // 根据垂线高度调整指针\r\n        if height[left] < height[right] {\r\n            left++\r\n        } else {\r\n            right--\r\n        }\r\n    }\r\n\r\n    return maxWater\r\n}\r\n\r\n// min函数用于返回两个整数中的较小值\r\nfunc min(a, b int) int {\r\n    if a < b {\r\n        return a\r\n    }\r\n    return b\r\n}\r\n\r\nfunc main() {\r\n    n := 0\r\n    fmt.Scan(&n)\r\n    nums := make([]int, n)\r\n    for i := 0; i < n; i++ {\r\n        fmt.Scan(&nums[i])\r\n    }\r\n    answer := maxArea(nums)\r\n    fmt.Println(answer)\r\n}', 202, '', '3', '5\r\n1 8 6 2 5', '40', '15\n', 0, 0, NULL);
INSERT INTO `submissions` VALUES (127, '2024-11-24 18:25:06.375', '2024-11-24 18:25:06.375', NULL, 1, 127, NULL, 'go', 'package main\r\n\r\nimport \"fmt\"\r\n\r\n// maxArea函数用于找出给定数组中两条垂线与x轴构成容器能容纳的最大水量\r\nfunc maxArea(height []int) int {\r\n    left, right := 0, len(height)-1\r\n    maxWater := 0\r\n\r\n    for left < right {\r\n        // 计算当前两条垂线构成容器的水量\r\n        currentArea := min(height[left], height[right]) * (right - left)\r\n        // 更新最大水量\r\n        if currentArea > maxWater {\r\n            maxWater = currentArea\r\n        }\r\n\r\n        // 根据垂线高度调整指针\r\n        if height[left] < height[right] {\r\n            left++\r\n        } else {\r\n            right--\r\n        }\r\n    }\r\n\r\n    return maxWater\r\n}\r\n\r\n// min函数用于返回两个整数中的较小值\r\nfunc min(a, b int) int {\r\n    if a < b {\r\n        return a\r\n    }\r\n    return b\r\n}\r\n\r\nfunc main() {\r\n    n := 0\r\n    fmt.Scan(&n)\r\n    nums := make([]int, n)\r\n    for i := 0; i < n; i++ {\r\n        fmt.Scan(&nums[i])\r\n    }\r\n    answer := maxArea(nums)\r\n    fmt.Println(answer)\r\n}', 202, '', '4', '6\r\n2 3 1 4 1 1', '8', '6\n', 0, 0, NULL);
INSERT INTO `submissions` VALUES (128, '2024-11-24 18:25:52.919', '2024-11-24 18:25:52.919', NULL, 1, 127, NULL, 'go', 'package main\r\n\r\nimport \"fmt\"\r\n\r\n// maxArea函数用于找出给定数组中两条垂线与x轴构成容器能容纳的最大水量\r\nfunc maxArea(height []int) int {\r\n    left, right := 0, len(height)-1\r\n    maxWater := 0\r\n\r\n    for left < right {\r\n        // 计算当前两条垂线构成容器的水量\r\n        currentArea := min(height[left], height[right]) * (right - left)\r\n        // 更新最大水量\r\n        if currentArea > maxWater {\r\n            maxWater = currentArea\r\n        }\r\n\r\n        // 根据垂线高度调整指针\r\n        if height[left] < height[right] {\r\n            left++\r\n        } else {\r\n            right--\r\n        }\r\n    }\r\n\r\n    return maxWater\r\n}\r\n\r\n// min函数用于返回两个整数中的较小值\r\nfunc min(a, b int) int {\r\n    if a < b {\r\n        return a\r\n    }\r\n    return b\r\n}\r\n\r\nfunc main() {\r\n    n := 0\r\n    fmt.Scan(&n)\r\n    nums := make([]int, n)\r\n    for i := 0; i < n; i++ {\r\n        fmt.Scan(&nums[i])\r\n    }\r\n    answer := maxArea(nums)\r\n    fmt.Println(answer)\r\n}', 200, '', '', '', '', '', 9454960, 0, NULL);
INSERT INTO `submissions` VALUES (129, '2024-11-24 18:26:58.559', '2024-11-24 18:26:58.559', NULL, 1, 128, NULL, 'go', 'package main\r\n\r\nimport \"fmt\"\r\n\r\n// climbStairs函数用于计算爬到指定台阶数的不同方法数\r\nfunc climbStairs(n int) int {\r\n    if n == 1 {\r\n        return 1\r\n    }\r\n\r\n    a, b := 1, 2\r\n    for i := 2; i < n; i++ {\r\n        c := a + b\r\n        a = b\r\n        b = c\r\n    }\r\n\r\n    return b\r\n}\r\n\r\nfunc main() {\r\n    num := 0\r\n    fmt.Scan(&num)\r\n    answer := climbStairs(num)\r\n    fmt.Println(answer)\r\n}', 200, '', '', '', '', '', 13360962, 0, NULL);
INSERT INTO `submissions` VALUES (130, '2024-11-24 18:28:20.774', '2024-11-24 18:28:20.774', NULL, 1, 129, NULL, 'go', 'package main\r\n\r\nimport \"fmt\"\r\n\r\n// addBinary函数用于计算两个二进制字符串的和，并以二进制字符串形式返回结果\r\nfunc addBinary(a, b string) string {\r\n    // 将二进制字符串转换为整数\r\n    num1, err1 := strconv.ParseInt(a, 2, 64)\r\n    num2, err2 := strconv.ParseInt(b, 2, 64)\r\n\r\n    if err1!= nil || err2!= nil {\r\n        fmt.Println(\"输入的二进制字符串转换错误\")\r\n        return \"\"\r\n    }\r\n\r\n    // 计算两数之和\r\n    sum := num1 + num2\r\n\r\n    // 将和转换为二进制字符串\r\n    return strconv.FormatInt(sum, 2)\r\n}\r\n\r\nfunc main() {\r\n    a := \"\"\r\n    b := \"\"\r\n    fmt.Scan(&a)\r\n    fmt.Scan(&b)\r\n    result := addBinary(a, b)\r\n    fmt.Println(result)\r\n}\r\n', 203, '# command-line-arguments\n/main.go:8:19: undefined: strconv\n/main.go:9:19: undefined: strconv\n/main.go:20:12: undefined: strconv\n', '', '', '', '', 0, 0, NULL);
INSERT INTO `submissions` VALUES (131, '2024-11-24 18:28:48.452', '2024-11-24 18:28:48.452', NULL, 1, 129, NULL, 'go', 'package main\r\n\r\nimport (\r\n    \"fmt\"\r\n    \"strconv\"\r\n    \"os\"\r\n)\r\n\r\n// addBinary函数用于计算两个二进制字符串的和，并以二进制字符串形式返回结果\r\nfunc addBinary(a, b string) string {\r\n    // 将二进制字符串转换为整数\r\n    num1, err1 := strconv.ParseInt(a, 2, 64)\r\n    num2, err2 := strconv.ParseInt(b, 2, 64)\r\n\r\n    if err1!= nil || err2!= nil {\r\n        return \"\"\r\n    }\r\n\r\n    // 计算两数之和\r\n    sum := num1 + num2\r\n\r\n    // 将和转换为二进制字符串\r\n    return strconv.FormatInt(sum, 2)\r\n}\r\n\r\nfunc main() {\r\n    a := \"\"\r\n    b := \"\"\r\n    fmt.Scan(&a)\r\n    fmt.Scan(&b)\r\n    result := addBinary(a, b)\r\n    fmt.Println(result)\r\n}\r\n', 203, '# command-line-arguments\n/main.go:6:5: \"os\" imported and not used\n', '', '', '', '', 0, 0, NULL);
INSERT INTO `submissions` VALUES (132, '2024-11-24 18:28:56.123', '2024-11-24 18:28:56.123', NULL, 1, 129, NULL, 'go', 'package main\r\n\r\nimport (\r\n    \"fmt\"\r\n    \"strconv\"\r\n)\r\n\r\n// addBinary函数用于计算两个二进制字符串的和，并以二进制字符串形式返回结果\r\nfunc addBinary(a, b string) string {\r\n    // 将二进制字符串转换为整数\r\n    num1, err1 := strconv.ParseInt(a, 2, 64)\r\n    num2, err2 := strconv.ParseInt(b, 2, 64)\r\n\r\n    if err1!= nil || err2!= nil {\r\n        return \"\"\r\n    }\r\n\r\n    // 计算两数之和\r\n    sum := num1 + num2\r\n\r\n    // 将和转换为二进制字符串\r\n    return strconv.FormatInt(sum, 2)\r\n}\r\n\r\nfunc main() {\r\n    a := \"\"\r\n    b := \"\"\r\n    fmt.Scan(&a)\r\n    fmt.Scan(&b)\r\n    result := addBinary(a, b)\r\n    fmt.Println(result)\r\n}\r\n', 200, '', '', '', '', '', 10864499, 0, NULL);
INSERT INTO `submissions` VALUES (133, '2024-11-25 00:01:24.645', '2024-12-23 02:19:45.831', NULL, 1, 100, NULL, 'go', 'package main\r\n\r\nimport (\r\n	\"fmt\"\r\n)\r\n\r\nfunc main() {\r\n	fmt.Println(\"Hello world\")\r\n}\r\n', 200, '', '', '', '', '', 1508739, 0, '');
INSERT INTO `submissions` VALUES (134, '2024-11-25 00:38:58.792', '2024-11-25 00:38:58.792', NULL, 1, 101, NULL, 'go', 'package main\r\n\r\nimport (\r\n	\"fmt\"\r\n)\r\n\r\nfunc main() {\r\n	for i := 1; i <= 9; i++ {\r\n		for j := 1; j <= i; j++ {\r\n			fmt.Printf(\"%d*%d=%d\", j, i, i * j)\r\n			if i != j {\r\n				fmt.Print(\" \")\r\n			} else {\r\n				fmt.Println()\r\n			}\r\n		}\r\n	}\r\n}\r\n', 200, '', '', '', '', '', 1646576, 0, NULL);
INSERT INTO `submissions` VALUES (135, '2024-11-25 01:55:17.119', '2024-11-25 01:55:17.119', NULL, 24, 130, NULL, 'go', 'package main\r\n\r\nimport \"fmt\"\r\n\r\n\r\nfunc binarySearch(nums []int, target int) int {\r\n    left, right := 0, len(nums)-1\r\n\r\n    for left <= right {\r\n        mid := left + (right-left)/2\r\n\r\n        if nums[mid] == target {\r\n            return mid\r\n        } else if nums[mid] < target {\r\n            left = mid + 1\r\n        } else {\r\n            right = mid - 1\r\n        }\r\n    }\r\n\r\n    return -1\r\n}\r\nfunc main() {\r\n    nums := []int{1, 3, 5, 7, 9, 11, 13}\r\n    target := 7\r\n    result := binarySearch(nums, target)\r\n    if result!= -1 {\r\n        fmt.Printf(\"目标值 %d 在数组中的索引为 %d\\n\", target, result)\r\n    } else {\r\n        fmt.Printf(\"数组中未找到目标值 %d\\n\", target)\r\n    }\r\n}', 200, '', '', '', '', '', 150, 0, NULL);
INSERT INTO `submissions` VALUES (136, '2024-11-25 01:55:29.552', '2024-11-25 01:55:29.552', NULL, 24, 130, NULL, 'go', 'package main\r\n\r\nimport \"fmt\"\r\n\r\n\r\nfunc binarySearch(nums []int, target int) int {\r\n    left, right := 0, len(nums)-1\r\n\r\n    for left <= right {\r\n        mid := left + (right-left)/2\r\n\r\n        if nums[mid] == target {\r\n            return mid\r\n        } else if nums[mid] < target {\r\n            left = mid + 1\r\n        } else {\r\n            right = mid - 1\r\n        }\r\n    }\r\n\r\n    return -1\r\n}\r\nfunc main() {\r\n    nums := []int{1, 3, 5, 7, 9, 11, 13}\r\n    target := 7\r\n    result := binarySearch(nums, target)\r\n    if result!= -1 {\r\n        fmt.Printf(\"目标值 %d 在数组中的索引为 %d\\n\", target, result)\r\n    } else {\r\n        fmt.Printf(\"数组中未找到目标值 %d\\n\", target)\r\n    }\r\n}', 200, '', '', '', '', '', 263, 0, NULL);
INSERT INTO `submissions` VALUES (137, '2024-11-25 12:04:17.032', '2024-11-25 12:04:17.032', NULL, 25, 100, NULL, 'go', 'package main\r\n\r\nimport (\r\n	\"fmt\"\r\n)\r\n\r\nfunc main() {\r\n	a := 0\r\n	b := 0\r\n	for {\r\n		n, _ := fmt.Scan(&a, &b)\r\n		if n == 0 {\r\n			break\r\n		} else {\r\n			fmt.Printf(\"%d\\n\", a+b)\r\n		}\r\n	}\r\n}\r\n', 202, '', '1', ' ', 'Hello world', '', 0, 0, NULL);
INSERT INTO `submissions` VALUES (138, '2024-11-25 22:36:20.547', '2024-11-25 22:36:20.547', NULL, 26, 100, NULL, 'go', 'package main\r\n\r\nimport (\r\n	\"fmt\"\r\n)\r\n\r\nfunc main() {\r\n	a := 0\r\n	b := 0\r\n	for {\r\n		n, _ := fmt.Scan(&a, &b)\r\n		if n == 0 {\r\n			break\r\n		} else {\r\n			fmt.Printf(\"%d\\n\", a+b)\r\n		}\r\n	}\r\n}\r\n', 202, '', '1', ' ', 'Hello world', '', 0, 0, NULL);
INSERT INTO `submissions` VALUES (139, '2024-11-25 22:36:30.836', '2024-11-25 22:36:30.836', NULL, 26, 100, NULL, 'go', 'package main\r\n\r\nimport (\r\n	\"fmt\"\r\n)\r\n\r\nfunc main() {\r\n	a := 0\r\n	b := 0\r\n	for {\r\n		n, _ := fmt.Scan(&a, &b)\r\n		if n == 0 {\r\n			break\r\n		} else {\r\n			fmt.Printf(\"%d\\n\", a+b)\r\n		}\r\n	}\r\n}\r\n', 202, '', '1', ' ', 'Hello world', '', 0, 0, NULL);
INSERT INTO `submissions` VALUES (140, '2024-11-25 22:36:41.530', '2024-11-25 22:36:41.530', NULL, 26, 100, NULL, 'go', 'package main\r\n\r\nimport (\r\n	\"fmt\"\r\n)\r\n\r\nfunc main() {\r\n	a := 0\r\n	b := 0\r\n	for {\r\n		n, _ := fmt.Scan(&a, &b)\r\n		if n == 0 {\r\n			break\r\n		} else {\r\n			fmt.Printf(\"%d\\n\", a+b)\r\n		}\r\n	}\r\n}\r\n', 202, '', '1', ' ', 'Hello world', '', 0, 0, NULL);
INSERT INTO `submissions` VALUES (141, '2024-11-25 22:38:31.293', '2024-11-25 22:38:31.293', NULL, 26, 100, NULL, 'go', 'package main\r\n\r\nimport (\r\n	\"fmt\"\r\n)\r\n\r\nfunc main() {\r\n	a := 0\r\n	b := 0\r\n	for {\r\n		n, _ := fmt.Scan(&a, &b)\r\n		if n == 0 {\r\n			break\r\n		} else {\r\n			fmt.Printf(\"%d\\n\", a+b)\r\n		}\r\n	}\r\n}\r\n', 202, '', '1', ' ', 'Hello world', '', 0, 0, NULL);
INSERT INTO `submissions` VALUES (142, '2024-11-25 22:39:16.585', '2024-11-25 22:39:16.585', NULL, 26, 100, NULL, 'go', 'package main\r\n\r\nimport (\r\n	\"fmt\"\r\n)\r\n\r\nfunc main() {\r\n	a := 0\r\n	b := 0\r\n	for {\r\n		n, _ := fmt.Scan(&a, &b)\r\n		if n == 0 {\r\n			break\r\n		} else {\r\n			fmt.Printf(\"%d\\n\", a+b)\r\n		}\r\n	}\r\n}\r\n', 202, '', '1', ' ', 'Hello world', '', 0, 0, NULL);
INSERT INTO `submissions` VALUES (143, '2024-11-25 22:39:18.424', '2024-11-25 22:39:18.424', NULL, 26, 100, NULL, 'go', 'package main\r\n\r\nimport (\r\n	\"fmt\"\r\n)\r\n\r\nfunc main() {\r\n	a := 0\r\n	b := 0\r\n	for {\r\n		n, _ := fmt.Scan(&a, &b)\r\n		if n == 0 {\r\n			break\r\n		} else {\r\n			fmt.Printf(\"%d\\n\", a+b)\r\n		}\r\n	}\r\n}\r\n', 202, '', '1', ' ', 'Hello world', '', 0, 0, NULL);
INSERT INTO `submissions` VALUES (144, '2024-11-25 22:39:53.172', '2024-11-25 22:39:53.172', NULL, 26, 100, NULL, 'go', 'package main\r\n\r\nimport (\r\n	\"fmt\"\r\n)\r\n\r\nfunc main() {\r\n	a := 0\r\n	b := 0\r\n	for {\r\n		n, _ := fmt.Scan(&a, &b)\r\n		fmt.Printf(\"Hello world\")\r\n	}\r\n}\r\n', 203, '# command-line-arguments\n../fanCode/tempDir/21d5ac15-ab3b-11ef-9586-0242ac110002/main.go:11:3: declared and not used: n\n', '', '', '', '', 0, 0, NULL);
INSERT INTO `submissions` VALUES (145, '2024-11-25 22:40:17.290', '2024-11-25 22:40:17.290', NULL, 26, 100, NULL, 'go', 'package main\r\n\r\nimport (\r\n	\"fmt\"\r\n)\r\n\r\nfunc main() {\r\n	a := 0\r\n	b := 0\r\n	for {\r\n		fmt.Scan(&a, &b)\r\n		fmt.Printf(\"Hello world\")\r\n	}\r\n}\r\n', 204, '运行超时\n', '', '', '', '', 0, 0, NULL);
INSERT INTO `submissions` VALUES (146, '2024-11-25 22:42:22.922', '2024-11-25 22:42:22.922', NULL, 26, 130, NULL, 'go', 'package main\r\n\r\nimport \"fmt\"\r\n\r\n\r\nfunc binarySearch(nums []int, target int) int {\r\n    left, right := 0, len(nums)-1\r\n\r\n    for left <= right {\r\n        mid := left + (right-left)/2\r\n\r\n        if nums[mid] == target {\r\n            return mid\r\n        } else if nums[mid] < target {\r\n            left = mid + 1\r\n        } else {\r\n            right = mid - 1\r\n        }\r\n    }\r\n\r\n    return -1\r\n}\r\nfunc main() {\r\n    nums := []int{1, 3, 5, 7, 9, 11, 13}\r\n    target := 7\r\n    result := binarySearch(nums, target)\r\n    if result!= -1 {\r\n        fmt.Printf(\"目标值 %d 在数组中的索引为 %d\\n\", target, result)\r\n    } else {\r\n        fmt.Printf(\"数组中未找到目标值 %d\\n\", target)\r\n    }\r\n}', 200, '', '', '', '', '', 146, 0, NULL);
INSERT INTO `submissions` VALUES (147, '2024-11-25 22:42:50.761', '2024-11-25 22:42:50.761', NULL, 26, 130, NULL, 'go', 'package main\r\n\r\nimport \"fmt\"\r\n\r\n\r\nfunc binarySearch(nums []int, target int) int {\r\n    left, right := 0, len(nums)-1\r\n\r\n    for left <= right {\r\n        mid := left + (right-left)/2\r\n\r\n        if nums[mid] == target {\r\n            return mid\r\n        } else if nums[mid] < target {\r\n            left = mid + 1\r\n        } else {\r\n            right = mid - 1\r\n        }\r\n    }\r\n\r\n    return -1\r\n}\r\nfunc main() {\r\n    nums := []int{1, 3, 5, 7, 9, 11, 13}\r\n    target := 7\r\n    result := binarySearch(nums, target)\r\n    if result!= -1 {\r\n        fmt.Printf(\"目标值 %d 在数组中的索引为 %d\\n\", target, result)\r\n    } else {\r\n        fmt.Printf(\"数组中未找到目标值 %d\\n\", target)\r\n    }\r\n}', 200, '', '', '', '', '', 246, 0, NULL);
INSERT INTO `submissions` VALUES (148, '2024-11-25 22:44:26.033', '2024-11-25 22:44:26.033', NULL, 26, 130, NULL, 'go', 'package main\r\n\r\nimport \"fmt\"\r\n\r\n\r\nfunc binarySearch(nums []int, target int) int {\r\n    left, right := 0, len(nums)-1\r\n\r\n    for left <= right {\r\n        mid := left + (right-left)/2\r\n\r\n        if nums[mid] == target {\r\n            return mid\r\n        } else if nums[mid] < target {\r\n            left = mid + 1\r\n        } else {\r\n            right = mid - 1\r\n        }\r\n    }\r\n\r\n    return -1\r\n}\r\nfunc main() {\r\n    nums := []int{1, 3, 5, 7, 9, 11, 13}\r\n    target := 7\r\n    result := binarySearch(nums, target)\r\n    if result!= -1 {\r\n        fmt.Printf(\"目标值 %d 在数组中的索引为 %d\\n\", target, result)\r\n    } else {\r\n        fmt.Printf(\"数组中未找到目标值 %d\\n\", target)\r\n    }\r\n}', 200, '', '', '', '', '', 522, 0, NULL);
INSERT INTO `submissions` VALUES (149, '2024-11-26 00:27:00.541', '2024-11-26 00:27:00.541', NULL, 24, 100, NULL, 'go', 'package main\r\n\r\nimport (\r\n	\"fmt\"\r\n)\r\n\r\nfunc main() {\r\n	fmt.Println(\"Hello world\")\r\n}\r\n', 200, '', '', '', '', '', 1547193, 0, NULL);
INSERT INTO `submissions` VALUES (150, '2024-11-26 00:27:27.658', '2024-11-26 00:27:27.658', NULL, 24, 100, NULL, 'go', 'package main\r\n\r\nimport (\r\n	\"fmt\"\r\n)\r\n\r\nfunc main() {\r\n	fmt.Println(\"Hello world\")\r\n}\r\n', 200, '', '', '', '', '', 1511157, 0, NULL);
INSERT INTO `submissions` VALUES (151, '2024-11-26 00:28:16.328', '2024-11-26 00:28:16.328', NULL, 24, 101, NULL, 'go', 'package main\r\n\r\nimport (\r\n	\"fmt\"\r\n)\r\n\r\nfunc main() {\r\n	fmt.Println(\"Hello world\")\r\n}', 202, '', '1', ' ', '1*1=1\r\n1*2=2 2*2=4\r\n1*3=3 2*3=6 3*3=9\r\n1*4=4 2*4=8 3*4=12 4*4=16\r\n1*5=5 2*5=10 3*5=15 4*5=20 5*5=25\r\n1*6=6 2*6=12 3*6=18 4*6=24 5*6=30 6*6=36\r\n1*7=7 2*7=14 3*7=21 4*7=28 5*7=35 6*7=42 7*7=49\r\n1*8=8 2*8=16 3*8=24 4*8=32 5*8=40 6*8=48 7*8=56 8*8=64\r\n1*9=9 2*9=18 3*9=27 4*9=36 5*9=45 6*9=54 7*9=63 8*9=72 9*9=81', 'Hello world\n', 0, 0, NULL);
INSERT INTO `submissions` VALUES (152, '2024-11-26 00:28:34.782', '2024-11-26 00:28:34.782', NULL, 24, 101, NULL, 'go', 'package main\r\n\r\nimport (\r\n	\"fmt\"\r\n)\r\n\r\nfunc main() {\r\n	fmt.Println(\"Hello world\")\r\n}', 202, '', '1', ' ', '1*1=1\r\n1*2=2 2*2=4\r\n1*3=3 2*3=6 3*3=9\r\n1*4=4 2*4=8 3*4=12 4*4=16\r\n1*5=5 2*5=10 3*5=15 4*5=20 5*5=25\r\n1*6=6 2*6=12 3*6=18 4*6=24 5*6=30 6*6=36\r\n1*7=7 2*7=14 3*7=21 4*7=28 5*7=35 6*7=42 7*7=49\r\n1*8=8 2*8=16 3*8=24 4*8=32 5*8=40 6*8=48 7*8=56 8*8=64\r\n1*9=9 2*9=18 3*9=27 4*9=36 5*9=45 6*9=54 7*9=63 8*9=72 9*9=81', 'Hello world\n', 0, 0, NULL);
INSERT INTO `submissions` VALUES (153, '2024-11-26 00:30:36.172', '2024-11-26 00:30:36.172', NULL, 24, 101, NULL, 'go', 'package main\r\n\r\nimport (\r\n	\"fmt\"\r\n)\r\n\r\nfunc main() {\r\n	var str1 = \r\n`\r\n1*1=1\r\n1*2=2 2*2=4\r\n1*3=3 2*3=6 3*3=9\r\n1*4=4 2*4=8 3*4=12 4*4=16\r\n1*5=5 2*5=10 3*5=15 4*5=20 5*5=25\r\n1*6=6 2*6=12 3*6=18 4*6=24 5*6=30 6*6=36\r\n1*7=7 2*7=14 3*7=21 4*7=28 5*7=35 6*7=42 7*7=49\r\n1*8=8 2*8=16 3*8=24 4*8=32 5*8=40 6*8=48 7*8=56 8*8=64\r\n1*9=9 2*9=18 3*9=27 4*9=36 5*9=45 6*9=54 7*9=63 8*9=72 9*9=81\r\n`\r\n	fmt.Println(str1)\r\n}', 200, '', '', '', '', '', 1493045, 0, NULL);
INSERT INTO `submissions` VALUES (154, '2024-11-26 00:30:55.284', '2024-11-26 00:30:55.284', NULL, 24, 102, NULL, 'go', 'package main\r\n\r\nimport (\r\n    \"fmt\"\r\n    \"io/ioutil\"\r\n)\r\n\r\nfunc main() {\r\n    // 定义要执行的sh命令\r\n    command := \"ls -l\"\r\n\r\n    // 假设我们在类Unix系统下，通过将sh命令输出结果保存到临时文件的方式来模拟执行\r\n    // 这里只是一种非常粗略的模拟，实际情况会复杂得多且有诸多限制\r\n    tempFile := \"/tmp/command_output.txt\"\r\n\r\n    // 构造一个模拟执行sh命令并将结果输出到临时文件的伪命令字符串\r\n    pseudoCommand := fmt.Sprintf(\"sh -c \'%s > %s\'\", command, tempFile)\r\n\r\n    // 我们这里通过将这个伪命令作为参数传递给系统的bash shell来尝试执行\r\n    // 注意：这一步存在安全风险，因为如果伪命令被恶意构造可能会导致问题\r\n    // 而且这种方式在不同系统上的表现可能不同，并且要求系统有bash shell可用\r\n    fullCommand := fmt.Sprintf(\"bash -c \'%s\'\", pseudoCommand)\r\n\r\n    // 现在我们通过在Go程序中调用系统的bash shell来执行这个构造的命令\r\n    // 这里我们只是简单地输出一些提示信息来模拟执行过程，实际情况要复杂得多\r\n    fmt.Println(\"正在模拟执行命令:\", fullCommand)\r\n\r\n    // 假设系统已经执行了这个命令并且将结果保存到了临时文件中\r\n    // 现在我们读取临时文件的内容来获取模拟的命令输出结果\r\n    output, err := ioutil.ReadAll(ioutil.ReadFile(tempFile))\r\n    if err!= nil {\r\n        fmt.Println(\"读取模拟命令输出失败：\", err)\r\n        return\r\n    }\r\n\r\n    // 将输出结果转换为字符串并打印出来\r\n    fmt.Println(string(output))\r\n\r\n    // 清理临时文件（这里只是简单地输出提示信息，实际应该真正删除文件）\r\n    fmt.Println(\"模拟执行完成，应清理临时文件:\", tempFile)\r\n}', 203, '# command-line-arguments\n../fanCode/tempDir/a4c43bd8-ab4a-11ef-9586-0242ac110002/main.go:30:35: too many arguments in call to ioutil.ReadAll\n	have ([]byte, error)\n	want (io.Reader)\n', '', '', '', '', 0, 0, NULL);
INSERT INTO `submissions` VALUES (155, '2024-11-26 00:31:00.923', '2024-11-26 00:31:00.923', NULL, 24, 102, NULL, 'go', 'package main\r\n\r\nimport (\r\n	\"fmt\"\r\n)\r\n\r\nfunc main() {\r\n	a := 0\r\n	b := 0\r\n	for {\r\n		n, _ := fmt.Scan(&a, &b)\r\n		if n == 0 {\r\n			break\r\n		} else {\r\n			fmt.Printf(\"%d\\n\", a+b)\r\n		}\r\n	}\r\n}\r\n', 200, '', '', '', '', '', 5066516, 0, NULL);
INSERT INTO `submissions` VALUES (156, '2024-11-26 00:31:09.130', '2024-11-26 00:31:09.130', NULL, 24, 103, NULL, 'go', 'package main\r\n\r\nimport (\r\n	\"fmt\"\r\n)\r\n\r\nfunc main() {\r\n	a := 0\r\n	b := 0\r\n	for {\r\n		n, _ := fmt.Scan(&a, &b)\r\n		if n == 0 {\r\n			break\r\n		} else {\r\n			fmt.Printf(\"%d\\n\", a+b)\r\n		}\r\n	}\r\n}\r\n', 202, '', '1', '2\r\n1 9', '10', '3\n10\n', 0, 0, NULL);
INSERT INTO `submissions` VALUES (157, '2024-11-26 00:31:15.120', '2024-11-26 00:31:15.120', NULL, 24, 103, NULL, 'go', 'package main\r\n\r\nimport (\r\n	\"fmt\"\r\n)\r\n\r\nfunc main() {\r\n	a := 0\r\n	b := 0\r\n	for {\r\n		n, _ := fmt.Scan(&a, &b)\r\n		if n == 0 {\r\n			break\r\n		} else {\r\n			fmt.Printf(\"%d\\n\", a+b)\r\n		}\r\n	}\r\n}\r\n', 202, '', '1', '2\r\n1 9', '10', '3\n10\n', 0, 0, NULL);
INSERT INTO `submissions` VALUES (158, '2024-11-26 00:31:36.198', '2024-11-26 00:31:36.198', NULL, 24, 103, NULL, 'go', 'package main\r\n\r\nimport (\r\n	\"fmt\"\r\n)\r\n\r\nfunc main() {\r\n\r\n}\r\n', 203, '# command-line-arguments\n../fanCode/tempDir/bd2763e6-ab4a-11ef-9586-0242ac110002/main.go:4:2: \"fmt\" imported and not used\n', '', '', '', '', 0, 0, NULL);
INSERT INTO `submissions` VALUES (159, '2024-11-26 00:31:47.860', '2024-11-26 00:31:47.860', NULL, 24, 103, NULL, 'go', 'package main\r\n\r\n\r\nfunc main() {\r\n\r\n}\r\n', 202, '', '1', '2\r\n1 9', '10', '', 0, 0, NULL);
INSERT INTO `submissions` VALUES (160, '2024-11-26 00:31:55.786', '2024-11-26 00:31:55.786', NULL, 24, 103, NULL, 'go', '\r\n', 203, '../fanCode/tempDir/c8dbe5c4-ab4a-11ef-9586-0242ac110002/main.go:1:3: expected \'package\', found \'EOF\'\n', '', '', '', '', 0, 0, NULL);
INSERT INTO `submissions` VALUES (161, '2024-11-26 10:16:08.247', '2024-11-26 10:16:08.247', NULL, 26, 130, NULL, 'go', 'package main\r\n\r\nimport \"fmt\"\r\n\r\n\r\nfunc binarySearch(nums []int, target int) int {\r\n    left, right := 0, len(nums)-1\r\n\r\n    for left <= right {\r\n        mid := left + (right-left)/2\r\n\r\n        if nums[mid] == target {\r\n            return mid\r\n        } else if nums[mid] < target {\r\n            left = mid + 1\r\n        } else {\r\n            right = mid - 1\r\n        }\r\n    }\r\n\r\n    return -1\r\n}\r\nfunc main() {\r\n    nums := []int{1, 3, 5, 7, 9, 11, 13}\r\n    target := 7\r\n    result := binarySearch(nums, target)\r\n    if result!= -1 {\r\n        fmt.Printf(\"目标值 %d 在数组中的索引为 %d\\n\", target, result)\r\n    } else {\r\n        fmt.Printf(\"数组中未找到目标值 %d\\n\", target)\r\n    }\r\n}', 200, '', '', '', '', '', 189, 0, NULL);
INSERT INTO `submissions` VALUES (162, '2024-11-26 20:20:27.637', '2024-11-26 20:20:27.637', NULL, 27, 100, NULL, 'go', 'package main\r\n\r\nimport (\r\n	\"fmt\"\r\n)\r\n\r\nfunc main() {\r\n	a := 0\r\n	b := 0\r\n	fmt.Println(\"Hello world\")\r\n}\r\n', 203, '# command-line-arguments\n../fanCode/tempDir/d200b10d-abf0-11ef-83b8-0242ac110002/main.go:8:2: declared and not used: a\n../fanCode/tempDir/d200b10d-abf0-11ef-83b8-0242ac110002/main.go:9:2: declared and not used: b\n', '', '', '', '', 0, 0, NULL);
INSERT INTO `submissions` VALUES (163, '2024-11-26 20:20:36.839', '2024-11-26 20:20:36.839', NULL, 27, 100, NULL, 'go', 'package main\r\n\r\nimport (\r\n	\"fmt\"\r\n)\r\n\r\nfunc main() {\r\n	fmt.Println(\"Hello world\")\r\n}\r\n', 200, '', '', '', '', '', 1492798, 0, NULL);
INSERT INTO `submissions` VALUES (164, '2024-11-26 20:20:39.930', '2024-11-26 20:20:39.930', NULL, 27, 100, NULL, 'go', 'package main\r\n\r\nimport (\r\n	\"fmt\"\r\n)\r\n\r\nfunc main() {\r\n	fmt.Println(\"Hello world\")\r\n}\r\n', 200, '', '', '', '', '', 1485925, 0, NULL);
INSERT INTO `submissions` VALUES (165, '2024-11-26 20:23:37.444', '2024-11-26 20:23:37.444', NULL, 27, 130, NULL, 'go', 'package main\r\n\r\nimport \"fmt\"\r\n\r\n\r\nfunc binarySearch(nums []int, target int) int {\r\n    left, right := 0, len(nums)-1\r\n\r\n    for left <= right {\r\n        mid := left + (right-left)/2\r\n\r\n        if nums[mid] == target {\r\n            return mid\r\n        } else if nums[mid] < target {\r\n            left = mid + 1\r\n        } else {\r\n            right = mid - 1\r\n        }\r\n    }\r\n\r\n    return -1\r\n}\r\nfunc main() {\r\n    nums := []int{1, 3, 5, 7, 9, 11, 13}\r\n    target := 7\r\n    result := binarySearch(nums, target)\r\n    if result!= -1 {\r\n        fmt.Printf(\"目标值 %d 在数组中的索引为 %d\\n\", target, result)\r\n    } else {\r\n        fmt.Printf(\"数组中未找到目标值 %d\\n\", target)\r\n    }\r\n}', 200, '', '', '', '', '', 173, 0, NULL);
INSERT INTO `submissions` VALUES (166, '2024-11-26 20:25:48.188', '2024-11-26 20:25:48.188', NULL, 27, 130, NULL, 'go', 'package main\r\n\r\nimport \"fmt\"\r\n\r\n\r\nfunc binarySearch(nums []int, target int) int {\r\n    left, right := 0, len(nums)-1\r\n	haha := 123\r\n	ha := 1\r\n    for left <= right {\r\n        mid := left + (right-left)/2\r\n\r\n        if nums[mid] == target {\r\n            return mid\r\n        } else if nums[mid] < target {\r\n            left = mid + 1\r\n        } else {\r\n            right = mid - 1\r\n        }\r\n    }\r\n\r\n    return -1+haha+ha\r\n}\r\nfunc main() {\r\n    nums := []int{1, 3, 5, 7, 9, 11, 13}\r\n    target := 7\r\n    result := binarySearch(nums, target)\r\n    if result!= -1 {\r\n        fmt.Printf(\"目标值 %d 在数组中的索引为 %d\\n\", target, result)\r\n    } else {\r\n        fmt.Printf(\"数组中未找到目标值 %d\\n\", target)\r\n    }\r\n}', 200, '', '', '', '', '', 382, 0, NULL);
INSERT INTO `submissions` VALUES (167, '2024-11-26 20:49:47.453', '2024-11-26 20:49:47.453', NULL, 1, 102, NULL, 'go', 'package main\r\n\r\nimport (\r\n	\"fmt\"\r\n)\r\n\r\nfunc main() {\r\n	a := 0\r\n	b := 0\r\n	for {\r\n		n, _ := fmt.Scan(&a, &b)\r\n		if n == 0 {\r\n			break\r\n		} else {\r\n			fmt.Printf(\"%d\\n\", a+b)\r\n		}\r\n	}\r\n}\r\n', 200, '', '', '', '', '', 4792281, 0, NULL);
INSERT INTO `submissions` VALUES (168, '2024-11-26 20:50:47.730', '2024-11-26 20:50:47.730', NULL, 1, 102, NULL, 'go', 'package main\r\n\r\nimport (\r\n	\"fmt\"\r\n)\r\n\r\nfunc main() {\r\n	a := 0\r\n	b := 0\r\n	for {\r\n		n, _ := fmt.Scan(&a, &b)\r\n		if n == 0 {\r\n			break\r\n		} else {\r\n			fmt.Printf(\"%d\\n\", a+b)\r\n		}\r\n	}\r\n}\r\n', 200, '', '', '', '', '', 4932127, 0, NULL);
INSERT INTO `submissions` VALUES (169, '2024-11-26 21:03:57.033', '2024-12-23 02:19:53.276', NULL, 1, 100, NULL, 'go', 'package main\r\n\r\nimport (\r\n	\"fmt\"\r\n)\r\n\r\nfunc main() {\r\n	fmt.Println(\"Hello world\")\r\n}\r\n', 200, '', '', '', '', '', 1733595, 0, '');
INSERT INTO `submissions` VALUES (170, '2024-11-26 21:07:42.634', '2024-11-26 21:07:42.634', NULL, 1, 130, NULL, 'go', 'package main\r\n\r\nimport \"fmt\"\r\n\r\n\r\nfunc binarySearch(nums []int, target int) int {\r\n    left, right := 0, len(nums)-1\r\n\r\n    for left <= right {\r\n        mid := left + (right-left)/2\r\n\r\n        if nums[mid] == target {\r\n            return mid\r\n        } else if nums[mid] < target {\r\n            left = mid + 1\r\n        } else {\r\n            right = mid - 1\r\n        }\r\n    }\r\n\r\n    return -1\r\n}\r\nfunc main() {\r\n    nums := []int{1, 3, 5, 7, 9, 11, 13}\r\n    target := 9\r\n    result := binarySearch(nums, target)\r\n    if result!= -1 {\r\n        fmt.Printf(\"目标值 %d 在数组中的索引为 %d\\n\", target, result)\r\n    } else {\r\n        fmt.Printf(\"数组中未找到目标值 %d\\n\", target)\r\n    }\r\n}', 200, '', '', '', '', '', 248, 0, NULL);
INSERT INTO `submissions` VALUES (171, '2024-12-03 23:46:26.942', '2024-12-03 23:46:26.942', NULL, 24, 100, NULL, 'go', 'package main\r\n\r\nimport (\r\n	\"fmt\"\r\n)\r\nfunc loop() {\r\n	for{\r\n\r\n	}\r\n}\r\n\r\nfunc main() {\r\n	fmt.Println(\"Hello world\")\r\n	go loop()\r\n	for{\r\n		go loop()\r\n	}\r\n}\r\n', 204, '运行超时\n', '', '', '', '', 0, 0, NULL);
INSERT INTO `submissions` VALUES (172, '2024-12-25 23:44:54.085', '2024-12-26 00:46:27.299', NULL, 1, 130, NULL, 'go', 'package main\r\n\r\nimport \"fmt\"\r\n\r\n\r\n\r\nfunc binarySearch(nums []int, target int) int {\r\n    left, right := 0, len(nums)-1\r\n\r\n    for left <= right {\r\n        mid := left + (right-left)/2\r\n        if nums[mid] == target {\r\n            return mid\r\n        } else if nums[mid] < target {\r\n            left = mid + 1\r\n        } else {\r\n            right = mid - 1\r\n        }\r\n    }\r\n\r\n    return -1\r\n}\r\n\r\nfunc main() {\r\n    nums := []int{1, 3, 5, 7, 9, 11, 13}\r\n    target := 9\r\n    result := binarySearch(nums, target)\r\n    if result!= -1 {\r\n        fmt.Printf(\"目标值 %d 在数组中的索引为 %d\\n\", target, result)\r\n    } else {\r\n        fmt.Printf(\"数组中未找到目标值 %d\\n\", target)\r\n    }\r\n}', 200, '', '', '', '', '', 391, 0, '二分查找');
INSERT INTO `submissions` VALUES (173, '2024-12-26 00:45:34.275', '2024-12-26 00:45:54.776', NULL, 1, 130, NULL, 'go', 'package main\r\n\r\nimport \"fmt\"\r\n\r\n\r\n// https://leetcode.cn/problems/find-first-and-last-position-of-element-in-sorted-array/description/?envType=problem-list-v2&envId=binary-search\r\nfunc main() {\r\n    nums := []int{5,7,7,8,8,8,10}\r\n    target := 8\r\n    l := findFirst(nums, target)\r\n	r := findLast(nums, target)\r\n    fmt.Printf(\"%d %d\", l, r)\r\n}\r\n\r\nfunc findFirst(nums []int, target int) int {\r\n	left := 0\r\n	right := len(nums) - 1\r\n	for left < right {\r\n		mid := (left + right) / 2\r\n		if nums[mid] < target {\r\n			left = mid + 1\r\n		} else {\r\n			right = mid\r\n		}\r\n	}\r\n	if nums[left] == target {\r\n		return left\r\n	} else {\r\n		return -1\r\n	}\r\n}\r\n\r\nfunc findLast(nums []int, target int) int {\r\n	left := 0\r\n	right := len(nums) - 1\r\n	for left < right {\r\n		mid := (left + right + 1) / 2\r\n		if nums[mid] > target {\r\n			right = mid - 1\r\n		} else {\r\n			left = mid\r\n		}\r\n	}\r\n	if nums[left] == target {\r\n		return left\r\n	} else {\r\n		return -1\r\n	}\r\n}', 200, '', '', '', '', '', 190, 0, '在排序数组中查找元素的第一个和最后一个位置');
INSERT INTO `submissions` VALUES (174, '2024-12-26 23:07:20.709', '2024-12-26 23:07:27.530', NULL, 1, 130, NULL, 'go', 'package main\r\n\r\nimport \"fmt\"\r\n\r\n\r\n// https://leetcode.cn/problems/find-first-and-last-position-of-element-in-sorted-array/description/?envType=problem-list-v2&envId=binary-search\r\nfunc main() {\r\n    nums := []int{4,5,6,7,0,1,2}\r\n    l := find(nums)\r\n    fmt.Printf(\"%d\", l)\r\n}\r\n\r\nfunc find(nums []int) int {\r\n	left := 0\r\n    right := len(nums) - 1\r\n    for left < right {\r\n        mid := (left + right) / 2\r\n        if nums[mid] > nums[right] {\r\n            left = mid + 1\r\n        } else {\r\n            right = mid\r\n        }\r\n    }\r\n    return left\r\n}', 200, '', '', '', '', '', 290, 0, '寻找旋转排序数组中的最小值');
INSERT INTO `submissions` VALUES (175, '2024-12-29 17:11:47.507', '2024-12-29 17:12:03.298', NULL, 1, 131, NULL, 'go', 'package main\r\n\r\nimport (\r\n	\"fmt\"\r\n)\r\n\r\ntype LinkNode struct {\r\n    Val int\r\n    Next *LinkNode\r\n    Prev *LinkNode\r\n}\r\n\r\nfunc main() {\r\n	nums := []int{1, 2, 3, 4}\r\n    header := buildLink(nums)\r\n    node := header\r\n    for node != nil {\r\n        fmt.Println(node.Val)\r\n        node = node.Next\r\n    }\r\n}\r\n\r\nfunc buildLink(nums []int) *LinkNode {\r\n    var header, tail *LinkNode\r\n    for num := range nums {\r\n        node := &LinkNode{Val:num}\r\n        if header == nil {\r\n            header = node\r\n            tail = node\r\n        } else {\r\n            tail.Next = node\r\n            node.Prev = tail\r\n            tail = tail.Next\r\n        }\r\n    }\r\n    return header\r\n}\r\n', 200, '', '', '', '', '', 159, 0, '构建链表');
INSERT INTO `submissions` VALUES (176, '2025-01-19 18:43:37.847', '2025-01-19 18:43:37.847', NULL, 1, 103, NULL, 'go', 'package main\r\n\r\nimport (\r\n	\"fmt\"\r\n)\r\n\r\nfunc main() {\r\n	var n int\r\n    fmt.Scan(&n)\r\n    arr := make([]int,0)\r\n    for i := 0; i < n + 3; i++ {\r\n        var t int\r\n        fmt.Scan(&t)\r\n        arr = append(arr, t)\r\n    }\r\n    answer := 0\r\n	for _, num := range arr {\r\n		answer += num\r\n	} \r\n	fmt.Println(answer)\r\n}\r\n', 200, '', '', '', '', '', 36727901, 397127680, '');
INSERT INTO `submissions` VALUES (177, '2025-01-19 21:40:47.745', '2025-01-19 21:40:47.745', NULL, 1, 0, NULL, 'go', 'package main\r\nimport (\r\n	\"fmt\"\r\n)\r\nfunc main() {\r\n	a := 0\r\n	b := 0\r\n	for {\r\n		n, _ := fmt.Scan(&a, &b)\r\n		if n == 0 {\r\n			break\r\n		} else {\r\n			fmt.Printf(\"%d\r\n\", a+b)\r\n		}\r\n	}\r\n}\r\n', 203, '# command-line-arguments\n/main.go:13:19: newline in string\n/main.go:13:19: syntax error: unexpected newline in argument list; possibly missing comma or )\n/main.go:14:9: newline in string\n', '', '', '', '', 0, 0, '');

-- ----------------------------
-- Table structure for sys_apis
-- ----------------------------
DROP TABLE IF EXISTS `sys_apis`;
CREATE TABLE `sys_apis`  (
  `id` int UNSIGNED NOT NULL AUTO_INCREMENT,
  `created_at` datetime(3) NULL DEFAULT NULL,
  `updated_at` datetime(3) NULL DEFAULT NULL,
  `deleted_at` datetime(3) NULL DEFAULT NULL,
  `parent_api_id` bigint UNSIGNED NULL DEFAULT NULL,
  `path` longtext CHARACTER SET utf8mb4 COLLATE utf8mb4_0900_ai_ci NULL,
  `method` longtext CHARACTER SET utf8mb4 COLLATE utf8mb4_0900_ai_ci NULL,
  `name` longtext CHARACTER SET utf8mb4 COLLATE utf8mb4_0900_ai_ci NULL,
  `description` longtext CHARACTER SET utf8mb4 COLLATE utf8mb4_0900_ai_ci NULL,
  `sort` int NULL DEFAULT NULL,
  PRIMARY KEY (`id`) USING BTREE,
  INDEX `idx_sys_apis_deleted_at`(`deleted_at` ASC) USING BTREE
) ENGINE = InnoDB AUTO_INCREMENT = 198 CHARACTER SET = utf8mb4 COLLATE = utf8mb4_0900_ai_ci ROW_FORMAT = Dynamic;

-- ----------------------------
-- Records of sys_apis
-- ----------------------------
INSERT INTO `sys_apis` VALUES (1, NULL, '2023-07-29 22:18:56.000', NULL, 0, '/', '', '根路径', '根路径', 1);
INSERT INTO `sys_apis` VALUES (2, NULL, '2024-08-27 02:37:37.667', NULL, 1, '/auth', '', '认证相关', '认证相关', 100);
INSERT INTO `sys_apis` VALUES (3, NULL, '2023-08-04 22:26:31.000', '2023-10-02 18:29:44.530', 1, '/mamage/problem', '', '题目管理', '题目管理', 200);
INSERT INTO `sys_apis` VALUES (4, NULL, '2023-08-04 22:26:39.000', '2023-10-02 18:29:51.336', 1, '/manage/bank', '', '题库管理', '题库管理', 300);
INSERT INTO `sys_apis` VALUES (5, NULL, '2023-08-04 22:24:01.000', '2023-08-04 22:26:47.000', 1, '', '', '权限管理', '权限管理', 400);
INSERT INTO `sys_apis` VALUES (6, NULL, '2023-07-29 22:27:24.000', '2023-08-04 22:26:47.000', 5, '/permisson/api', '', '接口管理', '接口管理', 410);
INSERT INTO `sys_apis` VALUES (7, NULL, NULL, '2023-08-04 22:26:47.000', 5, '/permissions/role', '', '角色管理', '角色管理', 500);
INSERT INTO `sys_apis` VALUES (9, '2023-07-29 20:21:12.000', '2023-07-29 20:21:12.000', '2023-07-29 20:26:35.000', 4, '/bank', 'aa', 'aaa', '', NULL);
INSERT INTO `sys_apis` VALUES (10, '2023-07-29 20:23:26.000', '2023-07-29 20:23:26.000', '2023-07-29 20:26:36.000', 4, '/bank', '', 'bbb', '', NULL);
INSERT INTO `sys_apis` VALUES (11, '2023-07-29 20:23:33.000', '2023-07-29 20:23:33.000', '2023-07-29 20:26:38.000', 4, '/bank', '', 'bbbc', '', NULL);
INSERT INTO `sys_apis` VALUES (12, '2023-08-04 22:03:40.000', '2023-08-04 22:03:40.000', '2023-08-04 22:03:52.000', 1, '/auth/register', '', '用户注册', '', NULL);
INSERT INTO `sys_apis` VALUES (13, '2023-08-04 22:04:04.000', '2024-05-18 11:48:45.846', NULL, 2, '/auth/register', 'post', '用户注册', '', NULL);
INSERT INTO `sys_apis` VALUES (14, '2023-08-04 22:05:13.000', '2023-08-04 22:05:13.000', NULL, 2, '/auth/login', 'post', '用户登录', '', NULL);
INSERT INTO `sys_apis` VALUES (15, '2023-08-04 22:06:49.000', '2023-10-02 16:01:11.049', NULL, 2, '/auth/code/send', 'post', '发送验证码', '', NULL);
INSERT INTO `sys_apis` VALUES (16, '2023-08-04 22:10:15.000', '2023-08-04 22:11:03.000', NULL, 2, '/auth/get/info', 'get', '获取用户信息', '', NULL);
INSERT INTO `sys_apis` VALUES (17, '2023-08-04 22:12:10.000', '2023-08-04 22:12:10.000', '2023-10-02 18:29:43.099', 3, '/manage/problem', 'post', '添加题目', '', NULL);
INSERT INTO `sys_apis` VALUES (18, '2023-08-04 22:12:20.000', '2023-08-04 22:12:39.000', '2023-10-02 18:29:43.279', 3, '/manage/problem/:id', 'get', '获取题目', '', NULL);
INSERT INTO `sys_apis` VALUES (19, '2023-08-04 22:13:21.000', '2023-08-04 22:13:21.000', '2023-10-02 18:29:43.458', 3, '/manage/problem', 'put', '更新题目', '', NULL);
INSERT INTO `sys_apis` VALUES (20, '2023-08-04 22:13:53.000', '2023-08-04 22:13:53.000', '2023-10-02 18:29:43.632', 3, '/manage/problem/:id', 'delete', '删除题目', '', NULL);
INSERT INTO `sys_apis` VALUES (21, '2023-08-04 22:14:29.000', '2023-08-04 22:14:29.000', '2023-10-02 18:29:43.796', 3, '/manage/problem/list/:page/pageSize', 'get', '读取题目列表', '', NULL);
INSERT INTO `sys_apis` VALUES (22, '2023-08-04 22:15:31.000', '2023-08-04 22:15:31.000', '2023-10-02 18:29:43.959', 3, '/manage/problem//file/download/:id', 'get', '题目文件下载', '', NULL);
INSERT INTO `sys_apis` VALUES (23, '2023-08-04 22:15:58.000', '2023-08-04 22:15:58.000', '2023-10-02 18:29:44.122', 3, '/manage/problem/file/download/template', 'get', '题目文件模板下载', '', NULL);
INSERT INTO `sys_apis` VALUES (24, '2023-08-04 22:17:09.000', '2023-08-04 22:17:09.000', '2023-10-02 18:29:44.285', 3, '/manage/problem/code/check/:code', 'get', '判断题目编号是否已存在', '', NULL);
INSERT INTO `sys_apis` VALUES (25, '2023-08-04 22:17:46.000', '2023-08-04 22:17:46.000', '2023-10-02 18:29:44.448', 3, '/manage/problem/enable', 'post', '设置题目启用', '', NULL);
INSERT INTO `sys_apis` VALUES (26, '2023-08-04 22:27:03.000', '2023-08-04 22:27:03.000', '2023-10-02 18:29:56.022', 1, '/manage/api', '', 'api管理', '', NULL);
INSERT INTO `sys_apis` VALUES (27, '2023-08-04 22:27:26.000', '2023-08-04 22:27:26.000', '2023-10-02 18:30:00.943', 1, '/manage/menu', '', '菜单管理', '', NULL);
INSERT INTO `sys_apis` VALUES (28, '2023-08-04 22:27:45.000', '2023-08-04 22:27:45.000', '2023-10-02 18:30:05.647', 1, '/manage/role', '', '角色管理', '', NULL);
INSERT INTO `sys_apis` VALUES (29, '2023-08-04 22:28:04.000', '2023-08-04 22:28:04.000', '2023-10-02 18:30:11.346', 1, '/manage/user', '', '用户管理', '', NULL);
INSERT INTO `sys_apis` VALUES (30, '2023-08-04 22:28:46.000', '2023-08-04 22:28:46.000', '2023-10-02 18:29:55.271', 26, '/manage/api/:id', 'get', '获取api', '', NULL);
INSERT INTO `sys_apis` VALUES (31, '2023-08-04 22:29:08.000', '2023-08-04 22:29:08.000', '2023-10-02 18:29:55.439', 26, '/manage/api', 'post', '添加api', '', NULL);
INSERT INTO `sys_apis` VALUES (32, '2023-08-04 22:29:16.000', '2023-08-04 22:31:44.000', '2023-10-02 18:29:55.604', 26, '/manage/api', 'put', '修改api', '', NULL);
INSERT INTO `sys_apis` VALUES (33, '2023-08-04 22:29:36.000', '2023-08-04 22:29:36.000', '2023-10-02 18:29:55.773', 26, '/manage/api/:id', 'delete', '删除api', '', NULL);
INSERT INTO `sys_apis` VALUES (34, '2023-08-04 22:30:08.000', '2023-08-04 22:30:08.000', '2023-10-02 18:29:55.939', 26, '/manage/api/tree', 'get', '获取api树', '', NULL);
INSERT INTO `sys_apis` VALUES (35, '2023-08-04 22:30:52.000', '2023-08-04 22:30:52.000', '2023-10-02 18:30:00.165', 27, '/manage/menu/:id', 'get', '获取菜单', '', NULL);
INSERT INTO `sys_apis` VALUES (36, '2023-08-04 22:31:09.000', '2023-08-04 22:31:09.000', '2023-10-02 18:30:00.359', 27, '/manage/menu', 'post', '添加菜单', '', NULL);
INSERT INTO `sys_apis` VALUES (37, '2023-08-04 22:31:26.000', '2023-08-04 22:31:26.000', '2023-10-02 18:30:00.525', 27, '/manage/menu', 'put', '修改菜单', '', NULL);
INSERT INTO `sys_apis` VALUES (38, '2023-08-04 22:32:03.000', '2023-08-04 22:32:03.000', '2023-10-02 18:30:00.692', 27, '/manage/menu/:id', 'delete', '删除菜单', '', NULL);
INSERT INTO `sys_apis` VALUES (39, '2023-08-04 22:32:19.000', '2023-08-04 22:32:19.000', '2023-10-02 18:30:00.859', 27, '/manage/menu/tree', 'get', '获取菜单树', '', NULL);
INSERT INTO `sys_apis` VALUES (40, '2023-08-04 22:33:11.000', '2023-08-04 22:33:11.000', '2023-10-02 18:30:04.248', 28, '/manage/role/:id', 'get', '获取角色', '', NULL);
INSERT INTO `sys_apis` VALUES (41, '2023-08-04 22:33:37.000', '2023-08-04 22:33:37.000', '2023-10-02 18:30:04.413', 28, '/manage/role', 'post', '添加角色', '', NULL);
INSERT INTO `sys_apis` VALUES (42, '2023-08-04 22:33:54.000', '2023-08-04 22:33:54.000', '2023-10-02 18:30:04.578', 28, '/manage/role', 'put', '修改角色', '', NULL);
INSERT INTO `sys_apis` VALUES (43, '2023-08-04 22:34:04.000', '2023-08-04 22:34:04.000', '2023-10-02 18:30:04.742', 28, '/manage/role/:id', 'delete', '删除角色', '', NULL);
INSERT INTO `sys_apis` VALUES (44, '2023-08-04 22:34:27.000', '2023-08-04 22:34:27.000', '2023-10-02 18:30:04.905', 28, '/manage/role/list', 'get', '获取角色列表', '', NULL);
INSERT INTO `sys_apis` VALUES (45, '2023-08-04 22:34:59.000', '2023-08-04 22:34:59.000', '2023-10-02 18:30:05.071', 28, '/manage/role/api/:id', 'get', '获取角色api的id列表', '', NULL);
INSERT INTO `sys_apis` VALUES (46, '2023-08-04 22:35:20.000', '2023-08-04 22:35:20.000', '2023-10-02 18:30:05.236', 28, '/manage/role/menu/:id', 'get', '获取角色菜单的id列表', '', NULL);
INSERT INTO `sys_apis` VALUES (47, '2023-08-04 22:35:56.000', '2023-08-04 22:35:56.000', '2023-10-02 18:30:05.402', 28, '/manage/role/api', 'put', '更新角色api', '', NULL);
INSERT INTO `sys_apis` VALUES (48, '2023-08-04 22:36:15.000', '2023-08-04 22:36:15.000', '2023-10-02 18:30:05.564', 28, '/manage/role/menu', 'put', '更新角色菜单', '', NULL);
INSERT INTO `sys_apis` VALUES (49, '2023-08-04 22:37:03.000', '2023-08-04 22:37:03.000', '2023-10-02 18:30:10.069', 29, '/manage/user/:id', 'get', '获取用户', '', NULL);
INSERT INTO `sys_apis` VALUES (50, '2023-08-04 22:37:23.000', '2023-08-04 22:37:23.000', '2023-10-02 18:30:10.247', 29, '/manage/user', 'post', '添加用户', '', NULL);
INSERT INTO `sys_apis` VALUES (51, '2023-08-04 22:37:32.000', '2023-08-04 22:37:32.000', '2023-10-02 18:30:10.411', 29, '/manage/user', 'put', '更新用户', '', NULL);
INSERT INTO `sys_apis` VALUES (52, '2023-08-04 22:37:46.000', '2023-08-04 22:37:46.000', '2023-10-02 18:30:10.577', 29, '/manage/user/:id', 'delete', '删除用户', '', NULL);
INSERT INTO `sys_apis` VALUES (53, '2023-08-04 22:38:02.000', '2023-08-04 22:38:02.000', '2023-10-02 18:30:10.743', 29, '/manage/user/list', 'get', '获取用户列表', '', NULL);
INSERT INTO `sys_apis` VALUES (54, '2023-08-04 22:38:30.000', '2023-08-04 22:38:30.000', '2023-10-02 18:30:10.909', 29, '/manage/user/role/:id', 'get', '获取用户关联的角色id列表', '', NULL);
INSERT INTO `sys_apis` VALUES (55, '2023-08-04 22:38:52.000', '2023-08-04 22:38:52.000', '2023-10-02 18:30:11.080', 29, '/manage/user/role', 'put', '更新用户角色', '', NULL);
INSERT INTO `sys_apis` VALUES (56, '2023-08-04 22:39:20.000', '2023-08-04 22:39:20.000', '2023-10-02 18:30:11.259', 29, '/manage/user/simpleRole/list', 'get', '获取角色列表', '', NULL);
INSERT INTO `sys_apis` VALUES (57, '2023-10-02 17:15:07.719', '2023-10-02 17:15:07.719', NULL, 1, '/account', '', '账号相关', '', NULL);
INSERT INTO `sys_apis` VALUES (58, '2023-10-02 17:15:39.538', '2023-10-02 17:15:39.538', NULL, 57, '/account/info', 'get', '获取账号信息', '', NULL);
INSERT INTO `sys_apis` VALUES (59, '2023-10-02 17:16:19.321', '2023-10-02 17:16:19.321', NULL, 57, '/account', 'put', '修改账号信息', '', NULL);
INSERT INTO `sys_apis` VALUES (60, '2023-10-02 17:16:41.536', '2023-10-02 17:16:41.536', NULL, 57, '/account/password/reset', 'post', '重置密码', '', NULL);
INSERT INTO `sys_apis` VALUES (61, '2023-10-02 17:17:01.119', '2023-10-02 17:17:01.119', NULL, 57, '/account/password', 'post', '修改密码', '', NULL);
INSERT INTO `sys_apis` VALUES (62, '2023-10-02 17:17:24.459', '2023-10-02 17:17:24.459', NULL, 57, '/avatar', 'post', '上传头像', '', NULL);
INSERT INTO `sys_apis` VALUES (63, '2023-10-02 17:17:47.494', '2023-10-02 17:17:47.494', NULL, 57, '/avatar/user/:avatarName', 'get', '读取头像', '', NULL);
INSERT INTO `sys_apis` VALUES (64, '2023-10-02 17:18:21.100', '2023-10-02 17:18:21.100', NULL, 1, '/ping', 'get', 'ping', '', NULL);
INSERT INTO `sys_apis` VALUES (65, '2023-10-02 17:19:08.572', '2023-10-02 17:19:15.058', NULL, 1, '/manage', '', '管理员', '', NULL);
INSERT INTO `sys_apis` VALUES (66, '2023-10-02 17:19:31.498', '2023-10-02 17:19:31.498', NULL, 1, '/', '', '普通用户', '', NULL);
INSERT INTO `sys_apis` VALUES (67, '2023-10-02 17:20:07.414', '2023-10-02 17:20:07.414', NULL, 65, '/manage/api', '', '接口管理', '', NULL);
INSERT INTO `sys_apis` VALUES (68, '2023-10-02 17:20:31.203', '2023-10-02 17:20:31.203', NULL, 67, '/manage/api/:id', 'get', '读取接口', '', NULL);
INSERT INTO `sys_apis` VALUES (69, '2023-10-02 17:20:50.163', '2023-10-02 17:20:50.163', NULL, 67, '/manage/api', 'post', '添加接口', '', NULL);
INSERT INTO `sys_apis` VALUES (70, '2023-10-02 17:21:00.294', '2023-10-02 17:21:00.294', NULL, 67, '/manage/api', 'put', '修改接口', '', NULL);
INSERT INTO `sys_apis` VALUES (71, '2023-10-02 17:21:16.525', '2023-10-02 17:21:16.525', NULL, 67, '/manage/api/:id', 'delete', '删除接口', '', NULL);
INSERT INTO `sys_apis` VALUES (72, '2023-10-02 17:21:38.739', '2023-10-02 17:21:38.739', NULL, 67, '/manage/api/tree', 'get', '获取api树', '', NULL);
INSERT INTO `sys_apis` VALUES (73, '2023-10-02 17:22:04.386', '2023-10-02 17:22:04.386', NULL, 65, '/manage/menu', '', '菜单管理', '', NULL);
INSERT INTO `sys_apis` VALUES (74, '2023-10-02 17:22:19.851', '2023-10-02 17:22:19.851', NULL, 73, '/manage/menu/:id', 'get', '读取菜单', '', NULL);
INSERT INTO `sys_apis` VALUES (75, '2023-10-02 17:22:38.115', '2023-10-02 17:22:38.115', NULL, 73, '/manage/menu', 'post', '添加菜单', '', NULL);
INSERT INTO `sys_apis` VALUES (76, '2023-10-02 17:22:49.268', '2023-10-02 17:22:49.268', NULL, 73, '/manage/menu', 'put', '修改菜单', '', NULL);
INSERT INTO `sys_apis` VALUES (77, '2023-10-02 17:23:06.353', '2023-10-02 17:23:06.353', NULL, 73, '/manage/menu/:id', 'delete', '删除菜单', '', NULL);
INSERT INTO `sys_apis` VALUES (78, '2023-10-02 17:23:25.335', '2023-10-02 17:23:25.335', NULL, 73, '/manage/menu/tree', 'get', '读取菜单树', '', NULL);
INSERT INTO `sys_apis` VALUES (79, '2023-10-02 17:25:21.267', '2023-10-02 17:25:21.267', NULL, 65, '/manage/role', '', '角色管理', '', NULL);
INSERT INTO `sys_apis` VALUES (80, '2023-10-02 17:25:41.171', '2023-10-02 17:25:41.171', NULL, 79, '/manage/role/:id', 'get', '读取角色', '', NULL);
INSERT INTO `sys_apis` VALUES (81, '2023-10-02 17:25:53.763', '2023-10-02 17:25:53.763', NULL, 79, '/manage/role', 'post', '添加角色', '', NULL);
INSERT INTO `sys_apis` VALUES (82, '2023-10-02 17:26:13.795', '2023-10-02 17:26:13.795', NULL, 79, '/manage/role', 'put', '更新角色', '', NULL);
INSERT INTO `sys_apis` VALUES (83, '2023-10-02 17:26:31.113', '2023-10-02 17:26:31.113', NULL, 79, '/manage/role/:id', 'delete', '删除角色', '', NULL);
INSERT INTO `sys_apis` VALUES (84, '2023-10-02 17:26:53.589', '2023-10-02 17:26:53.589', NULL, 79, '/manage/role/list', 'get', '获取角色列表', '', NULL);
INSERT INTO `sys_apis` VALUES (85, '2023-10-02 17:27:34.653', '2023-10-02 17:29:11.994', NULL, 79, '/manage/role/api/:id', 'get', '读取角色接口id列表', '', NULL);
INSERT INTO `sys_apis` VALUES (86, '2023-10-02 17:27:55.521', '2023-10-02 17:27:55.521', NULL, 79, '/manage/role/menu/:id', 'get', '读取角色菜单id列表', '', NULL);
INSERT INTO `sys_apis` VALUES (87, '2023-10-02 17:28:20.032', '2023-10-02 17:28:20.032', NULL, 79, '/manage/role/api', 'put', '修改角色拥有的api', '', NULL);
INSERT INTO `sys_apis` VALUES (88, '2023-10-02 17:28:36.289', '2023-10-02 17:28:36.289', NULL, 79, '/manage/role/menu', 'put', '修改角色拥有的菜单', '', NULL);
INSERT INTO `sys_apis` VALUES (89, '2023-10-02 17:29:35.123', '2023-10-02 17:29:35.123', NULL, 65, '/manage/user', '', '用户管理', '', NULL);
INSERT INTO `sys_apis` VALUES (90, '2023-10-02 17:29:50.844', '2023-10-02 17:29:50.844', NULL, 89, '/manage/user/:id', 'get', '读取用户', '', NULL);
INSERT INTO `sys_apis` VALUES (91, '2023-10-02 17:30:04.772', '2023-10-02 17:30:04.772', NULL, 89, '/manage/user', 'post', '添加用户', '', NULL);
INSERT INTO `sys_apis` VALUES (92, '2023-10-02 17:30:16.885', '2023-10-02 17:30:16.885', NULL, 89, '/manage/user', 'put', '修改用户', '', NULL);
INSERT INTO `sys_apis` VALUES (93, '2023-10-02 17:30:33.782', '2023-10-02 17:30:33.782', NULL, 89, '/manage/user/:id', 'delete', '删除用户', '', NULL);
INSERT INTO `sys_apis` VALUES (94, '2023-10-02 17:30:48.740', '2023-10-02 17:30:48.740', NULL, 89, '/manage/user/list', 'get', '读取用户列表', '', NULL);
INSERT INTO `sys_apis` VALUES (95, '2023-10-02 17:31:05.096', '2023-10-02 17:31:05.096', NULL, 89, '/manage/user/role/:id', 'get', '读取用户关联的角色', '', NULL);
INSERT INTO `sys_apis` VALUES (96, '2023-10-02 17:31:38.055', '2023-10-02 17:31:52.054', NULL, 89, '/manage/user/role', 'put', '更新用户关联的角色列表', '', NULL);
INSERT INTO `sys_apis` VALUES (97, '2023-10-02 17:32:14.982', '2023-10-02 17:32:14.982', NULL, 89, '/manage/user/simpleRole/list', 'get', '读取用户的简单列表', '', NULL);
INSERT INTO `sys_apis` VALUES (98, '2023-10-02 17:32:38.843', '2023-10-02 17:32:38.843', NULL, 65, '/manage/problemBank', '', '题库管理', '', NULL);
INSERT INTO `sys_apis` VALUES (99, '2023-10-02 17:33:36.325', '2023-10-02 17:33:36.325', NULL, 98, '/manage/problemBank/:id', 'get', '读取题库', '', NULL);
INSERT INTO `sys_apis` VALUES (100, '2023-10-02 17:33:48.430', '2023-10-02 17:33:48.430', NULL, 98, '/manage/problemBank', 'post', '添加题库', '', NULL);
INSERT INTO `sys_apis` VALUES (101, '2023-10-02 17:34:03.561', '2023-10-02 17:34:03.561', NULL, 98, '/manage/problemBank', 'put', '修改题库', '', NULL);
INSERT INTO `sys_apis` VALUES (102, '2023-10-02 17:34:28.731', '2023-10-02 17:34:28.731', NULL, 98, '/manage/problemBank/:id/:forceDelete', 'delete', '删除题库', '', NULL);
INSERT INTO `sys_apis` VALUES (103, '2023-10-02 17:35:03.098', '2023-10-02 17:35:03.098', NULL, 98, '/manage/problemBank/list', 'get', '读取题库列表', '', NULL);
INSERT INTO `sys_apis` VALUES (104, '2023-10-02 17:35:19.667', '2023-10-02 17:35:19.667', NULL, 98, '/manage/problemBank/simple/list', 'get', '读取题库简单列表', '', NULL);
INSERT INTO `sys_apis` VALUES (105, '2023-10-02 17:35:45.140', '2023-10-02 17:35:45.140', NULL, 98, '/manage/problemBank/icon', 'post', '上传题库图片', '', NULL);
INSERT INTO `sys_apis` VALUES (106, '2023-10-02 17:35:58.886', '2023-10-02 17:35:58.886', NULL, 98, '/manage/problemBank/icon/:iconName', 'get', '读取题库图片', '', NULL);
INSERT INTO `sys_apis` VALUES (107, '2023-10-02 17:36:22.392', '2023-10-02 17:36:22.392', NULL, 65, '/manage/problem', '', '题目管理', '', NULL);
INSERT INTO `sys_apis` VALUES (108, '2023-10-02 17:36:49.502', '2023-10-02 17:36:49.502', NULL, 107, '/manage/problem/:id', 'get', '读取题目', '', NULL);
INSERT INTO `sys_apis` VALUES (109, '2023-10-02 17:37:06.117', '2023-10-02 17:37:06.117', NULL, 107, '/manage/problem', 'post', '添加题目', '', NULL);
INSERT INTO `sys_apis` VALUES (110, '2023-10-02 17:37:16.137', '2023-10-02 17:37:16.137', NULL, 107, '/manage/problem', 'put', '修改题目', '', NULL);
INSERT INTO `sys_apis` VALUES (111, '2023-10-02 17:37:31.042', '2023-10-02 17:37:31.042', NULL, 107, '/manage/problem/:id', 'delete', '删除题目', '', NULL);
INSERT INTO `sys_apis` VALUES (112, '2023-10-02 17:37:51.563', '2023-10-02 17:37:51.563', NULL, 107, '/manage/problem/code/check/:number', 'get', '检测题目编号是否重复', '', NULL);
INSERT INTO `sys_apis` VALUES (113, '2023-10-02 17:38:10.259', '2023-10-02 17:38:10.259', NULL, 107, '/manage/problem/list', 'get', '读取题目列表', '', NULL);
INSERT INTO `sys_apis` VALUES (114, '2023-10-02 17:38:31.397', '2023-10-02 17:38:31.397', '2023-12-24 20:35:49.644', 107, '/manage/problem/file/download/:id', 'get', '下载题目文件', '', NULL);
INSERT INTO `sys_apis` VALUES (115, '2023-10-02 17:38:45.195', '2023-10-02 17:38:45.195', '2023-12-24 20:35:38.075', 107, '/manage/problem/file/download/template', 'get', '下载题目模板文件', '', NULL);
INSERT INTO `sys_apis` VALUES (116, '2023-10-02 17:39:04.922', '2023-10-02 17:39:04.922', NULL, 107, '/manage/problem/enable', 'post', '使题目可用', '', NULL);
INSERT INTO `sys_apis` VALUES (117, '2023-10-02 18:00:09.723', '2023-10-02 18:00:09.723', NULL, 66, '/judge', '', '判题相关', '', NULL);
INSERT INTO `sys_apis` VALUES (118, '2023-10-02 18:00:24.648', '2023-10-02 18:00:24.648', NULL, 117, '/judge/submit', 'post', '提交', '', NULL);
INSERT INTO `sys_apis` VALUES (119, '2023-10-02 18:00:41.138', '2023-10-02 18:00:41.138', NULL, 117, '/judge/execute', 'post', '执行', '', NULL);
INSERT INTO `sys_apis` VALUES (120, '2023-10-02 18:00:57.941', '2023-10-02 18:00:57.941', NULL, 66, '/problem', '', '题目信息', '', NULL);
INSERT INTO `sys_apis` VALUES (121, '2023-10-02 18:01:15.228', '2023-10-02 18:01:15.228', NULL, 120, '/problem/list', 'get', '获取题目列表', '', NULL);
INSERT INTO `sys_apis` VALUES (122, '2023-10-02 18:01:27.071', '2023-10-02 18:01:27.071', NULL, 120, '/problem/:number', 'get', '获取题目信息', '', NULL);
INSERT INTO `sys_apis` VALUES (123, '2023-10-02 18:01:47.338', '2024-06-23 23:56:49.056', NULL, 120, '/problem/code/:number/:language', 'get', '获取用户代码', '', NULL);
INSERT INTO `sys_apis` VALUES (124, '2023-10-02 18:02:05.908', '2023-10-02 18:02:05.908', NULL, 66, '/submission', '', '提交信息', '', NULL);
INSERT INTO `sys_apis` VALUES (125, '2023-10-02 18:02:31.844', '2023-10-02 18:02:31.844', NULL, 124, '/submission/active/year', 'get', '获取用户有提交的年份', '', NULL);
INSERT INTO `sys_apis` VALUES (126, '2023-10-02 18:02:51.894', '2023-10-02 18:02:51.894', NULL, 124, '/submission/active/map/:year', 'get', '获取用户的活动图', '', NULL);
INSERT INTO `sys_apis` VALUES (127, '2023-10-02 18:03:07.570', '2023-10-02 18:03:07.570', NULL, 124, '/submission/list', 'get', '获取用户提交列表', '', NULL);
INSERT INTO `sys_apis` VALUES (128, '2023-10-06 23:45:20.504', '2023-10-06 23:45:20.504', NULL, 66, '/problemBank', '', '题库信息', '', NULL);
INSERT INTO `sys_apis` VALUES (129, '2023-10-06 23:45:42.231', '2023-10-06 23:45:42.231', NULL, 128, '/problemBank/all', 'get', '读取用户可见的所有题库', '', NULL);
INSERT INTO `sys_apis` VALUES (130, '2023-10-08 21:46:12.570', '2023-10-08 22:09:12.918', NULL, 128, '/problemBank/:id', 'get', '获取题库信息', '', NULL);
INSERT INTO `sys_apis` VALUES (131, '2023-10-09 08:58:58.562', '2023-10-09 08:58:58.562', NULL, 117, '/judge/code/:problemID', 'get', '获取用户代码', '', NULL);
INSERT INTO `sys_apis` VALUES (132, '2023-10-09 08:59:21.810', '2023-10-09 08:59:21.810', NULL, 117, '/judge/code', 'post', '保存用户代码', '', NULL);
INSERT INTO `sys_apis` VALUES (133, '2023-10-21 19:36:16.899', '2023-10-21 19:36:16.899', '2023-10-21 19:36:21.277', 1, '/sb', 'sb', 'sb', 'sb', NULL);
INSERT INTO `sys_apis` VALUES (134, '2023-12-24 20:38:44.780', '2023-12-24 20:38:44.780', NULL, 107, '/manage/problem/case', '', '用例管理', '', NULL);
INSERT INTO `sys_apis` VALUES (135, '2023-12-24 20:39:21.998', '2023-12-24 20:39:21.998', NULL, 134, '/manage/problem/case', 'post', '添加用例', '', NULL);
INSERT INTO `sys_apis` VALUES (136, '2023-12-24 20:39:34.286', '2023-12-24 20:39:34.286', '2023-12-24 20:39:43.316', 116, '/manage/problem/enable', 'put', '修改用例', '', NULL);
INSERT INTO `sys_apis` VALUES (137, '2023-12-24 20:39:52.822', '2023-12-24 20:39:52.822', NULL, 134, '/manage/problem/case', 'put', '修改用例', '', NULL);
INSERT INTO `sys_apis` VALUES (138, '2023-12-24 20:40:14.828', '2023-12-24 20:40:14.828', NULL, 134, '/manage/problem/case/:id', 'delete', '删除用例', '', NULL);
INSERT INTO `sys_apis` VALUES (139, '2023-12-24 20:40:33.006', '2023-12-24 20:40:33.006', NULL, 134, '/manage/problem/case/:id', 'get', '读取用例', '', NULL);
INSERT INTO `sys_apis` VALUES (140, '2023-12-24 20:40:46.676', '2023-12-24 20:40:46.676', NULL, 134, '/manage/problem/case/list', 'get', '读取用例列表', '', NULL);
INSERT INTO `sys_apis` VALUES (141, '2023-12-25 00:30:31.357', '2023-12-25 00:30:31.357', NULL, 134, '/manage/problem/case/name/new', 'get', '生成用例名称', '', NULL);
INSERT INTO `sys_apis` VALUES (142, '2023-12-25 00:30:47.626', '2023-12-25 00:30:47.626', NULL, 134, '/manage/problem/case/name/check', 'get', '检测用例名称', '', NULL);
INSERT INTO `sys_apis` VALUES (143, '2024-03-17 18:39:55.636', '2024-03-17 18:39:55.636', '2024-03-17 19:27:29.156', 1, '/ws', 'get', 'websocket', '', NULL);
INSERT INTO `sys_apis` VALUES (144, '2024-03-17 19:29:26.624', '2024-03-17 19:45:27.055', '2024-03-31 14:57:18.810', 1, '/ws/:token', 'get', 'websocket', '', NULL);
INSERT INTO `sys_apis` VALUES (145, '2024-03-31 14:57:36.788', '2024-03-31 14:57:36.788', NULL, 66, '/debug', '', '调试接口', '', NULL);
INSERT INTO `sys_apis` VALUES (146, '2024-03-31 14:58:05.419', '2024-03-31 14:58:05.419', NULL, 145, '/debug/start', 'post', '启动调试', '', NULL);
INSERT INTO `sys_apis` VALUES (147, '2024-03-31 14:58:47.262', '2024-03-31 14:58:47.262', NULL, 145, '/debug/sse/:key', 'get', '监控调试事件', '', NULL);
INSERT INTO `sys_apis` VALUES (148, '2024-03-31 14:59:03.566', '2024-03-31 14:59:03.566', '2024-04-15 00:46:15.172', 145, '/debug/next', 'post', 'next', '', NULL);
INSERT INTO `sys_apis` VALUES (149, '2024-03-31 14:59:20.008', '2024-03-31 14:59:20.008', '2024-04-15 00:46:19.323', 145, '/debug/step', 'post', 'step', '', NULL);
INSERT INTO `sys_apis` VALUES (150, '2024-03-31 14:59:36.809', '2024-03-31 14:59:36.809', NULL, 145, '/debug/continue', 'post', 'continue', '', NULL);
INSERT INTO `sys_apis` VALUES (151, '2024-03-31 15:00:14.676', '2024-03-31 15:00:14.676', NULL, 145, '/debug/sendToConsole', 'post', '输入数据到用户程序', '', NULL);
INSERT INTO `sys_apis` VALUES (152, '2024-03-31 15:00:34.929', '2024-03-31 15:00:34.929', NULL, 145, '/debug/addBreakpoints', 'post', '添加断点', '', NULL);
INSERT INTO `sys_apis` VALUES (153, '2024-03-31 15:00:48.437', '2024-03-31 15:00:48.437', NULL, 145, '/debug/removeBreakpoints', 'post', '移除断点', '', NULL);
INSERT INTO `sys_apis` VALUES (154, '2024-03-31 15:01:15.639', '2024-11-03 20:45:28.395', NULL, 145, '/debug/terminate', 'post', 'terminate', '', NULL);
INSERT INTO `sys_apis` VALUES (155, '2024-04-13 01:09:09.234', '2024-04-13 01:09:39.009', NULL, 145, '/debug/session/create', 'post', '创建debugsession', '', NULL);
INSERT INTO `sys_apis` VALUES (156, '2024-04-15 00:46:31.527', '2024-04-15 00:46:31.527', NULL, 145, '/debug/step/in', 'post', 'stepIn', '', NULL);
INSERT INTO `sys_apis` VALUES (157, '2024-04-15 00:46:44.565', '2024-04-15 00:46:44.565', NULL, 145, '/debug/step/out', 'post', 'stepOut', '', NULL);
INSERT INTO `sys_apis` VALUES (158, '2024-04-15 00:46:54.364', '2024-04-15 00:46:54.364', NULL, 145, '/debug/step/over', 'post', 'stepOver', '', NULL);
INSERT INTO `sys_apis` VALUES (159, '2024-06-09 18:42:09.932', '2024-06-09 18:42:09.932', NULL, 145, '/debug/stackTrace', 'post', '获取栈帧', '', NULL);
INSERT INTO `sys_apis` VALUES (160, '2024-06-09 18:42:48.834', '2024-06-09 18:42:48.834', NULL, 145, '/debug/frame/variables', 'post', '获取栈帧中的局部变量', '', NULL);
INSERT INTO `sys_apis` VALUES (161, '2024-06-09 18:43:16.695', '2024-06-09 18:43:16.695', NULL, 145, '/debug/variables', 'post', '根据引用获取局部变量', '', NULL);
INSERT INTO `sys_apis` VALUES (162, '2024-06-23 23:57:11.621', '2024-11-29 01:50:15.572', NULL, 120, '/problem/code/template/:language', 'get', '获取题目模板', '', NULL);
INSERT INTO `sys_apis` VALUES (163, '2024-06-23 23:57:30.246', '2024-06-23 23:57:30.246', NULL, 120, '/problem/code/save', 'post', '保存用户代码', '', NULL);
INSERT INTO `sys_apis` VALUES (164, '2024-06-24 00:36:36.439', '2024-06-24 00:36:36.439', NULL, 120, '/problem/code/:number', 'get', '根据题目id获取用户代码', '', NULL);
INSERT INTO `sys_apis` VALUES (165, '2024-08-08 02:06:07.521', '2024-10-27 17:01:49.419', NULL, 66, '/visual', '', '可视化接口', '', NULL);
INSERT INTO `sys_apis` VALUES (166, '2024-08-08 02:06:51.248', '2024-10-27 17:02:03.716', NULL, 165, '/visual/debug/struct', 'post', '结构体导向可视化数据', '', NULL);
INSERT INTO `sys_apis` VALUES (167, '2024-08-08 02:07:32.249', '2024-10-27 17:02:08.811', NULL, 165, '/visual/template/:type', 'get', '获取可视化描述模板', '', NULL);
INSERT INTO `sys_apis` VALUES (168, '2024-08-08 02:07:58.772', '2024-10-27 17:02:16.378', NULL, 165, '/visual/template/list', 'get', '获取可视化模板列表', '', NULL);
INSERT INTO `sys_apis` VALUES (169, '2024-08-25 03:00:55.781', '2024-10-27 17:02:23.378', NULL, 165, '/visual/debug/variable', 'post', '变量导向可视化数据结构', '', NULL);
INSERT INTO `sys_apis` VALUES (170, '2024-08-27 02:27:07.515', '2024-08-27 02:27:07.515', '2024-08-27 02:27:12.346', 1, '/', '', '测试1', '', NULL);
INSERT INTO `sys_apis` VALUES (171, '2024-09-15 01:53:55.108', '2024-09-15 01:53:55.108', NULL, 1, '/common', '', 'common', '', NULL);
INSERT INTO `sys_apis` VALUES (172, '2024-09-15 01:54:11.288', '2024-09-15 01:54:11.288', NULL, 171, '/common/getURL', 'get', '获取资源URL', '', NULL);
INSERT INTO `sys_apis` VALUES (173, '2024-10-21 01:33:12.443', '2024-10-21 01:33:12.443', '2024-10-21 01:38:45.515', 171, '/common/program/language', 'get', '获取编程语言', '', NULL);
INSERT INTO `sys_apis` VALUES (174, '2024-10-27 16:50:29.510', '2024-10-27 16:50:29.510', '2025-01-04 20:39:24.972', 165, '/visual/setting', '', '可视化设置', '', NULL);
INSERT INTO `sys_apis` VALUES (175, '2024-10-27 16:50:29.959', '2024-10-27 16:50:29.959', '2024-10-27 16:50:49.443', 165, '/visual/setting', '', '可视化设置', '', NULL);
INSERT INTO `sys_apis` VALUES (176, '2024-10-27 16:51:27.773', '2024-10-27 16:52:00.439', '2025-01-04 20:39:24.738', 174, '/visual/setting/save', 'post', '保存可视化设置', '', NULL);
INSERT INTO `sys_apis` VALUES (177, '2024-10-27 16:51:53.004', '2024-10-27 17:59:35.754', '2025-01-04 20:39:24.853', 174, '/visual/setting/:problemID/:language', 'get', '读取可视化设置', '', NULL);
INSERT INTO `sys_apis` VALUES (178, '2024-11-29 01:50:56.769', '2024-11-29 01:50:56.769', NULL, 165, '/visual/document', 'get', '获取可视化说明文档', '', NULL);
INSERT INTO `sys_apis` VALUES (179, '2024-12-23 01:35:34.412', '2024-12-23 01:35:54.112', NULL, 124, '/submission/add/remark', 'post', '添加备注', '添加备注', NULL);
INSERT INTO `sys_apis` VALUES (180, '2025-01-04 20:40:08.917', '2025-01-04 20:40:24.809', NULL, 65, '/manage/visual/document', '', '可视化教程文档管理', '', NULL);
INSERT INTO `sys_apis` VALUES (181, '2025-01-04 20:46:32.286', '2025-01-04 20:46:32.286', NULL, 180, '/manage/visual/document/directory', 'get', '获取可视化文档目录', '', NULL);
INSERT INTO `sys_apis` VALUES (182, '2025-01-04 20:47:10.295', '2025-01-04 20:47:24.049', NULL, 180, '/manage/visual/document/:id', 'get', '获取可视化文档', '', NULL);
INSERT INTO `sys_apis` VALUES (183, '2025-01-04 20:47:51.423', '2025-01-04 20:47:51.423', NULL, 180, '/manage/visual/document', 'post', '添加可视化文档', '', NULL);
INSERT INTO `sys_apis` VALUES (184, '2025-01-04 20:48:16.816', '2025-01-04 20:48:16.816', NULL, 180, '/manage/visual/document', 'put', '更新可视化文档', '', NULL);
INSERT INTO `sys_apis` VALUES (185, '2025-01-04 20:48:35.891', '2025-01-04 20:48:35.891', NULL, 180, '/manage/visual/document/:id', 'delete', '删除可视化文档', '', NULL);
INSERT INTO `sys_apis` VALUES (186, '2025-01-04 20:49:02.596', '2025-01-04 20:49:02.596', '2025-01-08 22:21:56.895', 180, '/manage/visual/document/code/languages/:documentID', 'get', '获取可视化文档支持的语言', '', NULL);
INSERT INTO `sys_apis` VALUES (187, '2025-01-04 20:49:27.155', '2025-01-18 17:43:04.390', NULL, 180, '/manage/visual/document/directory', 'post', '更新可视化文档的目录', '', NULL);
INSERT INTO `sys_apis` VALUES (188, '2025-01-04 20:50:04.074', '2025-01-04 20:50:04.074', '2025-01-08 22:21:50.820', 180, '/manage/visual/document/code/:documentID/:language', 'get', '获取可视化文档中某个语言的代码配置', '', NULL);
INSERT INTO `sys_apis` VALUES (189, '2025-01-04 20:50:34.999', '2025-01-04 20:50:34.999', '2025-01-08 22:21:47.296', 180, '/manage/visual/document/code', 'post', '添加可视化文档的代码', '', NULL);
INSERT INTO `sys_apis` VALUES (190, '2025-01-04 20:50:54.564', '2025-01-04 20:50:54.564', '2025-01-08 22:21:43.526', 180, '/manage/visual/document/code', 'put', '更新可视化文档的代码', '', NULL);
INSERT INTO `sys_apis` VALUES (191, '2025-01-04 20:51:22.678', '2025-01-04 20:51:22.678', '2025-01-08 22:22:06.538', 180, '/manage/visual/document/:id', 'delete', '删除可视化文档的代码', '', NULL);
INSERT INTO `sys_apis` VALUES (192, '2025-01-07 23:31:57.790', '2025-01-07 23:31:57.790', '2025-01-08 22:21:34.416', 180, '/manage/visual/document/title', 'put', '更新可视化标题', '', NULL);
INSERT INTO `sys_apis` VALUES (193, '2025-01-07 23:32:24.310', '2025-01-07 23:32:24.310', '2025-01-08 22:21:31.187', 180, '/manage/visual/document/enable', 'put', '设置可视化文档可用状态', '', NULL);
INSERT INTO `sys_apis` VALUES (194, '2025-01-18 20:36:16.912', '2025-01-18 20:36:16.912', NULL, 107, '/manage/problem/file/upload', 'post', '文件上传', '', NULL);
INSERT INTO `sys_apis` VALUES (195, '2025-01-19 01:24:28.847', '2025-01-19 01:24:28.847', NULL, 66, '/learn/visual/document', '', '可视化教学', '', NULL);
INSERT INTO `sys_apis` VALUES (196, '2025-01-19 01:24:52.120', '2025-01-19 01:24:52.120', NULL, 195, '/learn/visual/document/directory', 'get', '获取文档目录', '', NULL);
INSERT INTO `sys_apis` VALUES (197, '2025-01-19 01:25:15.088', '2025-01-19 01:25:15.088', NULL, 195, '/learn/visual/document/:id', 'get', '获取可视化文档', '', NULL);

-- ----------------------------
-- Table structure for sys_menus
-- ----------------------------
DROP TABLE IF EXISTS `sys_menus`;
CREATE TABLE `sys_menus`  (
  `id` int UNSIGNED NOT NULL AUTO_INCREMENT,
  `created_at` datetime(3) NULL DEFAULT NULL,
  `updated_at` datetime(3) NULL DEFAULT NULL,
  `deleted_at` datetime(3) NULL DEFAULT NULL,
  `parent_Menu_id` bigint UNSIGNED NULL DEFAULT NULL,
  `name` longtext CHARACTER SET utf8mb4 COLLATE utf8mb4_0900_ai_ci NULL,
  `code` longtext CHARACTER SET utf8mb4 COLLATE utf8mb4_0900_ai_ci NULL,
  `description` longtext CHARACTER SET utf8mb4 COLLATE utf8mb4_0900_ai_ci NULL,
  PRIMARY KEY (`id`) USING BTREE,
  INDEX `idx_sys_menus_deleted_at`(`deleted_at` ASC) USING BTREE
) ENGINE = InnoDB AUTO_INCREMENT = 14 CHARACTER SET = utf8mb4 COLLATE = utf8mb4_0900_ai_ci ROW_FORMAT = Dynamic;

-- ----------------------------
-- Records of sys_menus
-- ----------------------------
INSERT INTO `sys_menus` VALUES (1, NULL, '2023-07-29 22:27:32.000', NULL, 0, '全部数据', 'manage', NULL);
INSERT INTO `sys_menus` VALUES (2, '2023-07-29 22:06:53.000', '2023-10-21 19:36:53.202', NULL, 1, '题目管理', 'problem', '题目管理');
INSERT INTO `sys_menus` VALUES (3, '2023-08-21 23:00:47.848', '2023-08-21 23:00:47.848', NULL, 1, '题库管理', 'bank', '题库管理');
INSERT INTO `sys_menus` VALUES (4, '2023-08-21 23:01:13.459', '2023-08-21 23:01:13.459', NULL, 1, '权限管理', 'permissions', '权限管理');
INSERT INTO `sys_menus` VALUES (5, '2023-08-21 23:01:29.982', '2024-05-18 11:49:13.446', NULL, 4, '接口管理', 'api', '接口管理');
INSERT INTO `sys_menus` VALUES (6, '2023-08-21 23:01:46.512', '2023-08-21 23:01:46.512', NULL, 4, '菜单管理', 'menu', '菜单管理');
INSERT INTO `sys_menus` VALUES (7, '2023-08-21 23:02:04.506', '2023-08-21 23:02:04.506', NULL, 4, '角色管理', 'role', '角色管理');
INSERT INTO `sys_menus` VALUES (8, '2023-08-22 10:22:17.100', '2024-08-27 02:39:27.225', NULL, 4, '用户管理', 'user', '用户管理');
INSERT INTO `sys_menus` VALUES (9, '2023-09-29 11:16:59.709', '2023-09-29 11:16:59.709', NULL, 3, '管理题库中的题目', 'bank-problem', '用于管理题库中的题目');
INSERT INTO `sys_menus` VALUES (10, '2023-09-29 11:56:20.099', '2023-09-29 11:56:20.099', '2023-09-29 12:01:23.181', 3, '题库管理主页面', 'bank-default', '');
INSERT INTO `sys_menus` VALUES (11, '2023-09-29 15:27:50.382', '2023-09-29 15:27:50.382', '2023-09-29 15:27:52.995', 3, 'aaa', 'aaa', '');
INSERT INTO `sys_menus` VALUES (12, '2023-10-21 19:37:00.453', '2023-10-21 19:37:00.453', '2023-10-21 19:37:03.585', 1, 'sb', 'sb', 'sb');
INSERT INTO `sys_menus` VALUES (13, '2025-01-04 22:02:42.685', '2025-01-04 22:02:42.685', NULL, 1, '可视化教程管理', 'visual-document', '');

-- ----------------------------
-- Table structure for sys_roles
-- ----------------------------
DROP TABLE IF EXISTS `sys_roles`;
CREATE TABLE `sys_roles`  (
  `id` int UNSIGNED NOT NULL AUTO_INCREMENT,
  `created_at` datetime(3) NULL DEFAULT NULL,
  `updated_at` datetime(3) NULL DEFAULT NULL,
  `deleted_at` datetime(3) NULL DEFAULT NULL,
  `name` longtext CHARACTER SET utf8mb4 COLLATE utf8mb4_0900_ai_ci NULL,
  `alias` varchar(255) CHARACTER SET utf8mb4 COLLATE utf8mb4_0900_ai_ci NULL DEFAULT NULL,
  `description` longtext CHARACTER SET utf8mb4 COLLATE utf8mb4_0900_ai_ci NULL,
  PRIMARY KEY (`id`) USING BTREE,
  INDEX `idx_sys_roles_deleted_at`(`deleted_at` ASC) USING BTREE
) ENGINE = InnoDB AUTO_INCREMENT = 17 CHARACTER SET = utf8mb4 COLLATE = utf8mb4_0900_ai_ci ROW_FORMAT = Dynamic;

-- ----------------------------
-- Records of sys_roles
-- ----------------------------
INSERT INTO `sys_roles` VALUES (1, '2023-07-30 09:51:45.000', '2025-01-18 20:36:38.293', NULL, 'admin', NULL, '超级管理员11');
INSERT INTO `sys_roles` VALUES (2, '2023-10-01 10:39:48.000', '2024-11-30 02:54:51.587', NULL, '游客用户', NULL, '游客用户');
INSERT INTO `sys_roles` VALUES (3, '2023-10-02 18:10:54.000', '2025-01-19 01:25:36.047', NULL, '普通用户', NULL, '普通用户');
INSERT INTO `sys_roles` VALUES (4, '2023-07-30 11:18:28.000', '2023-07-30 11:18:32.000', '2023-10-02 18:03:28.243', '用户管理员', NULL, '用户管理员');
INSERT INTO `sys_roles` VALUES (5, '2023-07-30 11:19:48.000', '2023-07-30 11:19:52.000', '2023-10-02 18:03:21.902', '接口管理员', NULL, '接口管理员');
INSERT INTO `sys_roles` VALUES (6, '2023-07-30 11:20:11.000', '2023-07-30 11:20:15.000', '2023-10-02 18:03:24.603', '角色管理员', NULL, '角色管理员');
INSERT INTO `sys_roles` VALUES (7, '2023-07-30 11:20:34.000', '2023-07-30 11:20:37.000', '2023-10-02 18:11:14.075', '普通用户', NULL, '普通用户');
INSERT INTO `sys_roles` VALUES (8, '2023-07-30 11:21:40.000', '2023-09-30 17:44:27.736', '2023-10-02 18:03:32.724', '游客用户', NULL, '游客用户');
INSERT INTO `sys_roles` VALUES (15, '2023-10-21 19:37:27.508', '2023-10-21 19:37:27.508', '2023-10-21 19:37:32.090', '11', NULL, '11');
INSERT INTO `sys_roles` VALUES (16, '2024-05-18 11:48:02.555', '2024-05-18 11:48:09.036', '2024-05-18 11:48:12.255', 'test111', NULL, 'test');

-- ----------------------------
-- Table structure for sys_users
-- ----------------------------
DROP TABLE IF EXISTS `sys_users`;
CREATE TABLE `sys_users`  (
  `id` int UNSIGNED NOT NULL AUTO_INCREMENT,
  `created_at` datetime(3) NULL DEFAULT NULL,
  `updated_at` datetime(3) NULL DEFAULT NULL,
  `deleted_at` datetime(3) NULL DEFAULT NULL,
  `login_name` longtext CHARACTER SET utf8mb4 COLLATE utf8mb4_0900_ai_ci NULL,
  `password` longtext CHARACTER SET utf8mb4 COLLATE utf8mb4_0900_ai_ci NULL,
  `username` longtext CHARACTER SET utf8mb4 COLLATE utf8mb4_0900_ai_ci NULL,
  `email` longtext CHARACTER SET utf8mb4 COLLATE utf8mb4_0900_ai_ci NULL,
  `phone` longtext CHARACTER SET utf8mb4 COLLATE utf8mb4_0900_ai_ci NULL,
  `avatar` longtext CHARACTER SET utf8mb4 COLLATE utf8mb4_0900_ai_ci NULL,
  `remark` longtext CHARACTER SET utf8mb4 COLLATE utf8mb4_0900_ai_ci NULL,
  `enable` tinyint(1) NULL DEFAULT NULL,
  `introduction` longtext CHARACTER SET utf8mb4 COLLATE utf8mb4_0900_ai_ci NULL,
  `sex` bigint NULL DEFAULT NULL,
  `birth_day` datetime(3) NULL DEFAULT NULL,
  PRIMARY KEY (`id`) USING BTREE,
  INDEX `idx_sys_users_deleted_at`(`deleted_at` ASC) USING BTREE
) ENGINE = InnoDB AUTO_INCREMENT = 34 CHARACTER SET = utf8mb4 COLLATE = utf8mb4_0900_ai_ci ROW_FORMAT = Dynamic;

-- ----------------------------
-- Records of sys_users
-- ----------------------------
INSERT INTO `sys_users` VALUES (1, NULL, '2024-09-16 15:56:03.237', NULL, 'niliu', '$2a$10$wiKV1OekhawSNP.VaRogk.SAzVsG3WzBhp8Kv0V23sV28ztX98/5O', 'niliu', '3210477146@qq.com', '18122587239', '/avatar/user/1db8407a-7401-11ef-8b0d-0242ac110002.cefba86f49b48f3740b0ce3a50b7660d_1.jpg', NULL, NULL, '111', 1, '1901-01-24 08:00:00.000');
INSERT INTO `sys_users` VALUES (2, '2023-07-31 10:24:18.000', '2023-07-31 10:24:18.000', '2023-07-31 10:32:25.000', 'niliu3', '$2a$10$3N1YXB4Cn9qZMyCiMZz8c.emdWxk3Iy3dWY33YfH.BkfeD63YSk9.', '哪有彩虹告诉我', '', '', '', '', NULL, NULL, NULL, NULL);
INSERT INTO `sys_users` VALUES (3, '2023-07-31 10:25:33.000', '2023-07-31 10:25:33.000', '2023-07-31 10:32:34.000', 'niliu3', '$2a$10$nN1uj0mcVWAzMxklW8sole9nEvmCUzafhTO2bE2/yEbUzs0e.sjGy', '哪有彩虹告诉我', '', '', '', '', NULL, NULL, NULL, NULL);
INSERT INTO `sys_users` VALUES (4, '2023-07-31 10:25:40.000', '2023-07-31 10:25:40.000', '2023-07-31 10:32:37.000', 'niliu3', '$2a$10$Zm1uBVMKCojiy.3QG.Ofh.QqzGfByqddLYvcsNOYQU4u3OBgDtQA2', '哪有彩虹告诉我', '', '', '', '', NULL, NULL, NULL, NULL);
INSERT INTO `sys_users` VALUES (5, '2023-07-31 10:26:00.000', '2023-07-31 10:26:00.000', '2023-07-31 10:32:41.000', 'niliu3', '$2a$10$.ROOad5iR6rBKpgjgS5kUO5xKo6SnrGm9wgqljPL4bYOL9Xa55gL.', '哪有彩虹告诉我', '', '', '', '', NULL, NULL, NULL, NULL);
INSERT INTO `sys_users` VALUES (6, '2023-07-31 10:26:00.000', '2023-07-31 10:26:00.000', '2023-07-31 10:32:43.000', 'niliu3', '$2a$10$UFyDw13IpE7cQD7JFRQS..uIE7yZpvMLhb9LtnLynGTSU4hHqT2Ce', '哪有彩虹告诉我', '', '', '', '', NULL, NULL, NULL, NULL);
INSERT INTO `sys_users` VALUES (7, '2023-07-31 10:26:01.000', '2023-09-30 15:58:35.911', NULL, 'niliu2', '', '哪有彩虹告诉我', '2958556459@qq.com', '', '', '', NULL, NULL, NULL, NULL);
INSERT INTO `sys_users` VALUES (8, '2023-07-31 10:26:07.000', '2023-07-31 10:40:54.000', '2023-07-31 10:44:29.000', 'niliu4', '$2a$10$SSDJDrHIfLtlu5tuh8UN..7GXII.5J4LT3yApKZeDh8d52CR2w5yC', '哪有彩虹告诉我', '', '', '', '', NULL, NULL, NULL, NULL);
INSERT INTO `sys_users` VALUES (9, '2023-07-31 10:41:40.000', '2023-07-31 10:41:40.000', '2023-07-31 10:42:16.000', 'c6751676-2f4b-11ee-9740-00ffc00934f1', '$2a$10$nAyyKAXDsYM2PxdQ9U2keubXVjADGxoqe1LrI8X8XPp7pWiD9140q', 'fancode', '', '', '', '', NULL, NULL, NULL, NULL);
INSERT INTO `sys_users` VALUES (10, '2023-07-31 10:44:21.000', '2023-07-31 10:44:21.000', '2023-07-31 10:44:25.000', '26a5625d-2f4c-11ee-9740-00ffc00934f1', '$2a$10$4TaKCr8eQd5I0DF6s4N/XeQ2FmKm/UhGE.0dSe8ZcQ.J1JAzM6Sgq', 'fancode', '', '', '', '', NULL, NULL, NULL, NULL);
INSERT INTO `sys_users` VALUES (11, '2023-07-31 10:44:32.000', '2023-07-31 10:44:32.000', '2023-07-31 10:44:35.000', '2d4c838d-2f4c-11ee-9740-00ffc00934f1', '$2a$10$O0EMxknn0m/S87zvpOZ.q.e33RhfApsdYj.8AsqnqqEnnDOVLvz2G', 'fancode', '', '', '', '', NULL, NULL, NULL, NULL);
INSERT INTO `sys_users` VALUES (12, '2023-07-31 10:44:38.000', '2023-10-02 18:29:20.131', NULL, 'fzw', '$2a$10$gOE5rBaj.PJFA1pRdClyCuXR8K4ChGHZWD.JLdCGnkTHCzg0b0a/6', 'fancode', '', '', '', '', NULL, NULL, NULL, NULL);
INSERT INTO `sys_users` VALUES (17, '2023-08-29 23:07:36.321', '2024-05-18 11:47:25.745', NULL, 'guozhengjia', '$2a$10$wiKV1OekhawSNP.VaRogk.SAzVsG3WzBhp8Kv0V23sV28ztX98/5O', '锅真假11', '1635123292@qq.com', '', '', '', NULL, '我的热情无穷无尽', NULL, NULL);
INSERT INTO `sys_users` VALUES (18, '2023-10-21 19:59:38.617', '2023-10-21 19:59:38.617', '2023-10-21 20:00:01.988', 'a\'s\'d', '$2a$10$c3gLtSzmmFRsrtF7.nDzo.A5ZpfIdMzs6OgvKVn5LUr5OGf3MHH/6', 'sd', 'sdf', 'sdf', '', NULL, NULL, '', 1, '2023-10-21 19:59:38.502');
INSERT INTO `sys_users` VALUES (19, '2023-10-21 19:59:39.581', '2023-10-21 19:59:39.581', '2023-10-21 19:59:45.689', '5005dc45-7009-11ee-8bc6-00155dc58799', '$2a$10$rwR74yZbI7eUg/gvQDAyOurqoQ2.3huql0kq9PME4aWbf/i7eMCfm', 'fancoder', '', '', '', NULL, NULL, '', 1, '2023-10-21 19:59:39.464');
INSERT INTO `sys_users` VALUES (20, '2023-10-21 19:59:53.822', '2023-10-21 20:02:16.802', '2023-10-21 20:04:17.776', '123', '$2a$10$KHOkOlgahUQGNotrYn0TAefveQVvypA.oI6weC5J8Vzl.Kul0LG8K', '123', '123', '123', '', NULL, NULL, '', 1, '2023-10-21 19:59:53.705');
INSERT INTO `sys_users` VALUES (21, '2024-05-18 11:24:08.325', '2024-05-18 11:24:19.349', '2024-05-18 11:24:24.476', 'test', '$2a$10$KthzO4IvQnlsEigIJLfNP.545YPM9AIGJXcE16YTKQTDF7SAk9ta.', 'test', '', '', '', NULL, NULL, '', 1, '2024-05-18 11:24:08.206');
INSERT INTO `sys_users` VALUES (22, '2024-11-24 20:46:45.009', '2024-11-24 20:46:45.867', '2024-12-30 22:09:26.000', 'fzw2381', '$2a$10$d/K2915CSYMt4BudiHkKcO1PhKgdNcFekGBLobjKNYKV946unk6ly', 'fzw2', '3353109329@qq.com', '', '', NULL, NULL, '', 1, '2024-11-24 20:46:43.145');
INSERT INTO `sys_users` VALUES (23, '2024-11-25 00:58:53.986', '2024-11-25 00:58:54.061', NULL, 'fzw964', '$2a$10$KRzNP3qr5lw2z9PiI.upfuSXTeUA8afPMAbnidS66W7AxYh8775vu', 'fzw', '290734582@qq.com', '', '', NULL, NULL, '', 1, '2024-11-25 00:58:53.949');
INSERT INTO `sys_users` VALUES (24, '2024-11-25 01:50:39.766', '2024-11-25 01:50:39.833', NULL, '。。。659', '$2a$10$hYsaWJoxav/6HaNyCT/aVuQ/1pWeHjn4bHLuxqjHRpphugC.a2ddS', '。。。', '2893200931@qq.com', '', '', NULL, NULL, '', 1, '2024-11-25 01:50:39.732');
INSERT INTO `sys_users` VALUES (25, '2024-11-25 12:02:56.349', '2024-11-25 12:02:56.418', NULL, 'suyiiyii730', '$2a$10$FOjl89or6/4IU7bcLNWWo.HloJy9isOMwMGPCgz3kLJxPPjDfMU.q', 'suyiiyii', 'suyiiyii@gmail.com', '', '', NULL, NULL, '', 1, '2024-11-25 12:02:56.315');
INSERT INTO `sys_users` VALUES (26, '2024-11-25 22:35:10.214', '2024-11-25 22:35:10.267', NULL, 'code281', '$2a$10$o7rlCf2d9BiGrlMYXVYph.AFBiAebfRjSEGAyIpW7COWNwhFo0x1C', 'code', 'hongyuandong@bytedance.com', '', '', NULL, NULL, '', 1, '2024-11-25 22:35:10.187');
INSERT INTO `sys_users` VALUES (27, '2024-11-26 20:19:34.720', '2024-11-26 20:19:34.780', NULL, 'dazhuanggege916', '$2a$10$tGOhe3KR7b4oWkBiy262oehmxNOpq0s.kjTUzXeDiVVNYkSe6DJjC', '大壮哥哥', '2393046318@qq.com', '', '', NULL, NULL, '', 1, '2024-11-26 20:19:34.690');
INSERT INTO `sys_users` VALUES (28, '2024-11-26 20:22:04.378', '2024-11-26 20:22:04.446', NULL, 'niliu3222956', '$2a$10$8BUwTsi5F/CriHQbFzaIPu7cWig3u8DgMy/E9r.QS5RzNwDWVQiz2', 'niliu3222', 'fengzhiwen.559@bytedance.com', '', '', NULL, NULL, '', 1, '2024-11-26 20:22:04.344');
INSERT INTO `sys_users` VALUES (29, '2024-12-29 16:09:16.361', '2024-12-29 16:09:16.432', '2024-12-30 22:03:17.150', 'ceshi556', '$2a$10$i21UnvbdyKTR57eY09yVuOSf/ihR15ZW2JNFY8GLBm8BQmXOV6dMy', 'ceshi', '340821817@qq.com', '', '', NULL, NULL, '', 1, '2024-12-29 16:09:16.325');
INSERT INTO `sys_users` VALUES (30, '2024-12-30 22:07:16.894', '2024-12-30 22:07:16.956', '2024-12-30 22:09:30.000', 'fzw537', '$2a$10$/PMi.2L2PLeMd0lGadFhi.H.vBF.ka6CIUkbDksvecbLkfsqp3svK', 'fzw', '3353109329@qq.com', '', '', NULL, NULL, '', 1, '2024-12-30 22:07:16.865');
INSERT INTO `sys_users` VALUES (31, '2024-12-30 22:08:39.491', '2024-12-30 22:08:39.550', '2024-12-30 22:09:34.000', 'fzw321', '$2a$10$xo1LNQSE9SSFyomJcjzYr.eS2A20FCb/SieQVO7xYhFybFNaNa0Ky', 'fzw', '3353109329@qq.com', '', '', NULL, NULL, '', 1, '2024-12-30 22:08:39.463');
INSERT INTO `sys_users` VALUES (32, '2024-12-30 22:19:59.980', '2024-12-30 22:20:00.038', NULL, 'fzw375', '$2a$10$FPRcp/o7zxSlJtuOtBSAUOmEfMKMSAuOu6ZdRp/fLXaVlaZ5etxZe', 'fzw', '3353109329@qq.com', '', '', NULL, NULL, '', 1, '2024-12-30 22:19:59.951');
INSERT INTO `sys_users` VALUES (33, '2024-12-31 20:02:54.520', '2024-12-31 20:02:54.579', NULL, 'jjboy201', '$2a$10$QTT1ffPH6nudZPLdpUDppOOQzSCWr6HXy6aBeEULlvkdEPI.J0Giu', 'jjboy', '2302659455@qq.com', '', '', NULL, NULL, '', 1, '2024-12-31 20:02:54.490');

-- ----------------------------
-- Table structure for user_codes
-- ----------------------------
DROP TABLE IF EXISTS `user_codes`;
CREATE TABLE `user_codes`  (
  `id` bigint UNSIGNED NOT NULL AUTO_INCREMENT,
  `created_at` datetime(3) NULL DEFAULT NULL,
  `updated_at` datetime(3) NULL DEFAULT NULL,
  `deleted_at` datetime(3) NULL DEFAULT NULL,
  `problem_id` bigint UNSIGNED NULL DEFAULT NULL,
  `user_id` bigint UNSIGNED NULL DEFAULT NULL,
  `language` longtext CHARACTER SET utf8mb4 COLLATE utf8mb4_0900_ai_ci NULL,
  `code` longtext CHARACTER SET utf8mb4 COLLATE utf8mb4_0900_ai_ci NULL,
  `visual_setting` longtext CHARACTER SET utf8mb4 COLLATE utf8mb4_0900_ai_ci NULL,
  PRIMARY KEY (`id`) USING BTREE,
  INDEX `idx_user_codes_deleted_at`(`deleted_at` ASC) USING BTREE
) ENGINE = InnoDB AUTO_INCREMENT = 100 CHARACTER SET = utf8mb4 COLLATE = utf8mb4_0900_ai_ci ROW_FORMAT = Dynamic;

-- ----------------------------
-- Records of user_codes
-- ----------------------------
INSERT INTO `user_codes` VALUES (1, '2024-06-24 00:40:18.857', '2024-11-17 23:59:37.381', NULL, 2, 1, 'c', '#include <stdio.h>           //1\r\nint main() {                              //2\r\n    int a, b;                             //3\r\n    a = 1;                                //4\r\n    for i = 0; i< \r\n	printf(\"aaa\");                        //5\r\n	scanf(\"%d\", &a);                      //6\r\n    for i = 0; i < 10; i++ {\r\n        for () {\r\n            \r\n        }\r\n    }\r\n    printf(\"a * a = %d\\n\", a * a);        //7\r\n	b = 3;                                //8\r\n	scanf(\"%d\", &a);                      //9\r\n    printf(\"a + a = %d\\n\", a + a);        //10\r\n    for i := 0; i < 100; i++\r\n    for i \r\n    return 0;                             //11\r\n}', NULL);
INSERT INTO `user_codes` VALUES (2, '2024-06-24 00:40:22.877', '2024-11-17 23:08:46.489', NULL, 2, 1, 'go', 'package main\r\n\r\nimport (\r\n	\"fmt\"\r\n)\r\n\r\nfunc main() {\r\n    for {\r\n        ()\r\n    }\r\n	a := 0\r\n	b := 0\r\n    for i := 0; i < 10; i+\r\n    }\r\n    for i {\r\n        ()\r\n    }\r\n    for i := 0; i < 100; i++ \r\n	for {\r\n		n, _ := fmt.Scan(&a, &b)\r\n		if n == 0 {\r\n			break\r\n		} else {\r\n			fmt.Printf(\"%d\\n\", a+b)\r\n		}\r\n	}\r\n}\r\n', NULL);
INSERT INTO `user_codes` VALUES (3, '2024-06-24 00:40:27.824', '2024-08-31 20:45:23.449', NULL, 2, 1, 'java', 'import java.util.Scanner;\r\n\r\n// 注意类名必须为 Main, 不要有任何 package xxx 信息\r\npublic class Main {\r\n    public static void main(String[] args) {\r\n        Scanner in = new Scanner(System.in);\r\n        // 注意 hasNext 和 hasNextLine 的区别\r\n        while (in.hasNextInt()) { // 注意 while 处理多个 case\r\n            int a = in.nextInt();\r\n            int b = in.nextInt();\r\n            System.out.println(a + b);\r\n        }\r\n    }\r\n}', NULL);
INSERT INTO `user_codes` VALUES (4, '2024-07-29 01:41:56.000', '2024-11-16 21:13:35.216', NULL, 91, 1, 'c', '#include <stdio.h>           //1\r\nint main() {                              //2\r\n    int a, b;                             //3\r\n    a = 1;                                //4\r\n	printf(\"aaa\");                        //5\r\n	scanf(\"%d\", &a);                      //6\r\n    printf(\"a * a = %d\\n\", a * a);        //7\r\n	b = 3;                                //8\r\n	scanf(\"%d\", &a);                      //9\r\n    printf(\"a + a = %d\\n\", a + a);        //10\r\n    return 0;                             //11\r\n}', NULL);
INSERT INTO `user_codes` VALUES (5, '2024-07-30 01:29:03.392', '2024-08-04 22:35:29.180', NULL, 0, 1, '', '', NULL);
INSERT INTO `user_codes` VALUES (6, '2024-08-29 00:42:37.991', '2024-11-16 17:44:38.994', NULL, 97, 1, 'c', '#include <stdio.h>           //1\r\nint main() {                              //2\r\n    int a, b;                             //3\r\n    a = 1;                                //4\r\n	printf(\"aaa\");                        //5\r\n	scanf(\"%d\", &a);                      //6\r\n    printf(\"a * a = %d\\n\", a * a);        //7\r\n	b = 3;                                //8\r\n	scanf(\"%d\", &a);                      //9\r\n    printf(\"a + a = %d\\n\", a + a);        //10\r\n    return 0;                             //11\r\n}', NULL);
INSERT INTO `user_codes` VALUES (7, '2024-09-17 01:10:58.093', '2024-11-16 17:43:10.096', NULL, 94, 1, 'c', '#include <stdio.h>           //1\r\nint main() {                              //2\r\n    int a, b;                             //3\r\n    a = 1;                                //4\r\n	printf(\"aaa\");                        //5\r\n	scanf(\"%d\", &a);                      //6\r\n    printf(\"a * a = %d\\n\", a * a);        //7\r\n	b = 3;                                //8\r\n	scanf(\"%d\", &a);                      //9\r\n    printf(\"a + a = %d\\n\", a + a);        //10\r\n    return 0;                             //11\r\n}', NULL);
INSERT INTO `user_codes` VALUES (8, '2024-09-17 01:10:58.278', '2024-09-17 01:10:58.278', NULL, 94, 1, 'c', '#include <stdio.h>           //1\r\nint main() {                              //2\r\n    int a, b;                             //3\r\n    a = 1;                                //4\r\n	printf(\"aaa\");                        //5\r\n	scanf(\"%d\", &a);                      //6\r\n    printf(\"a * a = %d\\n\", a * a);        //7\r\n	b = 3;                                //8\r\n	scanf(\"%d\", &a);                      //9\r\n    printf(\"a + a = %d\\n\", a + a);        //10\r\n    return 0;                             //11\r\n}', NULL);
INSERT INTO `user_codes` VALUES (9, '2024-09-17 01:11:02.270', '2024-09-17 01:18:16.108', NULL, 94, 1, 'java', 'import java.util.Scanner;\r\n\r\n// 注意类名必须为 Main, 不要有任何 package xxx 信息\r\npublic class Main {\r\n    public static void main(String[] args) {\r\n        Scanner in = new Scanner(System.in);\r\n        // 注意 hasNext 和 hasNextLine 的区别\r\n        while (in.hasNextInt()) { // 注意 while 处理多个 case\r\n            int a = in.nextInt();\r\n            int b = in.nextInt();\r\n            System.out.println(a + b);\r\n        }\r\n    }\r\n}', NULL);
INSERT INTO `user_codes` VALUES (10, '2024-09-17 01:11:29.160', '2024-11-16 21:13:07.279', NULL, 91, 1, 'go', 'package main\r\n\r\nimport (\r\n    \"fmt\"\r\n)\r\n\r\n\r\ntype MyStruct struct {\r\n    Field1 int\r\n    Field2 string\r\n}\r\n\r\nfunc main() {\r\n    // 整数变量\r\n    var intVar int = 42\r\n    // 字符串变量\r\n    var stringVar string = \"Hello, World!\"\r\n    // 数组变量\r\n    arrayVar := [3]int{1, 2, 3}\r\n    // 结构体变量\r\n    var structVar MyStruct = MyStruct{Field1: 10, Field2: \"Struct Value\"}\r\n    // 整数指针变量\r\n    var intPtr *int = &intVar\r\n    // 字符串指针变量\r\n    var stringPtr *string = &stringVar\r\n    // 结构体指针变量\r\n    var structPtr *MyStruct = &structVar\r\n    // 切片变量\r\n    sliceVar := []int{4, 5, 6}\r\n    // map 变量\r\n    var mapVar map[string]int = map[string]int{\"one\": 1, \"two\": 2}\r\n\r\n    fmt.Printf(\"%v\\n\", intVar)\r\n    fmt.Printf(\"%v\\n\", stringVar)\r\n    fmt.Printf(\"%v\\n\", arrayVar)\r\n    fmt.Printf(\"%v\\n\", structVar)\r\n    fmt.Printf(\"%v\\n\", intPtr)\r\n    fmt.Printf(\"%v\\n\", stringPtr)\r\n    fmt.Printf(\"%v\\n\", structPtr)\r\n    fmt.Printf(\"%v\\n\", sliceVar)\r\n    fmt.Printf(\"%v\\n\", mapVar)\r\n}\r\n', NULL);
INSERT INTO `user_codes` VALUES (11, '2024-09-17 01:11:49.835', '2024-10-07 20:58:12.700', NULL, 91, 1, 'java', 'import java.util.Scanner;\r\n\r\n// 注意类名必须为 Main, 不要有任何 package xxx 信息\r\npublic class Main {\r\n    public static void main(String[] args) {\r\n        Scanner in = new Scanner(System.in);\r\n        // 注意 hasNext 和 hasNextLine 的区别\r\n        while (in.hasNextInt()) { // 注意 while 处理多个 case\r\n            int a = in.nextInt();\r\n            int b = in.nextInt();\r\n            System.out.println(a + b);\r\n        }\r\n    }\r\n}', NULL);
INSERT INTO `user_codes` VALUES (12, '2024-09-17 01:18:32.343', '2024-11-16 17:43:15.763', NULL, 94, 1, 'go', 'package main\r\n\r\nimport (\r\n	\"fmt\"\r\n)\r\n\r\nfunc main() {\r\n	a := 0\r\n	b := 0\r\n	for {\r\n		n, _ := fmt.Scan(&a, &b)\r\n		if n == 0 {\r\n			break\r\n		} else {\r\n			fmt.Printf(\"%d\\n\", a+b)\r\n		}\r\n	}\r\n}\r\n', NULL);
INSERT INTO `user_codes` VALUES (13, '2024-10-07 21:58:35.289', '2024-11-24 15:00:05.337', NULL, 97, 1, 'go', 'package main\r\n\r\nimport \"fmt\"\r\n\r\n// 二叉树节点结构体\r\ntype TreeNode struct {\r\n    Val   int\r\n    Left  *TreeNode\r\n    Right *TreeNode\r\n}\r\n\r\n// 创建二叉树节点的函数\r\nfunc NewTreeNode(val int) *TreeNode {\r\n    return &TreeNode{\r\n       Val: val,\r\n    }\r\n}\r\n\r\n// 构建二叉树的函数\r\nfunc BuildTree() *TreeNode {\r\n    root := NewTreeNode(1)\r\n    root.Left = NewTreeNode(2)\r\n    root.Right = NewTreeNode(3)\r\n    root.Left.Left = NewTreeNode(4)\r\n    root.Left.Right = NewTreeNode(5)\r\n\r\n    return root\r\n}\r\n\r\nfunc main() {\r\n    tree := BuildTree()\r\n    fmt.Println(\"构建的二叉树的根节点值为:\", tree.Val)\r\n}', NULL);
INSERT INTO `user_codes` VALUES (14, '2024-10-24 01:49:42.751', '2024-10-30 23:52:15.472', NULL, 97, 1, 'java', 'import java.util.Scanner;\r\n\r\n// 注意类名必须为 Main, 不要有任何 package xxx 信息\r\npublic class Main {\r\n    public static void main(String[] args) {\r\n        Scanner in = new Scanner(System.in);\r\n        // 注意 hasNext 和 hasNextLine 的区别\r\n        while (in.hasNextInt()) { // 注意 while 处理多个 case\r\n            int a = in.nextInt();\r\n            int b = in.nextInt();\r\n            System.out.println(a + b);\r\n        }\r\n    }\r\n}', NULL);
INSERT INTO `user_codes` VALUES (15, '2024-11-07 01:59:44.039', '2025-01-19 02:27:09.474', NULL, 0, 1, 'go', '', NULL);
INSERT INTO `user_codes` VALUES (16, '2024-11-08 00:12:40.312', '2024-11-16 12:30:08.026', NULL, 98, 1, 'c', '#include <stdio.h>           //1\r\nint main() {                              //2\r\n    int a, b;                             //3\r\n    a = 1;                                //4\r\n	printf(\"aaa\");                        //5\r\n	scanf(\"%d\", &a);                      //6\r\n    printf(\"a * a = %d\\n\", a * a);        //7\r\n	b = 3;                                //8\r\n	scanf(\"%d\", &a);                      //9\r\n    printf(\"a + a = %d\\n\", a + a);        //10\r\n    return 0;                             //11\r\n}', NULL);
INSERT INTO `user_codes` VALUES (17, '2024-11-08 00:12:44.612', '2024-11-24 14:40:53.257', NULL, 98, 1, 'go', 'package main\r\n\r\nimport (\r\n	\"fmt\"\r\n)\r\n\r\nfunc main() {\r\n    arr := []int{1,2,4,5,6,7,8,9}\r\n    answer := find(arr, 5)\r\n    fmt.Println(answer)\r\n}\r\n\r\nfunc find(array []int, a int) int {\r\n    left := 0\r\n    right := len(array) - 1\r\n    for left < right {\r\n        mid := (left + right) / 2\r\n        if array[mid] >= a {\r\n            right = mid\r\n        } else {\r\n            left = mid\r\n        }\r\n    }\r\n    return array[left]\r\n}\r\n', NULL);
INSERT INTO `user_codes` VALUES (18, '2024-11-14 01:13:41.051', '2024-11-24 14:13:33.884', NULL, 99, 1, 'c', '#include <stdio.h>           //1\r\nint main() {                              //2\r\n    int a, b;                             //3\r\n    a = 1;                                //4\r\n	printf(\"aaa\");                        //5\r\n	scanf(\"%d\", &a);                      //6\r\n    printf(\"a * a = %d\\n\", a * a);        //7\r\n	b = 3;                                //8\r\n	scanf(\"%d\", &a);                      //9\r\n    printf(\"a + a = %d\\n\", a + a);        //10\r\n    return 0;                             //11\r\n}', NULL);
INSERT INTO `user_codes` VALUES (19, '2024-11-16 11:12:03.286', '2024-11-24 14:19:06.376', NULL, 99, 1, 'go', 'package main\r\n\r\nimport \"fmt\"\r\n\r\n// 双向链表节点结构体\r\ntype ListNode struct {\r\n    value int\r\n    prev  *ListNode\r\n    next  *ListNode\r\n}\r\n\r\nfunc main() {\r\n    arr := []int{1, 2, 3, 4, 5}\r\n    var header, tail *ListNode\r\n    for _, v := range arr {\r\n        node := &ListNode{value: v}\r\n        if header == nil {\r\n            header = node\r\n            tail = node\r\n        } else {\r\n            tail.next = node\r\n            node.prev = tail\r\n            tail = tail.next\r\n        }\r\n    }\r\n    // 打印链表\r\n    node := header\r\n    for node != nil {\r\n        fmt.Println(node.value)\r\n        node = node.next\r\n    }\r\n}\r\n', NULL);
INSERT INTO `user_codes` VALUES (20, '2024-11-17 18:16:53.645', '2024-11-17 21:01:05.276', NULL, 101, 1, 'c', '#include <stdio.h>           //1\r\nint main() {                              //2\r\n    int a, b;                             //3\r\n    a = 1;                                //4\r\n	printf(\"aaa\");                        //5\r\n	scanf(\"%d\", &a);                      //6\r\n    printf(\"a * a = %d\\n\", a * a);        //7\r\n	b = 3;                                //8\r\n	scanf(\"%d\", &a);                      //9\r\n    printf(\"a + a = %d\\n\", a + a);        //10\r\n    return 0;                             //11\r\n}', NULL);
INSERT INTO `user_codes` VALUES (21, '2024-11-17 18:17:05.445', '2024-11-17 20:36:36.042', NULL, 102, 1, 'c', '#include <stdio.h>           //1\r\nint main() {                              //2\r\n    int a, b;                             //3\r\n    a = 1;                                //4\r\n	printf(\"aaa\");                        //5\r\n	scanf(\"%d\", &a);                      //6\r\n    printf(\"a * a = %d\\n\", a * a);        //7\r\n	b = 3;                                //8\r\n	scanf(\"%d\", &a);                      //9\r\n    printf(\"a + a = %d\\n\", a + a);        //10\r\n    return 0;                             //11\r\n}', NULL);
INSERT INTO `user_codes` VALUES (22, '2024-11-17 18:17:09.336', '2024-11-17 20:38:07.186', NULL, 104, 1, 'c', '#include <stdio.h>           //1\r\nint main() {                              //2\r\n    int a, b;                             //3\r\n    a = 1;                                //4\r\n	printf(\"aaa\");                        //5\r\n	scanf(\"%d\", &a);                      //6\r\n    printf(\"a * a = %d\\n\", a * a);        //7\r\n	b = 3;                                //8\r\n	scanf(\"%d\", &a);                      //9\r\n    printf(\"a + a = %d\\n\", a + a);        //10\r\n    return 0;                             //11\r\n}', NULL);
INSERT INTO `user_codes` VALUES (23, '2024-11-17 18:17:19.266', '2024-11-24 15:14:41.725', NULL, 105, 1, 'c', '#include <stdio.h>           //1\r\nint main() {                              //2\r\n    int a, b;                             //3\r\n    a = 1;                                //4\r\n	printf(\"aaa\");                        //5\r\n	scanf(\"%d\", &a);                      //6\r\n    printf(\"a * a = %d\\n\", a * a);        //7\r\n	b = 3;                                //8\r\n	scanf(\"%d\", &a);                      //9\r\n    printf(\"a + a = %d\\n\", a + a);        //10\r\n    return 0;                             //11\r\n}', NULL);
INSERT INTO `user_codes` VALUES (24, '2024-11-17 18:17:32.148', '2024-11-24 16:54:44.721', NULL, 118, 1, 'c', '#include <stdio.h>           //1\r\nint main() {                              //2\r\n    int a, b;                             //3\r\n    a = 1;                                //4\r\n	printf(\"aaa\");                        //5\r\n	scanf(\"%d\", &a);                      //6\r\n    printf(\"a * a = %d\\n\", a * a);        //7\r\n	b = 3;                                //8\r\n	scanf(\"%d\", &a);                      //9\r\n    printf(\"a + a = %d\\n\", a + a);        //10\r\n    return 0;                             //11\r\n}', NULL);
INSERT INTO `user_codes` VALUES (25, '2024-11-17 19:31:00.194', '2024-11-17 20:03:09.278', NULL, 103, 1, 'c', '#include <stdio.h>           //1\r\nint main() {                              //2\r\n    int a, b;                             //3\r\n    a = 1;                                //4\r\n	printf(\"aaa\");                        //5\r\n	scanf(\"%d\", &a);                      //6\r\n    printf(\"a * a = %d\\n\", a * a);        //7\r\n	b = 3;                                //8\r\n	scanf(\"%d\", &a);                      //9\r\n    printf(\"a + a = %d\\n\", a + a);        //10\r\n    return 0;                             //11\r\n}', NULL);
INSERT INTO `user_codes` VALUES (26, '2024-11-17 19:31:58.771', '2024-11-24 15:18:20.719', NULL, 106, 1, 'c', '#include <stdio.h>           //1\r\nint main() {                              //2\r\n    int a, b;                             //3\r\n    a = 1;                                //4\r\n	printf(\"aaa\");                        //5\r\n	scanf(\"%d\", &a);                      //6\r\n    printf(\"a * a = %d\\n\", a * a);        //7\r\n	b = 3;                                //8\r\n	scanf(\"%d\", &a);                      //9\r\n    printf(\"a + a = %d\\n\", a + a);        //10\r\n    return 0;                             //11\r\n}', NULL);
INSERT INTO `user_codes` VALUES (27, '2024-11-17 19:32:06.365', '2024-11-23 23:39:43.257', NULL, 109, 1, 'c', '#include <stdio.h>           //1\r\nint main() {                              //2\r\n    int a, b;                             //3\r\n    a = 1;                                //4\r\n	printf(\"aaa\");                        //5\r\n	scanf(\"%d\", &a);                      //6\r\n    printf(\"a * a = %d\\n\", a * a);        //7\r\n	b = 3;                                //8\r\n	scanf(\"%d\", &a);                      //9\r\n    printf(\"a + a = %d\\n\", a + a);        //10\r\n    return 0;                             //11\r\n}', NULL);
INSERT INTO `user_codes` VALUES (28, '2024-11-17 19:33:28.946', '2024-11-24 16:45:11.959', NULL, 117, 1, 'c', '#include <stdio.h>           //1\r\nint main() {                              //2\r\n    int a, b;                             //3\r\n    a = 1;                                //4\r\n	printf(\"aaa\");                        //5\r\n	scanf(\"%d\", &a);                      //6\r\n    printf(\"a * a = %d\\n\", a * a);        //7\r\n	b = 3;                                //8\r\n	scanf(\"%d\", &a);                      //9\r\n    printf(\"a + a = %d\\n\", a + a);        //10\r\n    return 0;                             //11\r\n}', NULL);
INSERT INTO `user_codes` VALUES (29, '2024-11-17 19:34:22.329', '2024-11-24 15:57:33.961', NULL, 110, 1, 'c', 'package main\r\n\r\nimport (\r\n    \"fmt\"\r\n)\r\n\r\n// 判断是否为闰年\r\nfunc isLeapYear(year int) bool {\r\n    if (year%4 == 0 && year%100!= 0) || year%400 == 0 {\r\n        return true\r\n    }\r\n    return false\r\n}\r\n\r\n// 计算是该年的第几天\r\nfunc dayOfYear(year, month, day int) int {\r\n    daysInMonth := []int{0, 31, 28, 30, 31, 30, 31, 31, 30, 31, 30, 31}\r\n\r\n    if isLeapYear(year) {\r\n        daysInMonth[2] = 29\r\n    }\r\n\r\n    totalDays := 0\r\n    for i := 1; i < month; i++ {\r\n        totalDays += daysInMonth[i]\r\n    }\r\n\r\n    totalDays += day\r\n\r\n    return totalDays\r\n}\r\n\r\nfunc main() {\r\n    var year, month, day int\r\n    fmt.Scanln(&year)\r\n    fmt.Scanln(&month)\r\n    fmt.Scanln(&year)\r\n\r\n    result := dayOfYear(year, month, day)\r\n    fmt.Println(result)\r\n}', NULL);
INSERT INTO `user_codes` VALUES (30, '2024-11-17 19:35:29.263', '2024-11-24 16:08:32.223', NULL, 111, 1, 'c', '#include <stdio.h>           //1\r\nint main() {                              //2\r\n    int a, b;                             //3\r\n    a = 1;                                //4\r\n	printf(\"aaa\");                        //5\r\n	scanf(\"%d\", &a);                      //6\r\n    printf(\"a * a = %d\\n\", a * a);        //7\r\n	b = 3;                                //8\r\n	scanf(\"%d\", &a);                      //9\r\n    printf(\"a + a = %d\\n\", a + a);        //10\r\n    return 0;                             //11\r\n}', NULL);
INSERT INTO `user_codes` VALUES (31, '2024-11-17 19:37:12.820', '2024-11-24 16:44:47.887', NULL, 116, 1, 'c', '#include <stdio.h>           //1\r\nint main() {                              //2\r\n    int a, b;                             //3\r\n    a = 1;                                //4\r\n	printf(\"aaa\");                        //5\r\n	scanf(\"%d\", &a);                      //6\r\n    printf(\"a * a = %d\\n\", a * a);        //7\r\n	b = 3;                                //8\r\n	scanf(\"%d\", &a);                      //9\r\n    printf(\"a + a = %d\\n\", a + a);        //10\r\n    return 0;                             //11\r\n}', NULL);
INSERT INTO `user_codes` VALUES (32, '2024-11-17 20:03:11.506', '2025-01-19 18:43:52.204', NULL, 103, 1, 'go', 'package main\r\n\r\nimport (\r\n	\"fmt\"\r\n)\r\n\r\nfunc main() {\r\n	var n int\r\n    fmt.Scan(&n)\r\n    arr := make([]int,0)\r\n    for i := 0; i < n + 3; i++ {\r\n        var t int\r\n        fmt.Scan(&t)\r\n        arr = append(arr, t)\r\n    }\r\n    answer := 0\r\n	for _, num := range arr {\r\n		answer += num\r\n	} \r\n	fmt.Println(answer);\r\n}\r\n', NULL);
INSERT INTO `user_codes` VALUES (33, '2024-11-17 20:15:53.191', '2024-11-17 20:15:53.191', NULL, 100, 1, 'c', '#include <stdio.h>           //1\r\nint main() {                              //2\r\n    int a, b;                             //3\r\n    a = 1;                                //4\r\n	printf(\"aaa\");                        //5\r\n	scanf(\"%d\", &a);                      //6\r\n    printf(\"a * a = %d\\n\", a * a);        //7\r\n	b = 3;                                //8\r\n	scanf(\"%d\", &a);                      //9\r\n    printf(\"a + a = %d\\n\", a + a);        //10\r\n    return 0;                             //11\r\n}', NULL);
INSERT INTO `user_codes` VALUES (34, '2024-11-17 20:16:01.354', '2025-01-19 02:30:48.239', NULL, 100, 1, 'go', 'package main\r\n\r\nimport (\r\n	\"fmt\"\r\n)\r\n\r\nfunc main() {\r\n	var n int\r\n    fmt.Scan(&n)\r\n    arr := make([]int, 0)\r\n    for i := 0; i < n + 3; i++ {\r\n        var t int\r\n        fmt.Scan(&t)\r\n        arr = append(arr, t)\r\n    }\r\n}\r\n', NULL);
INSERT INTO `user_codes` VALUES (35, '2024-11-17 20:18:23.946', '2025-01-19 18:42:47.616', NULL, 101, 1, 'go', 'package main\r\n\r\nimport (\r\n	\"fmt\"\r\n)\r\n\r\nfunc main() {\r\n	for i := 1; i <= 9; i++ {\r\n		for j := 1; j <= i; j++ {\r\n			fmt.Printf(\"%d*%d=%d\", j, i, i * j)\r\n			if i != j {\r\n				fmt.Print(\" \")\r\n			} else {\r\n				fmt.Println()\r\n			}\r\n		}\r\n	}\r\n}\r\n', NULL);
INSERT INTO `user_codes` VALUES (36, '2024-11-17 20:36:37.752', '2024-11-26 20:51:19.513', NULL, 102, 1, 'go', 'package main\r\n\r\nimport (\r\n	\"fmt\"\r\n)\r\n\r\nfunc main() {\r\n	a := 0\r\n	b := 0\r\n	for {\r\n		n, _ := fmt.Scan(&a, &b)\r\n		if n == 0 {\r\n			break\r\n		} else {\r\n			fmt.Printf(\"%d\\n\", a+b)\r\n		}\r\n	}\r\n}\r\n', NULL);
INSERT INTO `user_codes` VALUES (37, '2024-11-17 20:38:13.678', '2024-11-24 15:14:26.141', NULL, 104, 1, 'go', 'package main\r\n\r\nimport (\r\n	\"fmt\"\r\n)\r\n\r\nfunc main() {\r\n	a := 0\r\n	b := 0\r\n    fmt.Scan(&a, &b)\r\n    answer := 0\r\n    for i := 0; i < a; i++{\r\n        answer += b\r\n    }\r\n    fmt.Println(answer)\r\n}\r\n', NULL);
INSERT INTO `user_codes` VALUES (38, '2024-11-18 00:21:01.754', '2024-11-19 00:22:21.132', NULL, 119, 1, 'c', '#include <stdio.h>           //1\r\nint main() {                              //2\r\n    int a, b;                             //3\r\n    a = 1;                                //4\r\n	printf(\"aaa\");                        //5\r\n	scanf(\"%d\", &a);                      //6\r\n    printf(\"a * a = %d\\n\", a * a);        //7\r\n	b = 3;                                //8\r\n	scanf(\"%d\", &a);                      //9\r\n    printf(\"a + a = %d\\n\", a + a);        //10\r\n    return 0;                             //11\r\n}', NULL);
INSERT INTO `user_codes` VALUES (39, '2024-11-19 00:17:31.721', '2024-11-24 17:04:52.726', NULL, 120, 1, 'c', '#include <stdio.h>           //1\r\nint main() {                              //2\r\n    int a, b;                             //3\r\n    a = 1;                                //4\r\n	printf(\"aaa\");                        //5\r\n	scanf(\"%d\", &a);                      //6\r\n    printf(\"a * a = %d\\n\", a * a);        //7\r\n	b = 3;                                //8\r\n	scanf(\"%d\", &a);                      //9\r\n    printf(\"a + a = %d\\n\", a + a);        //10\r\n    return 0;                             //11\r\n}', NULL);
INSERT INTO `user_codes` VALUES (40, '2024-11-19 00:17:35.613', '2024-11-26 00:28:14.215', NULL, 120, 1, 'go', 'package main\r\n\r\nimport (\r\n    \"fmt\"\r\n)\r\n\r\n// 链表节点结构体\r\ntype ListNode struct {\r\n    Val  int\r\n    Next *ListNode\r\n}\r\n\r\n// 反转链表函数\r\nfunc reverseList(pHead *ListNode) *ListNode {\r\n    var prev *ListNode\r\n    cur := pHead\r\n\r\n    for cur!= nil {\r\n        next := cur.Next\r\n        cur.Next = prev\r\n        prev = cur\r\n        cur = next\r\n    }\r\n\r\n    return prev\r\n}\r\n\r\nfunc main() {\r\n    var n int\r\n    fmt.Scan(&n)\r\n\r\n    var head *ListNode\r\n    var tail *ListNode\r\n\r\n    for i := 0; i < n; i++ {\r\n        var val int\r\n        fmt.Scan(&val)\r\n\r\n        newNode := &ListNode{Val: val}\r\n\r\n        if head == nil {\r\n            head = newNode\r\n            tail = newNode\r\n        } else {\r\n            tail.Next = newNode\r\n            tail = newNode\r\n        }\r\n    }\r\n\r\n    reversedHead := reverseList(head)\r\n\r\n    for reversedHead!= nil {\r\n        fmt.Printf(\"%d \", reversedHead.Val)\r\n        reversedHead = reversedHead.Next\r\n    }\r\n}\r\n', NULL);
INSERT INTO `user_codes` VALUES (41, '2024-11-19 00:20:15.768', '2024-11-24 16:22:50.031', NULL, 112, 1, 'c', '#include <stdio.h>           //1\r\nint main() {                              //2\r\n    int a, b;                             //3\r\n    a = 1;                                //4\r\n	printf(\"aaa\");                        //5\r\n	scanf(\"%d\", &a);                      //6\r\n    printf(\"a * a = %d\\n\", a * a);        //7\r\n	b = 3;                                //8\r\n	scanf(\"%d\", &a);                      //9\r\n    printf(\"a + a = %d\\n\", a + a);        //10\r\n    return 0;                             //11\r\n}', NULL);
INSERT INTO `user_codes` VALUES (42, '2024-11-19 00:22:05.480', '2024-11-24 16:30:05.218', NULL, 114, 1, 'c', '#include <stdio.h>           //1\r\nint main() {                              //2\r\n    int a, b;                             //3\r\n    a = 1;                                //4\r\n	printf(\"aaa\");                        //5\r\n	scanf(\"%d\", &a);                      //6\r\n    printf(\"a * a = %d\\n\", a * a);        //7\r\n	b = 3;                                //8\r\n	scanf(\"%d\", &a);                      //9\r\n    printf(\"a + a = %d\\n\", a + a);        //10\r\n    return 0;                             //11\r\n}', NULL);
INSERT INTO `user_codes` VALUES (43, '2024-11-19 00:22:24.089', '2024-12-27 22:12:47.206', NULL, 119, 1, 'go', 'package main\r\n\r\nimport \"fmt\"\r\n\r\n// 链表节点结构体\r\ntype ListNode struct {\r\n    Val  int\r\n    Next *ListNode\r\n}\r\n\r\nfunc main() {\r\n    var n int\r\n    fmt.Scanln(&n)\r\n\r\n    // 创建初始链表，只有一个元素1\r\n    head := &ListNode{Val: 1}\r\n\r\n    for i := 0; i < n; i++ {\r\n        var op, x, y int\r\n        fmt.Scanln(&op, &x, &y)\r\n\r\n        switch op {\r\n        case 1:\r\n            insertNode(head, x, y)\r\n        case 2:\r\n            result := queryNext(head, x)\r\n            fmt.Println(result)\r\n        case 3:\r\n            deleteNext(head, x)\r\n        }\r\n    }\r\n}\r\n\r\n// 插入节点函数\r\nfunc insertNode(head *ListNode, x, y int) {\r\n    cur := head\r\n    for cur!= nil {\r\n        if cur.Val == x {\r\n            newNode := &ListNode{Val: y}\r\n            newNode.Next = cur.Next\r\n            cur.Next = newNode\r\n            break\r\n        }\r\n        cur = cur.Next\r\n    }\r\n}\r\n\r\n// 查询后继元素函数\r\nfunc queryNext(head *ListNode, x int) int {\r\n    cur := head\r\n    for cur!= nil {\r\n        if cur.Val == x {\r\n            if cur.Next == nil {\r\n                return 0\r\n            }\r\n            return cur.Next.Val\r\n        }\r\n        cur = cur.Next\r\n    }\r\n    return 0\r\n}\r\n\r\n// 删除后继元素函数\r\nfunc deleteNext(head *ListNode, x int) {\r\n    cur := head\r\n    for cur!= nil {\r\n        if cur.Val == x {\r\n            if cur.Next!= nil {\r\n                cur.Next = cur.Next.Next\r\n            }\r\n            break\r\n        }\r\n        cur = cur.Next\r\n    }\r\n}', NULL);
INSERT INTO `user_codes` VALUES (44, '2024-11-23 22:56:34.547', '2024-11-23 23:11:16.982', NULL, 130, 1, 'c', '#include <stdio.h>           //1\r\nint main() {                              //2\r\n    int a, b;                             //3\r\n    a = 1;                                //4\r\n	printf(\"aaa\");                        //5\r\n	scanf(\"%d\", &a);                      //6\r\n    printf(\"a * a = %d\\n\", a * a);        //7\r\n	b = 3;                                //8\r\n	scanf(\"%d\", &a);                      //9\r\n    printf(\"a + a = %d\\n\", a + a);        //10\r\n    return 0;                             //11\r\n}', NULL);
INSERT INTO `user_codes` VALUES (45, '2024-11-23 23:11:18.588', '2025-01-19 22:05:49.888', NULL, 130, 1, 'go', 'package main\r\n\r\nimport \"fmt\"\r\n\r\n\r\nfunc binarySearch(nums []int, target int) int {\r\n    left, right := 0, len(nums)-1\r\n\r\n    for left <= right {\r\n        mid := left + (right-left)/2\r\n        if nums[mid] == target {\r\n            return mid\r\n        } else if nums[mid] < target {\r\n            left = mid + 1\r\n        } else {\r\n            right = mid - 1\r\n        }\r\n    }\r\n\r\n    return -1\r\n}\r\n\r\nfunc main() {\r\n    nums := []int{1, 3, 5, 7, 9, 11, 13}\r\n    target := 9\r\n    result := binarySearch(nums, target)\r\n    if result!= -1 {\r\n        fmt.Printf(\"目标值 %d 在数组中的索引为 %d\\n\", target, result)\r\n    } else {\r\n        fmt.Printf(\"数组中未找到目标值 %d\\n\", target)\r\n    }\r\n}', NULL);
INSERT INTO `user_codes` VALUES (46, '2024-11-23 23:40:12.226', '2024-12-22 17:31:59.355', NULL, 109, 1, 'go', 'package main\r\n\r\nimport (\r\n	\"fmt\"\r\n)\r\n\r\nfunc main() {\r\n	for i := 1; i <= 4; i++ {\r\n        for j := 1; j <= 4; j++ {\r\n            if j == i {\r\n                continue\r\n            }\r\n            for k := 1; k <= 4; k++ {\r\n                if k == j || k == i {\r\n                    continue\r\n                }\r\n                fmt.Printf(\"%d \", i * 100 + j * 10 + k)\r\n            }\r\n        }\r\n    }\r\n}\r\n', NULL);
INSERT INTO `user_codes` VALUES (47, '2024-11-24 14:38:14.452', '2024-11-24 14:38:14.452', NULL, 131, 1, 'c', '#include <stdio.h>           //1\r\nint main() {                              //2\r\n    int a, b;                             //3\r\n    a = 1;                                //4\r\n	printf(\"aaa\");                        //5\r\n	scanf(\"%d\", &a);                      //6\r\n    printf(\"a * a = %d\\n\", a * a);        //7\r\n	b = 3;                                //8\r\n	scanf(\"%d\", &a);                      //9\r\n    printf(\"a + a = %d\\n\", a + a);        //10\r\n    return 0;                             //11\r\n}', NULL);
INSERT INTO `user_codes` VALUES (48, '2024-11-24 14:40:44.451', '2025-01-01 23:21:36.252', NULL, 131, 1, 'go', 'package main\r\n\r\nimport (\r\n	\"fmt\"\r\n)\r\n\r\ntype LinkNode struct {\r\n    Val int\r\n    Next *LinkNode\r\n    Prev *LinkNode\r\n}\r\n\r\nfunc main() {\r\n	nums := []int{1, 2, 3, 4}\r\n    header := buildLink(nums)\r\n    node := header\r\n    for node != nil {\r\n        fmt.Println(node.Val)\r\n        node = node.Next\r\n    }\r\n}\r\n\r\nfunc buildLink(nums []int) *LinkNode {\r\n    var header, tail *LinkNode\r\n    for num := range nums {\r\n        node := &LinkNode{Val:num}\r\n        if header == nil {\r\n            header = node\r\n            tail = node\r\n        } else {\r\n            tail.Next = node\r\n            node.Prev = tail\r\n            tail = tail.Next\r\n        }\r\n    }\r\n    return header\r\n}\r\n', NULL);
INSERT INTO `user_codes` VALUES (49, '2024-11-24 14:41:03.331', '2024-11-24 18:26:26.789', NULL, 128, 1, 'c', '#include <stdio.h>           //1\r\nint main() {                              //2\r\n    int a, b;                             //3\r\n    a = 1;                                //4\r\n	printf(\"aaa\");                        //5\r\n	scanf(\"%d\", &a);                      //6\r\n    printf(\"a * a = %d\\n\", a * a);        //7\r\n	b = 3;                                //8\r\n	scanf(\"%d\", &a);                      //9\r\n    printf(\"a + a = %d\\n\", a + a);        //10\r\n    return 0;                             //11\r\n}', NULL);
INSERT INTO `user_codes` VALUES (50, '2024-11-24 15:06:22.930', '2024-11-24 15:06:38.055', NULL, 133, 1, 'c', '#include <stdio.h>           //1\r\nint main() {                              //2\r\n    int a, b;                             //3\r\n    a = 1;                                //4\r\n	printf(\"aaa\");                        //5\r\n	scanf(\"%d\", &a);                      //6\r\n    printf(\"a * a = %d\\n\", a * a);        //7\r\n	b = 3;                                //8\r\n	scanf(\"%d\", &a);                      //9\r\n    printf(\"a + a = %d\\n\", a + a);        //10\r\n    return 0;                             //11\r\n}', NULL);
INSERT INTO `user_codes` VALUES (51, '2024-11-24 15:14:45.418', '2024-11-24 15:18:11.832', NULL, 105, 1, 'go', 'package main\r\n\r\nimport (\r\n	\"fmt\"\r\n)\r\n\r\nfunc main() {\r\n	n := 0\r\n    fmt.Scan(&n)\r\n    max := -10000\r\n    for i := 0; i < n; i++ {\r\n        a := 0\r\n        fmt.Scan(&a)\r\n        if a > max {\r\n            max = a\r\n        }\r\n    }\r\n    fmt.Println(max)\r\n}\r\n', NULL);
INSERT INTO `user_codes` VALUES (52, '2024-11-24 15:18:23.637', '2024-11-24 15:24:47.676', NULL, 106, 1, 'go', 'package main\r\n\r\nimport (\r\n	\"fmt\"\r\n)\r\n\r\nfunc main() {\r\n	n := 0\r\n    fmt.Scan(&n)\r\n    max := -10000\r\n    min := 10000\r\n    for i := 0; i < n; i++ {\r\n        a := 0\r\n        fmt.Scan(&a)\r\n        if a > max {\r\n            max = a\r\n        }\r\n        if a < min {\r\n            min = a\r\n        }\r\n    }\r\n	fmt.Printf(\"%d %d\", max, min)\r\n}\r\n', NULL);
INSERT INTO `user_codes` VALUES (53, '2024-11-24 15:24:59.449', '2024-12-29 17:21:34.469', NULL, 107, 1, 'go', 'package main\r\n\r\nimport (\r\n	\"fmt\"\r\n)\r\n\r\nfunc main() {\r\n	n := 0\r\n    fmt.Scan(&n)\r\n    answer := make([]int, 0, n)\r\n    for i := 1; i <= n; i++ {\r\n        if i % 3 == 0 {\r\n            answer = append(answer, i)\r\n        }\r\n    }\r\n    if len(answer) == 0 {\r\n        fmt.Println(-1)\r\n    } else {\r\n        for _, num := range answer {\r\n            fmt.Printf(\"%d \", num)\r\n        }\r\n    }\r\n}\r\n', NULL);
INSERT INTO `user_codes` VALUES (54, '2024-11-24 15:41:11.586', '2024-12-22 17:31:50.194', NULL, 108, 1, 'go', 'package main\r\n\r\nimport (\r\n	\"fmt\"\r\n)\r\n\r\nfunc main() {\r\n	n := 0\r\n    a := 0\r\n    fmt.Scan(&n, &a)\r\n    answer := make([]int, 0, n)\r\n    for i := 0; i <= n; i++ {\r\n        if i % a == 0 {\r\n            answer = append(answer, i)\r\n        }\r\n    }\r\n	if len(answer) == 0 {\r\n        fmt.Println(-1)\r\n    } else {\r\n        for i := 0; i < len(answer); i++ {\r\n            fmt.Printf(\"%d \", answer[i])\r\n        }\r\n    }\r\n}\r\n', NULL);
INSERT INTO `user_codes` VALUES (55, '2024-11-24 15:57:35.950', '2024-11-26 20:58:36.735', NULL, 110, 1, 'go', 'package main\r\n\r\nimport (\r\n    \"fmt\"\r\n)\r\n\r\n// 判断是否为闰年\r\nfunc isLeapYear(year int) bool {\r\n    if (year%4 == 0 && year%100!= 0) || year%400 == 0 {\r\n        return true\r\n    }\r\n    return false\r\n}\r\n\r\n// 计算是该年的第几天\r\nfunc dayOfYear(year, month, day int) int {\r\n    daysInMonth := []int{0, 31, 28, 31, 30, 31, 30, 31, 31, 30, 31, 30}\r\n\r\n    if isLeapYear(year) {\r\n        daysInMonth[2] = 29\r\n    }\r\n\r\n    totalDays := 0\r\n    for i := 1; i < month; i++ {\r\n        totalDays += daysInMonth[i]\r\n    }\r\n\r\n    totalDays += day\r\n\r\n    return totalDays\r\n}\r\n\r\nfunc main() {\r\n    var year, month, day int\r\n    fmt.Scan(&year)\r\n    fmt.Scan(&month)\r\n    fmt.Scan(&day)\r\n\r\n    result := dayOfYear(year, month, day)\r\n    fmt.Println(result)\r\n}', NULL);
INSERT INTO `user_codes` VALUES (56, '2024-11-24 16:08:36.255', '2024-11-24 16:17:24.121', NULL, 111, 1, 'go', 'package main\r\n\r\nimport (\r\n    \"fmt\"\r\n    \"sort\"\r\n)\r\n\r\nfunc main() {\r\n    var x, y, z int\r\n    fmt.Scan(&x)\r\n    fmt.Scan(&y)\r\n    fmt.Scan(&z)\r\n\r\n    nums := []int{x, y, z}\r\n\r\n    sort.Ints(nums)\r\n\r\n    for _, num := range nums {\r\n        fmt.Printf(\"%d \", num)\r\n    }\r\n}', NULL);
INSERT INTO `user_codes` VALUES (57, '2024-11-24 16:22:52.753', '2024-11-24 16:28:48.109', NULL, 112, 1, 'go', 'package main\r\n\r\nimport (\r\n	\"fmt\"\r\n)\r\n\r\nfunc main() {\r\n    flag := true\r\n	for i := 0; i < 8; i++ {\r\n        str := \"# # # #\"\r\n        if flag {\r\n            str = \" \" + str\r\n        } else {\r\n            str = str + \" \"\r\n        }\r\n        fmt.Println(str)\r\n        flag = !flag\r\n    }\r\n}\r\n', NULL);
INSERT INTO `user_codes` VALUES (58, '2024-11-24 16:28:56.889', '2024-11-24 16:29:58.591', NULL, 113, 1, 'go', 'package main\r\n\r\nimport (\r\n    \"fmt\"\r\n)\r\n\r\nfunc main() {\r\n    var n int\r\n    fmt.Scanln(&n)\r\n\r\n    if n == 1 || n == 2 {\r\n        fmt.Println(1)\r\n    } else {\r\n        a, b := 1, 1\r\n        for i := 3; i <= n; i++ {\r\n            c := a + b\r\n            a, b = b, c\r\n        }\r\n        fmt.Println(b)\r\n    }\r\n}\r\n', NULL);
INSERT INTO `user_codes` VALUES (59, '2024-11-24 16:30:35.917', '2024-11-24 16:40:29.011', NULL, 114, 1, 'go', 'package main\r\n\r\nimport (\r\n    \"fmt\"\r\n    \"math\"\r\n)\r\n\r\nfunc main() {\r\n    var n int\r\n    fmt.Scanln(&n)\r\n\r\n    isPrime := make([]bool, n+1)\r\n    for i := range isPrime {\r\n        isPrime[i] = true\r\n    }\r\n    isPrime[0] = false\r\n    isPrime[1] = false\r\n\r\n    for i := 2; i <= int(math.Sqrt(float64(n))); i++ {\r\n        if isPrime[i] {\r\n            for j := i * i; j <= n; j += i {\r\n                isPrime[j] = false\r\n            }\r\n            }\r\n        }\r\n\r\n    for i := 2; i <= n; i++ {\r\n        if isPrime[i] {\r\n            fmt.Printf(\"%d \", i)\r\n        }\r\n    }\r\n}', NULL);
INSERT INTO `user_codes` VALUES (60, '2024-11-24 16:39:57.698', '2024-11-24 16:43:07.463', NULL, 115, 1, 'go', 'package main\r\n\r\nimport \"fmt\"\r\n\r\nfunc main() {\r\n    for num := 100; num < 1000; num++ {\r\n        hundreds := num / 100\r\n        tens := (num / 10) % 10\r\n        units := num % 10\r\n\r\n        if hundreds*hundreds*hundreds+tens*tens*tens+units*units*units == num {\r\n            fmt.Printf(\"%d \", num)\r\n        }\r\n    }\r\n}', NULL);
INSERT INTO `user_codes` VALUES (61, '2024-11-24 16:44:50.100', '2024-11-24 16:44:53.352', NULL, 116, 1, 'go', 'package main\r\n\r\nimport \"fmt\"\r\n\r\nfunc main() {\r\n    var n int\r\n    fmt.Scanln(&n)\r\n\r\n    fmt.Printf(\"%d=\", n)\r\n\r\n    // 从最小的质数2开始尝试分解\r\n    for i := 2; i <= n; i++ {\r\n        // 如果当前数能被i整除，且i是质数\r\n        for n%i == 0 && isPrime(i) {\r\n            n /= i\r\n            if n!= 1 {\r\n                fmt.Printf(\"%d*\", i)\r\n            } else {\r\n                fmt.Printf(\"%d\", i)\r\n            }\r\n            i = 1\r\n        }\r\n    }\r\n}\r\n\r\n// 判断一个数是否为质数\r\nfunc isPrime(num int) bool {\r\n    if num <= 1 {\r\n        return false\r\n    }\r\n    if num <= 3 {\r\n        return true\r\n    }\r\n    if num%2 == 0 || num%3 == 0 {\r\n        return false\r\n    }\r\n\r\n    i := 5\r\n    for i*i <= num {\r\n        if num%i == 0 || num%(i+2) == 0 {\r\n            return false\r\n        }\r\n        i += 6\r\n    }\r\n\r\n    return true\r\n}', NULL);
INSERT INTO `user_codes` VALUES (62, '2024-11-24 16:45:46.199', '2024-11-24 16:54:00.997', NULL, 117, 1, 'go', 'package main\r\n\r\nimport \"fmt\"\r\n\r\nfunc gcd(x, y int) int {\r\n	tmp := x % y\r\n	if tmp > 0 {\r\n		return gcd(y, tmp)\r\n	} else {\r\n		return y\r\n	}\r\n}\r\n\r\n// 求最小公倍数\r\nfunc lcm(m, n int) int {\r\n	return m * n / gcd(m, n)\r\n}\r\n\r\nfunc main() {\r\n	var m, n int\r\n	fmt.Scan(&m)\r\n	fmt.Scan(&n)\r\n	fmt.Printf(\"%d %d\\n\", gcd(m, n), lcm(m, n))\r\n}', NULL);
INSERT INTO `user_codes` VALUES (63, '2024-11-24 16:54:47.123', '2024-11-24 16:56:13.268', NULL, 118, 1, 'go', 'package main\r\n\r\nimport \"fmt\"\r\n\r\nfunc main() {\r\n    num := 1\r\n    for i := 9; i >= 1; i-- {\r\n        num = (num + 1) * 2\r\n    }\r\n    fmt.Println(num)\r\n}', NULL);
INSERT INTO `user_codes` VALUES (64, '2024-11-24 17:06:24.867', '2024-12-18 00:47:13.832', NULL, 121, 1, 'go', 'package main\r\n\r\nimport (\r\n    \"fmt\"\r\n)\r\n\r\nfunc twoSum(nums []int, target int) []int {\r\n    for i, num1 := range nums {\r\n        for j, num2 := range nums {\r\n            if i != j && num1 + num2 == target {\r\n                return []int{i, j}\r\n            }\r\n        }\r\n    }\r\n    return []int{-1, -1}\r\n}\r\n\r\nfunc main() {\r\n    var n int\r\n    fmt.Scan(&n)\r\n\r\n    nums := make([]int, n)\r\n    for i := 0; i < n; i++ {\r\n        fmt.Scan(&nums[i])\r\n    }\r\n\r\n    var target int\r\n    fmt.Scan(&target)\r\n\r\n    result := twoSum(nums, target)\r\n    fmt.Println(result[0], result[1])\r\n}', NULL);
INSERT INTO `user_codes` VALUES (65, '2024-11-24 17:17:55.412', '2024-11-24 17:22:09.050', NULL, 122, 1, 'go', 'package main\r\n\r\nimport \"fmt\"\r\n\r\nfunc lengthOfLongestSubstring(s string) int {\r\n    // guard clauses，也就是卫语句，在递归中非常重要\r\n    if len(s) <= 1 {\r\n        return len(s)\r\n    }\r\n    // 全局的字符串，用于保存\r\n    var mp = make(map[byte]int)\r\n    var i int\r\n    for i = 0 ;i < len(s); i++ {\r\n        if _, ok := mp[s[i]]; ok {\r\n            break // 找到重复的，直接退出\r\n        } else {\r\n            mp[s[i]] = i // 没找到重复的，加上这个子串\r\n        }\r\n    }\r\n\r\n    length := lengthOfLongestSubstring(s[1:])\r\n    if i > length {\r\n        return i\r\n    }\r\n    return length\r\n}\r\n\r\nfunc main() {\r\n    var s string\r\n    fmt.Scan(&s)\r\n\r\n    result := lengthOfLongestSubstring(s)\r\n    fmt.Println(result)\r\n}', NULL);
INSERT INTO `user_codes` VALUES (66, '2024-11-24 17:28:03.520', '2024-12-29 17:32:13.580', NULL, 123, 1, 'go', 'package main\r\n\r\nimport (\r\n    \"fmt\"\r\n)\r\n\r\nfunc longestPalindrome(s string) string {\r\n    n := len(s)\r\n    if n < 2 {\r\n        return s\r\n    }\r\n\r\n    maxLen := 1\r\n    begin := 0\r\n\r\n    // 中心扩展法\r\n    for i := 0; i < n; i++ {\r\n        oddLen := expandAroundCenter(s, i, i)\r\n        evenLen := expandAroundCenter(s, i, i+1)\r\n        curLen := max(oddLen, evenLen)\r\n\r\n        if curLen > maxLen {\r\n            maxLen = curLen\r\n            begin = i - (curLen-1)/2\r\n        }\r\n    }\r\n\r\n    return s[begin : begin+maxLen]\r\n}\r\n\r\nfunc expandAroundCenter(s string, left, right int) int {\r\n    L, R := left, right\r\n    n := len(s)\r\n\r\n    for L >= 0 && R < n && s[L] == s[R] {\r\n        L--\r\n        R++\r\n    }\r\n\r\n    return R - L - 1\r\n}\r\n\r\nfunc max(a, b int) int {\r\n    if a > b {\r\n        return a\r\n    }\r\n    return b\r\n}\r\n\r\nfunc main() {\r\n    var s string\r\n    fmt.Scan(&s)\r\n\r\n    result := longestPalindrome(s)\r\n    fmt.Println(result)\r\n}', NULL);
INSERT INTO `user_codes` VALUES (67, '2024-11-24 17:39:51.500', '2024-11-24 18:13:11.015', NULL, 124, 1, 'go', 'package main\r\n\r\nimport \"fmt\"\r\n\r\nfunc convert(s string, numRows int) string {\r\n    // 很巧妙 头尾转变方向\r\n    arr := make([]string, numRows)\r\n    if numRows < 2 {\r\n        return s\r\n    }\r\n\r\n    i, flag := 0, -1\r\n    for _, v := range s {\r\n        arr[i] += string(v)\r\n        if i == 0 || i == numRows -1 {\r\n            flag = -flag\r\n        }\r\n        i += flag\r\n    }\r\n\r\n    var result string\r\n    for i := 0; i < len(arr); i++ {\r\n        result += arr[i]\r\n    }\r\n\r\n    return result\r\n}\r\n\r\n\r\nfunc main() {\r\n    var s string\r\n    fmt.Scan(&s)\r\n\r\n    var numRows int\r\n    fmt.Scan(&numRows)\r\n\r\n    output := convert(s, numRows)\r\n    fmt.Println(output)\r\n}', NULL);
INSERT INTO `user_codes` VALUES (68, '2024-11-24 18:14:11.838', '2024-11-26 00:28:23.755', NULL, 125, 1, 'go', 'package main\r\n\r\nimport \"fmt\"\r\n\r\n// reverse函数用于反转一个32位有符号整数\r\nfunc reverse(x int) int {\r\n    // 定义32位有符号整数的最小值和最大值\r\n    const INT_MIN = -1 << 31\r\n    const INT_MAX = 1<<31 - 1\r\n\r\n    // 用于存储反转后的整数\r\n    var reversed int\r\n\r\n    // 根据输入整数的正负确定符号\r\n    sign := 1\r\n    if x < 0 {\r\n        sign = -1\r\n        x = -x\r\n    }\r\n\r\n    // 循环进行数字反转操作\r\n    for x!= 0 {\r\n        // 取出当前整数的最后一位数字\r\n        lastDigit := x % 10\r\n\r\n        // 检查是否会发生溢出\r\n        if reversed > INT_MAX/10 || (reversed == INT_MAX/10 && lastDigit > INT_MAX%10) {\r\n            return 0\r\n        }\r\n        if reversed < INT_MIN/10 || (reversed == INT_MIN/10 && lastDigit < INT_MIN%10) {\r\n            return 0\r\n        }\r\n\r\n        // 将取出的数字添加到反转后的整数中\r\n        reversed = reversed*10 + lastDigit\r\n\r\n        // 更新原整数，去掉已经处理过的最后一位数字\r\n        x /= 10\r\n    }\r\n\r\n    // 返回反转后的整数，并根据原整数的符号进行调整\r\n    return reversed * sign\r\n}\r\n\r\nfunc main() {\r\n    // 示例输入\r\n    num := 0\r\n    fmt.Scan(&num)\r\n    num = reverse(num)\r\n    fmt.Println(num)\r\n}', NULL);
INSERT INTO `user_codes` VALUES (69, '2024-11-24 18:19:25.257', '2024-11-24 18:20:59.769', NULL, 126, 1, 'go', 'package main\r\n\r\nimport \"fmt\"\r\n\r\n// isPalindrome函数用于判断一个整数是否为回文整数\r\nfunc isPalindrome(a int) bool {\r\n    if a < 0 {\r\n        return false\r\n    }\r\n\r\n    // 将整数转换为字符串\r\n    numStr := fmt.Sprintf(\"%d\", a)\r\n\r\n    // 遍历字符串的前半部分和后半部分进行比较\r\n    for i := 0; i < len(numStr)/2; i++ {\r\n        if numStr[i]!= numStr[len(numStr)-1-i] {\r\n            return false\r\n        }\r\n    }\r\n\r\n    return true\r\n}\r\n\r\nfunc main() {\r\n    // 示例输入\r\n    num := 0\r\n    fmt.Scan(&num)\r\n    a := isPalindrome(num)\r\n    fmt.Println(a)\r\n}', NULL);
INSERT INTO `user_codes` VALUES (70, '2024-11-24 18:21:11.757', '2024-11-24 18:22:51.443', NULL, 127, 1, 'go', 'package main\r\n\r\nimport \"fmt\"\r\n\r\n// maxArea函数用于找出给定数组中两条垂线与x轴构成容器能容纳的最大水量\r\nfunc maxArea(height []int) int {\r\n    left, right := 0, len(height)-1\r\n    maxWater := 0\r\n\r\n    for left < right {\r\n        // 计算当前两条垂线构成容器的水量\r\n        currentArea := min(height[left], height[right]) * (right - left)\r\n        // 更新最大水量\r\n        if currentArea > maxWater {\r\n            maxWater = currentArea\r\n        }\r\n\r\n        // 根据垂线高度调整指针\r\n        if height[left] < height[right] {\r\n            left++\r\n        } else {\r\n            right--\r\n        }\r\n    }\r\n\r\n    return maxWater\r\n}\r\n\r\n// min函数用于返回两个整数中的较小值\r\nfunc min(a, b int) int {\r\n    if a < b {\r\n        return a\r\n    }\r\n    return b\r\n}\r\n\r\nfunc main() {\r\n    n := 0\r\n    fmt.Scan(&n)\r\n    nums := make([]int, n)\r\n    for i := 0; i < n; i++ {\r\n        fmt.Scan(&nums[i])\r\n    }\r\n    answer := maxArea(nums)\r\n    fmt.Println(answer)\r\n}', NULL);
INSERT INTO `user_codes` VALUES (71, '2024-11-24 18:26:28.863', '2024-11-26 00:28:36.403', NULL, 128, 1, 'go', 'package main\r\n\r\nimport \"fmt\"\r\n\r\n// climbStairs函数用于计算爬到指定台阶数的不同方法数\r\nfunc climbStairs(n int) int {\r\n    if n == 1 {\r\n        return 1\r\n    }\r\n\r\n    a, b := 1, 2\r\n    for i := 2; i < n; i++ {\r\n        c := a + b\r\n        a = b\r\n        b = c\r\n    }\r\n\r\n    return b\r\n}\r\n\r\nfunc main() {\r\n    num := 0\r\n    fmt.Scan(&num)\r\n    answer := climbStairs(num)\r\n    fmt.Println(answer)\r\n}', NULL);
INSERT INTO `user_codes` VALUES (72, '2024-11-24 18:27:09.514', '2024-11-24 19:41:43.884', NULL, 129, 1, 'go', 'package main\r\n\r\nimport (\r\n    \"fmt\"\r\n    \"strconv\"\r\n)\r\n\r\n// addBinary函数用于计算两个二进制字符串的和，并以二进制字符串形式返回结果\r\nfunc addBinary(a, b string) string {\r\n    // 将二进制字符串转换为整数\r\n    num1, err1 := strconv.ParseInt(a, 2, 64)\r\n    num2, err2 := strconv.ParseInt(b, 2, 64)\r\n\r\n    if err1!= nil || err2!= nil {\r\n        return \"\"\r\n    }\r\n\r\n    // 计算两数之和\r\n    sum := num1 + num2\r\n\r\n    // 将和转换为二进制字符串\r\n    return strconv.FormatInt(sum, 2)\r\n}\r\n\r\nfunc main() {\r\n    a := \"\"\r\n    b := \"\"\r\n    fmt.Scan(&a)\r\n    fmt.Scan(&b)\r\n    result := addBinary(a, b)\r\n    fmt.Println(result)\r\n}\r\n', NULL);
INSERT INTO `user_codes` VALUES (73, '2024-11-24 23:51:06.643', '2024-11-25 00:08:03.320', NULL, 100, 22, 'go', 'package main\r\n\r\nimport (\r\n	\"fmt\"\r\n)\r\n\r\nfunc main() {\r\n	a := 0\r\n	b := 0\r\n	for {\r\n		n, _ := fmt.Scan(&a, &b)\r\n		if n == 0 {\r\n			break\r\n		} else {\r\n			fmt.Printf(\"%d\\n\", a+b)\r\n		}\r\n	}\r\n}\r\n', NULL);
INSERT INTO `user_codes` VALUES (74, '2024-11-25 01:53:02.682', '2024-11-26 00:42:36.483', NULL, 102, 24, 'go', 'package main\r\n\r\nimport (\r\n	\"fmt\"\r\n)\r\n\r\nfunc main() {\r\n	a := 0\r\n	b := 0\r\n	for {\r\n		n, _ := fmt.Scan(&a, &b)\r\n		if n == 0 {\r\n			break\r\n		} else {\r\n			fmt.Printf(\"%d\\n\", a+b)\r\n		}\r\n	}\r\n}\r\n', NULL);
INSERT INTO `user_codes` VALUES (75, '2024-11-25 01:55:12.346', '2024-12-03 23:46:21.783', NULL, 130, 24, 'go', 'package main\r\n\r\nimport \"fmt\"\r\n\r\n\r\nfunc binarySearch(nums []int, target int) int {\r\n    left, right := 0, len(nums)-1\r\n\r\n    for left <= right {\r\n        mid := left + (right-left)/2\r\n\r\n        if nums[mid] == target {\r\n            return mid\r\n        } else if nums[mid] < target {\r\n            left = mid + 1\r\n        } else {\r\n            right = mid - 1\r\n        }\r\n    }\r\n\r\n    return -1\r\n}\r\nfunc main() {\r\n    nums := []int{1, 3, 5, 7, 9, 11, 13}\r\n    target := 7\r\n    result := binarySearch(nums, target)\r\n    if result!= -1 {\r\n        fmt.Printf(\"目标值 %d 在数组中的索引为 %d\\n\", target, result)\r\n    } else {\r\n        fmt.Printf(\"数组中未找到目标值 %d\\n\", target)\r\n    }\r\n}', NULL);
INSERT INTO `user_codes` VALUES (76, '2024-11-25 01:56:37.449', '2024-12-03 23:46:31.927', NULL, 100, 24, 'go', 'package main\r\n\r\nimport (\r\n	\"fmt\"\r\n)\r\nfunc loop() {\r\n	for{\r\n\r\n	}\r\n}\r\n\r\nfunc main() {\r\n	fmt.Println(\"Hello world\")\r\n	go loop()\r\n	for{\r\n		go loop()\r\n	}\r\n}\r\n', NULL);
INSERT INTO `user_codes` VALUES (77, '2024-11-25 02:16:28.086', '2024-11-25 02:16:28.086', NULL, 103, 22, 'go', 'package main\r\n\r\nimport (\r\n	\"fmt\"\r\n)\r\n\r\nfunc main() {\r\n	a := 0\r\n	b := 0\r\n	for {\r\n		n, _ := fmt.Scan(&a, &b)\r\n		if n == 0 {\r\n			break\r\n		} else {\r\n			fmt.Printf(\"%d\\n\", a+b)\r\n		}\r\n	}\r\n}\r\n', NULL);
INSERT INTO `user_codes` VALUES (78, '2024-11-25 02:16:49.339', '2024-11-25 02:16:49.339', NULL, 109, 22, 'go', 'package main\r\n\r\nimport (\r\n	\"fmt\"\r\n)\r\n\r\nfunc main() {\r\n	a := 0\r\n	b := 0\r\n	for {\r\n		n, _ := fmt.Scan(&a, &b)\r\n		if n == 0 {\r\n			break\r\n		} else {\r\n			fmt.Printf(\"%d\\n\", a+b)\r\n		}\r\n	}\r\n}\r\n', NULL);
INSERT INTO `user_codes` VALUES (79, '2024-11-25 02:26:17.206', '2024-11-25 02:26:23.399', NULL, 108, 23, 'go', 'package main\r\n\r\nimport (\r\n	\"fmt\"\r\n)\r\n\r\nfunc main() {\r\n	a := 0\r\n	b := 0\r\n	for {\r\n		n, _ := fmt.Scan(&a, &b)\r\n		if n == 0 {\r\n			break\r\n		} else {\r\n			fmt.Printf(\"%d\\n\", a+b)\r\n		}\r\n	}\r\n}\r\n', NULL);
INSERT INTO `user_codes` VALUES (80, '2024-11-25 02:26:36.856', '2024-11-25 02:26:36.856', NULL, 132, 23, 'go', 'package main\r\n\r\nimport (\r\n	\"fmt\"\r\n)\r\n\r\nfunc main() {\r\n	a := 0\r\n	b := 0\r\n	for {\r\n		n, _ := fmt.Scan(&a, &b)\r\n		if n == 0 {\r\n			break\r\n		} else {\r\n			fmt.Printf(\"%d\\n\", a+b)\r\n		}\r\n	}\r\n}\r\n', NULL);
INSERT INTO `user_codes` VALUES (81, '2024-11-25 12:03:17.827', '2024-11-25 12:04:26.939', NULL, 100, 25, 'go', 'package main\r\n\r\nimport (\r\n	\"fmt\"\r\n)\r\n\r\nfunc main() {\r\n	a := 0\r\n	b := 0\r\n	for {\r\n		n, _ := fmt.Scan(&a, &b)\r\n		if n == 0 {\r\n			break\r\n		} else {\r\n			fmt.Printf(\"%d\\n\", a+b)\r\n		}\r\n	}\r\n}\r\n', NULL);
INSERT INTO `user_codes` VALUES (82, '2024-11-25 18:43:45.204', '2024-12-14 22:11:56.167', NULL, 130, 23, 'go', 'package main\r\n\r\nimport \"fmt\"\r\n\r\ngo\r\nBlulocoLight\r\n    left, right := 0, len(nums)-1\r\n\r\n    for left <= right {\r\n        mid := left + (right-left)/2\r\n\r\n\\$0\r\n$0\r\n\r\nfunc binarySearch(nums []int, target int) int {\r\n    left, right := 0, len(nums)-1\r\n\r\n    for left <= right {\r\n        mid := left + (right-left)/2\r\n\r\n        if nums[mid] == target {\r\n            return mid\r\n        } else if nums[mid] < target {\r\n            left = mid + 1\r\n        } else {\r\n            right = mid - 1\r\n        }\r\n    }\r\n\r\n    return -1\r\n}\r\nfunc main() {\r\n    nums := []int{1, 3, 5, 7, 9, 11, 13}\r\n    target := 7\r\n    result := binarySearch(nums, target)\r\n    if result!= -1 {\r\n        fmt.Printf(\"目标值 %d 在数组中的索引为 %d\\n\", target, result)\r\n    } else {\r\n        fmt.Printf(\"数组中未找到目标值 %d\\n\", target)\r\n    }\r\n}\r\ngo\r\nBlulocoLight\r\npackage main\r\n\r\nimport \"fmt\"\r\n\r\n\r\nfunc binarySearch(nums []int, target int) int {\r\n    left, right := 0, len(nums)-1\r\n\r\n    for left <= right {\r\n        mid := left + (right-left)/2\r\n\r\n$0', NULL);
INSERT INTO `user_codes` VALUES (83, '2024-11-25 18:47:56.873', '2024-12-14 22:12:04.016', NULL, 119, 23, 'go', 'package main\r\n\r\nimport (\r\n	\"fmt\"\r\n)\r\n\r\nfunc main() {\r\n	a := 0\r\n	b := 0\r\n	for {\r\n		n, _ := fmt.Scan(&a, &b)\r\n		if n == 0 {\r\n			break\r\n		} else {\r\n			fmt.Printf(\"%d\\n\", a+b)\r\n		}\r\n	}\r\n}\r\n', NULL);
INSERT INTO `user_codes` VALUES (84, '2024-11-25 18:48:07.312', '2024-11-25 18:48:13.527', NULL, 128, 23, 'go', 'package main\r\n\r\nimport (\r\n	\"fmt\"\r\n)\r\n\r\nfunc main() {\r\n	a := 0\r\n	b := 0\r\n	for {\r\n		n, _ := fmt.Scan(&a, &b)\r\n		if n == 0 {\r\n			break\r\n		} else {\r\n			fmt.Printf(\"%d\\n\", a+b)\r\n		}\r\n	}\r\n}\r\n', NULL);
INSERT INTO `user_codes` VALUES (85, '2024-11-25 22:36:06.603', '2024-11-25 22:40:02.234', NULL, 100, 26, 'go', 'package main\r\n\r\nimport (\r\n	\"fmt\"\r\n)\r\n\r\nfunc main() {\r\n	a := 0\r\n	b := 0\r\n	for {\r\n		fmt.Scan(&a, &b)\r\n		fmt.Printf(\"Hello world\")\r\n	}\r\n}\r\n', NULL);
INSERT INTO `user_codes` VALUES (86, '2024-11-25 22:40:19.368', '2024-11-26 10:17:18.612', NULL, 130, 26, 'go', 'package main\r\n\r\nimport \"fmt\"\r\n\r\n\r\nfunc binarySearch(nums []int, target int) int {\r\n    left, right := 0, len(nums)-1\r\n\r\n    for left <= right {\r\n        mid := left + (right-left)/2\r\n\r\n        if nums[mid] == target {\r\n            return mid\r\n        } else if nums[mid] < target {\r\n            left = mid + 1\r\n        } else {\r\n            right = mid - 1\r\n        }\r\n    }\r\n\r\n    return -1\r\n}\r\nfunc main() {\r\n    nums := []int{1, 3, 5, 7, 9, 11, 13}\r\n    target := 1\r\n    result := binarySearch(nums, target)\r\n    if result!= -1 {\r\n        fmt.Printf(\"目标值 %d 在数组中的索引为 %d\\n\", target, result)\r\n    } else {\r\n        fmt.Printf(\"数组中未找到目标值 %d\\n\", target)\r\n    }\r\n}', NULL);
INSERT INTO `user_codes` VALUES (87, '2024-11-25 23:11:40.447', '2025-01-01 23:17:21.612', NULL, 132, 1, 'go', 'package main\r\n\r\nimport \"fmt\"\r\n\r\n// 二叉树节点结构体\r\ntype TreeNode struct {\r\n    Val   int\r\n    Left  *TreeNode\r\n    Right *TreeNode\r\n}\r\n\r\n// 创建二叉树节点的函数\r\nfunc NewTreeNode(val int) *TreeNode {\r\n    return &TreeNode{\r\n       Val: val,\r\n    }\r\n}\r\n\r\n// 构建二叉树的函数\r\nfunc BuildTree() *TreeNode {\r\n    root := NewTreeNode(1)\r\n    root.Left = NewTreeNode(2)\r\n    root.Right = NewTreeNode(3)\r\n    root.Left.Left = NewTreeNode(4)\r\n    root.Left.Right = NewTreeNode(5)\r\n\r\n    return root\r\n}\r\n\r\nfunc main() {\r\n    tree := BuildTree()\r\n    fmt.Println(\"构建的二叉树的根节点值为:\", tree.Val)\r\n}', NULL);
INSERT INTO `user_codes` VALUES (88, '2024-11-26 00:07:17.450', '2024-11-26 00:30:45.715', NULL, 101, 24, 'go', 'package main\r\n\r\nimport (\r\n	\"fmt\"\r\n)\r\n\r\nfunc main() {\r\n	var str1 = \r\n`\r\n1*1=1\r\n1*2=2 2*2=4\r\n1*3=3 2*3=6 3*3=9\r\n1*4=4 2*4=8 3*4=12 4*4=16\r\n1*5=5 2*5=10 3*5=15 4*5=20 5*5=25\r\n1*6=6 2*6=12 3*6=18 4*6=24 5*6=30 6*6=36\r\n1*7=7 2*7=14 3*7=21 4*7=28 5*7=35 6*7=42 7*7=49\r\n1*8=8 2*8=16 3*8=24 4*8=32 5*8=40 6*8=48 7*8=56 8*8=64\r\n1*9=9 2*9=18 3*9=27 4*9=36 5*9=45 6*9=54 7*9=63 8*9=72 9*9=81\r\n`\r\n	fmt.Println(str1)\r\n}', NULL);
INSERT INTO `user_codes` VALUES (89, '2024-11-26 00:31:07.178', '2024-11-26 00:47:59.844', NULL, 103, 24, 'go', 'package main\r\n\r\nfunc doloop() {\r\n	for {\r\n\r\n	}\r\n}\r\nfunc main() {\r\n    for {\r\n		go doloop()\r\n    }\r\n}', NULL);
INSERT INTO `user_codes` VALUES (90, '2024-11-26 00:40:54.848', '2024-11-26 00:50:52.359', NULL, 104, 24, 'go', 'package main\r\n\r\nimport (\r\n	\"fmt\"\r\n)\r\n\r\nfunc main() {\r\n	a := 0\r\n	b := 0\r\n	for {\r\n		n, _ := fmt.Scan(&a, &b)\r\n		if n == 0 {\r\n			break\r\n		} else {\r\n			fmt.Printf(\"%d\\n\", a+b)\r\n		}\r\n	}\r\n}\r\n', NULL);
INSERT INTO `user_codes` VALUES (91, '2024-11-26 00:46:46.206', '2024-11-26 00:47:03.047', NULL, 107, 24, 'go', 'package main\r\n\r\nimport (\r\n	\"fmt\"\r\n)\r\n\r\nfunc main() {\r\n	a := 0\r\n	b := 0\r\n	for {\r\n		n, _ := fmt.Scan(&a, &b)\r\n		if n == 0 {\r\n			break\r\n		} else {\r\n			fmt.Printf(\"%d\\n\", a+b)\r\n		}\r\n	}\r\n}\r\n', NULL);
INSERT INTO `user_codes` VALUES (92, '2024-11-26 00:47:46.447', '2024-11-26 00:47:52.026', NULL, 105, 24, 'go', 'package main\r\n\r\nimport (\r\n	\"fmt\"\r\n)\r\n\r\nfunc main() {\r\n	a := 0\r\n	b := 0\r\n	for {\r\n		n, _ := fmt.Scan(&a, &b)\r\n		if n == 0 {\r\n			break\r\n		} else {\r\n			fmt.Printf(\"%d\\n\", a+b)\r\n		}\r\n	}\r\n}\r\n', NULL);
INSERT INTO `user_codes` VALUES (93, '2024-11-26 00:48:11.951', '2024-11-26 00:49:27.949', NULL, 132, 24, 'go', 'package main\r\n\r\nimport (\r\n	\"fmt\"\r\n)\r\n\r\nfunc main() {\r\n	a := 0\r\n	b := 0\r\n	for {\r\n		n, _ := fmt.Scan(&a, &b)\r\n		if n == 0 {\r\n			break\r\n		} else {\r\n			fmt.Printf(\"%d\\n\", a+b)\r\n		}\r\n	}\r\n}\r\n', NULL);
INSERT INTO `user_codes` VALUES (94, '2024-11-26 00:51:46.779', '2024-11-26 00:52:30.722', NULL, 109, 24, 'go', 'package main\r\n\r\nimport (\r\n	\"fmt\"\r\n)\r\n\r\nfunc main() {\r\n	a := 0\r\n	b := 0\r\n	for {\r\n		n, _ := fmt.Scan(&a, &b)\r\n		if n == 0 {\r\n			break\r\n		} else {\r\n			fmt.Printf(\"%d\\n\", a+b)\r\n		}\r\n	}\r\n}\r\n', NULL);
INSERT INTO `user_codes` VALUES (95, '2024-11-26 10:19:35.304', '2024-11-26 10:21:56.103', NULL, 132, 26, 'go', 'package main\r\n\r\nimport \"fmt\"\r\n\r\n// 二叉树节点结构体\r\ntype TreeNode struct {\r\n    Val   int\r\n    Val2   int\r\n    Left  *TreeNode\r\n    Right *TreeNode\r\n}\r\n\r\n// 创建二叉树节点的函数\r\nfunc NewTreeNode(val int) *TreeNode {\r\n    return &TreeNode{\r\n       Val2: val,\r\n    }\r\n}\r\n\r\n// 构建二叉树的函数\r\nfunc BuildTree() *TreeNode {\r\n    root := NewTreeNode(1)\r\n    root.Left = NewTreeNode(2)\r\n    root.Right = NewTreeNode(3)\r\n    root.Left.Left = NewTreeNode(4)\r\n    root.Left.Right = NewTreeNode(5)\r\n\r\n    return root\r\n}\r\n\r\nfunc main() {\r\n    tree := BuildTree()\r\n    fmt.Println(\"构建的二叉树的根节点值为:\", tree.Val)\r\n}', NULL);
INSERT INTO `user_codes` VALUES (96, '2024-11-26 20:20:02.697', '2024-11-26 20:20:39.678', NULL, 100, 27, 'go', 'package main\r\n\r\nimport (\r\n	\"fmt\"\r\n)\r\n\r\nfunc main() {\r\n	fmt.Println(\"Hello world\")\r\n}\r\n', NULL);
INSERT INTO `user_codes` VALUES (97, '2024-11-26 20:21:05.763', '2024-11-26 20:27:22.960', NULL, 130, 27, 'go', 'package main\r\n\r\nimport \"fmt\"\r\n\r\n\r\nfunc binarySearch(nums []int, target int) int {\r\n    left, right := 0, len(nums)-1\r\n	ha := 1\r\n    for left <= right {\r\n        mid := left + (right-left)/2\r\n\r\n        if nums[mid] == target {\r\n            return mid\r\n        } else if nums[mid] < target {\r\n            left = mid + 1\r\n        } else {\r\n            right = mid - 1\r\n        }\r\n    }\r\n\r\n    return -1+ha-1\r\n}\r\nfunc main() {\r\n    nums := []int{1, 3, 5, 7, 9, 11, 13}\r\n    target := 7\r\n    result := binarySearch(nums, target)\r\n    if result!= -1 {\r\n        fmt.Printf(\"目标值 %d 在数组中的索引为 %d\\n\", target, result)\r\n    } else {\r\n        fmt.Printf(\"数组中未找到目标值 %d\\n\", target)\r\n    }\r\n}', NULL);
INSERT INTO `user_codes` VALUES (98, '2024-12-30 22:26:30.510', '2025-01-01 16:50:44.969', NULL, 130, 32, 'go', 'package main\r\n\r\nimport (\r\n	\"fmt\"\r\n)\r\n\r\nfunc main() {\r\n	a := 0\r\n	b := 0\r\n	for {\r\n		n, _ := fmt.Scan(&a, &b)\r\n		if n == 0 {\r\n			break\r\n		} else {\r\n			fmt.Printf(\"%d\\n\", a+b)\r\n		}\r\n	}\r\n}\r\n', NULL);
INSERT INTO `user_codes` VALUES (99, '2024-12-30 22:32:05.396', '2024-12-31 01:35:30.149', NULL, 100, 32, 'go', 'package main\r\n\r\nimport (\r\n	\"fmt\"\r\n)\r\n\r\nfunc main() {\r\n	a := 0\r\n	b := 0\r\n	for {\r\n		n, _ := fmt.Scan(&a, &b)\r\n		if n == 0 {\r\n			break\r\n		} else {\r\n			fmt.Printf(\"%d\\n\", a+b)\r\n		}\r\n	}\r\n}\r\n', NULL);

-- ----------------------------
-- Table structure for user_roles
-- ----------------------------
DROP TABLE IF EXISTS `user_roles`;
CREATE TABLE `user_roles`  (
  `sys_user_id` int UNSIGNED NOT NULL,
  `sys_role_id` int UNSIGNED NOT NULL,
  PRIMARY KEY (`sys_user_id`, `sys_role_id`) USING BTREE,
  INDEX `fk_user_roles_sys_role`(`sys_role_id` ASC) USING BTREE,
  CONSTRAINT `fk_user_roles_sys_role` FOREIGN KEY (`sys_role_id`) REFERENCES `sys_roles` (`id`) ON DELETE RESTRICT ON UPDATE RESTRICT,
  CONSTRAINT `fk_user_roles_sys_user` FOREIGN KEY (`sys_user_id`) REFERENCES `sys_users` (`id`) ON DELETE RESTRICT ON UPDATE RESTRICT
) ENGINE = InnoDB CHARACTER SET = utf8mb4 COLLATE = utf8mb4_0900_ai_ci ROW_FORMAT = Dynamic;

-- ----------------------------
-- Records of user_roles
-- ----------------------------
INSERT INTO `user_roles` VALUES (1, 1);
INSERT INTO `user_roles` VALUES (20, 1);
INSERT INTO `user_roles` VALUES (20, 2);
INSERT INTO `user_roles` VALUES (1, 3);
INSERT INTO `user_roles` VALUES (12, 3);
INSERT INTO `user_roles` VALUES (17, 3);
INSERT INTO `user_roles` VALUES (22, 3);
INSERT INTO `user_roles` VALUES (23, 3);
INSERT INTO `user_roles` VALUES (24, 3);
INSERT INTO `user_roles` VALUES (25, 3);
INSERT INTO `user_roles` VALUES (26, 3);
INSERT INTO `user_roles` VALUES (27, 3);
INSERT INTO `user_roles` VALUES (28, 3);
INSERT INTO `user_roles` VALUES (29, 3);
INSERT INTO `user_roles` VALUES (30, 3);
INSERT INTO `user_roles` VALUES (31, 3);
INSERT INTO `user_roles` VALUES (32, 3);
INSERT INTO `user_roles` VALUES (33, 3);
INSERT INTO `user_roles` VALUES (7, 4);

-- ----------------------------
-- Table structure for users
-- ----------------------------
DROP TABLE IF EXISTS `users`;
CREATE TABLE `users`  (
  `id` int NOT NULL AUTO_INCREMENT,
  `username` longtext CHARACTER SET utf8mb4 COLLATE utf8mb4_0900_ai_ci NULL,
  `password` longtext CHARACTER SET utf8mb4 COLLATE utf8mb4_0900_ai_ci NULL,
  `email` longtext CHARACTER SET utf8mb4 COLLATE utf8mb4_0900_ai_ci NULL,
  `phone` longtext CHARACTER SET utf8mb4 COLLATE utf8mb4_0900_ai_ci NULL,
  `sex` bigint NULL DEFAULT NULL,
  `role` int NULL DEFAULT NULL,
  `user_id` varchar(255) CHARACTER SET utf8mb4 COLLATE utf8mb4_0900_ai_ci NULL DEFAULT NULL,
  `created_at` datetime(3) NULL DEFAULT NULL,
  `updated_at` datetime(3) NULL DEFAULT NULL,
  `deleted_at` datetime(3) NULL DEFAULT NULL,
  `number` varchar(255) CHARACTER SET utf8mb4 COLLATE utf8mb4_0900_ai_ci NULL DEFAULT NULL,
  `code` varchar(255) CHARACTER SET utf8mb4 COLLATE utf8mb4_0900_ai_ci NULL DEFAULT NULL,
  `avatar` longtext CHARACTER SET utf8mb4 COLLATE utf8mb4_0900_ai_ci NULL,
  `login_name` longtext CHARACTER SET utf8mb4 COLLATE utf8mb4_0900_ai_ci NULL,
  `introduction` longtext CHARACTER SET utf8mb4 COLLATE utf8mb4_0900_ai_ci NULL,
  `birth_day` datetime(3) NULL DEFAULT NULL,
  `salt` longtext CHARACTER SET utf8mb4 COLLATE utf8mb4_0900_ai_ci NULL,
  PRIMARY KEY (`id`) USING BTREE,
  INDEX `idx_users_deleted_at`(`deleted_at` ASC) USING BTREE
) ENGINE = InnoDB AUTO_INCREMENT = 6 CHARACTER SET = utf8mb4 COLLATE = utf8mb4_0900_ai_ci ROW_FORMAT = Dynamic;

-- ----------------------------
-- Records of users
-- ----------------------------
INSERT INTO `users` VALUES (3, 'niliu', '$2a$10$u9QPyg5fXdQ2IFu8j.F.MuOSxQMYTrHGYa/wz2H71K2VMWEjn.G.K', '2958556459@qq.com', '', 0, 0, 'niliu', NULL, NULL, NULL, NULL, 'niliu', NULL, NULL, NULL, NULL, NULL);
INSERT INTO `users` VALUES (5, 'niliu2', '$2a$10$HdsoRafiIxXnFOemUk6SJeL4sZnZ5L1DUfgh05tmZSxTdHXtk0iiO', '', '', 0, 0, NULL, '2023-07-15 23:51:23.000', '2023-07-15 23:51:23.000', NULL, 'niliu2', 'niliu2', NULL, NULL, NULL, NULL, NULL);

-- ----------------------------
-- Table structure for visual_description_templates
-- ----------------------------
DROP TABLE IF EXISTS `visual_description_templates`;
CREATE TABLE `visual_description_templates`  (
  `id` bigint UNSIGNED NOT NULL AUTO_INCREMENT,
  `created_at` datetime(3) NULL DEFAULT NULL,
  `updated_at` datetime(3) NULL DEFAULT NULL,
  `deleted_at` datetime(3) NULL DEFAULT NULL,
  `order` bigint UNSIGNED NULL DEFAULT NULL,
  `type` longtext CHARACTER SET utf8mb4 COLLATE utf8mb4_0900_ai_ci NULL,
  `name` longtext CHARACTER SET utf8mb4 COLLATE utf8mb4_0900_ai_ci NULL,
  `template` longtext CHARACTER SET utf8mb4 COLLATE utf8mb4_0900_ai_ci NULL,
  PRIMARY KEY (`id`) USING BTREE,
  INDEX `idx_visualize_description_templates_deleted_at`(`deleted_at` ASC) USING BTREE,
  INDEX `idx_visual_description_templates_deleted_at`(`deleted_at` ASC) USING BTREE
) ENGINE = InnoDB AUTO_INCREMENT = 5 CHARACTER SET = utf8mb4 COLLATE = utf8mb4_0900_ai_ci ROW_FORMAT = Dynamic;

-- ----------------------------
-- Records of visual_description_templates
-- ----------------------------
INSERT INTO `visual_description_templates` VALUES (1, '2024-08-08 01:00:59.000', NULL, NULL, 1, 'array', '一维数组', '{\r\n    \"type\": \"array\",\r\n    \"arrayName\": \"arr\",\r\n    \"pointNames\": [\r\n        \"point1\",\r\n        \"point2\"\r\n    ]\r\n}');
INSERT INTO `visual_description_templates` VALUES (2, '2024-08-08 02:20:04.000', NULL, NULL, 2, 'binaryTree', '二叉树', '{\r\n    \"type\": \"binaryTree\",\r\n    \"treeNode\": \"TreeNodeStruct\",\r\n    \"data\": \"data\",\r\n    \"left\": \"leftNode\",\r\n    \"right\": \"rightNode\"\r\n}');
INSERT INTO `visual_description_templates` VALUES (3, '2024-09-03 01:31:30.000', NULL, NULL, 4, 'graph', '图', '{\r\n    \"type\": \"graph\",\r\n    \"graphNode\": \"graph\",\r\n    \"data\": \"data\",\r\n    \"nexts\": []\r\n}');
INSERT INTO `visual_description_templates` VALUES (4, '2024-11-16 11:53:18.000', NULL, NULL, 3, 'linkList', '链表', '{\r\n    \"type\": \"linkList\",\r\n    \"linkNode\": \"LinkNode\",\r\n    \"data\": \"Data\",\r\n    \"next\": \"Next\",\r\n    \"prev\": \"Prev\"\r\n}');

-- ----------------------------
-- Table structure for visual_document_codes
-- ----------------------------
DROP TABLE IF EXISTS `visual_document_codes`;
CREATE TABLE `visual_document_codes`  (
  `id` bigint UNSIGNED NOT NULL AUTO_INCREMENT,
  `created_at` datetime(3) NULL DEFAULT NULL,
  `updated_at` datetime(3) NULL DEFAULT NULL,
  `deleted_at` datetime(3) NULL DEFAULT NULL,
  `document_id` bigint UNSIGNED NULL DEFAULT NULL,
  `code` longtext CHARACTER SET utf8mb4 COLLATE utf8mb4_0900_ai_ci NULL,
  `language` longtext CHARACTER SET utf8mb4 COLLATE utf8mb4_0900_ai_ci NULL,
  `breakpoints` longtext CHARACTER SET utf8mb4 COLLATE utf8mb4_0900_ai_ci NULL,
  `visual_setting` longtext CHARACTER SET utf8mb4 COLLATE utf8mb4_0900_ai_ci NULL,
  PRIMARY KEY (`id`) USING BTREE,
  INDEX `idx_visual_document_codes_deleted_at`(`deleted_at` ASC) USING BTREE
) ENGINE = InnoDB AUTO_INCREMENT = 36 CHARACTER SET = utf8mb4 COLLATE = utf8mb4_0900_ai_ci ROW_FORMAT = Dynamic;

-- ----------------------------
-- Records of visual_document_codes
-- ----------------------------
INSERT INTO `visual_document_codes` VALUES (1, '2025-01-17 02:18:39.247', '2025-01-17 02:18:39.247', '2025-01-17 02:28:26.209', 3, '#include <stdio.h>\nint main() {\n    int a, b;\n	scanf(\"%d\", &a);\n    printf(\"a * a = %d\n\", a * a);\n    return 0;\n}', 'c', '[]', '');
INSERT INTO `visual_document_codes` VALUES (2, '2025-01-17 02:28:26.271', '2025-01-17 02:28:26.271', '2025-01-17 02:28:38.933', 3, '#include <stdio.h>\nint main() {\n    int a, b;\n	scanf(\"%d\", &a);\n    printf(\"a * a = %d\n\", a * a);\n    return 0;\n}', 'c', '[]', '\"\"');
INSERT INTO `visual_document_codes` VALUES (3, '2025-01-17 02:28:38.994', '2025-01-17 02:28:38.994', '2025-01-17 02:29:32.990', 3, '#include <stdio.h>\nint main() {\n    int a, b;\n	scanf(\"%d\", &a);\n    printf(\"a * a = %d\n\", a * a);\n    return 0;\n}', 'c', '[]', '\"\"');
INSERT INTO `visual_document_codes` VALUES (4, '2025-01-17 02:29:33.053', '2025-01-17 02:29:33.053', '2025-01-17 02:30:00.774', 3, '#include <stdio.h>\nint main() {\n    int a, b;\n	scanf(\"%d\", &a);\n    printf(\"a * a = %d\n\", a * a);\n    return 0;\n}', 'c', '[]', '\"\"');
INSERT INTO `visual_document_codes` VALUES (5, '2025-01-17 02:30:00.837', '2025-01-17 02:30:00.837', '2025-01-17 02:36:41.497', 3, '#include <stdio.h>\nint main() {\n    int a, b;\n	scanf(\"%d\", &a);\n    printf(\"a * a = %d\n\", a * a);\n    return 0;\n}', 'c', '[]', '\"\"');
INSERT INTO `visual_document_codes` VALUES (6, '2025-01-17 02:30:00.899', '2025-01-17 02:30:00.899', '2025-01-17 02:36:41.497', 3, 'import java.util.Scanner;\npublic class Main {\n    public static void main(String[] args) {\n        Scanner in = new Scanner(System.in);\n        while (in.hasNextInt()) {\n            int a = in.nextInt();\n            int b = in.nextInt();\n            System.out.println(a + b);\n        }\n    }\n}', 'java', '[]', '{\"type\":\"array\",\"description\":{\"arrayName\":\"arr\",\"pointNames\":[\"point1\",\"point2\"]}}');
INSERT INTO `visual_document_codes` VALUES (7, '2025-01-17 02:36:41.560', '2025-01-17 02:36:41.560', '2025-01-17 02:36:47.306', 3, 'import java.util.Scanner;\npublic class Main {\n    public static void main(String[] args) {\n        Scanner in = new Scanner(System.in);\n        while (in.hasNextInt()) {\n            int a = in.nextInt();\n            int b = in.nextInt();\n            System.out.println(a + b);\n        }\n    }\n}', 'java', '[]', '{\"type\":\"array\",\"description\":{\"arrayName\":\"arr\",\"pointNames\":[\"point1\",\"point2\"]}}');
INSERT INTO `visual_document_codes` VALUES (8, '2025-01-17 02:36:41.622', '2025-01-17 02:36:41.622', '2025-01-17 02:36:47.306', 3, '#include <stdio.h>\nint main() {\n    int a, b;\n	scanf(\"%d\", &a);\n    printf(\"a * a = %d\n\", a * a);\n    return 0;\n}', 'c', '[]', '{\"type\":\"array\",\"description\":{\"arrayName\":\"arr\",\"pointNames\":[\"point1\",\"point2\"]}}');
INSERT INTO `visual_document_codes` VALUES (9, '2025-01-17 02:36:41.687', '2025-01-17 02:36:41.687', '2025-01-17 02:36:47.306', 3, 'package main\nimport (\n	\"fmt\"\n)\nfunc main() {\n	a := 0\n	b := 0\n	for {\n		n, _ := fmt.Scan(&a, &b)\n		if n == 0 {\n			break\n		} else {\n			fmt.Printf(\"%d\n\", a+b)\n		}\n	}\n}\n', 'go', '[]', '{\"type\":\"array\",\"description\":{\"arrayName\":\"arr\",\"pointNames\":[\"point1\",\"point2\"]}}');
INSERT INTO `visual_document_codes` VALUES (10, '2025-01-17 02:36:47.368', '2025-01-17 02:36:47.368', '2025-01-17 02:38:01.290', 3, 'import java.util.Scanner;\npublic class Main {\n    public static void main(String[] args) {\n        Scanner in = new Scanner(System.in);\n        while (in.hasNextInt()) {\n            int a = in.nextInt();\n            int b = in.nextInt();\n            System.out.println(a + b);\n        }\n    }\n}', 'java', '[]', '{\"type\":\"array\",\"description\":{\"arrayName\":\"arr\",\"pointNames\":[\"point1\",\"point2\"]}}');
INSERT INTO `visual_document_codes` VALUES (11, '2025-01-17 02:36:47.430', '2025-01-17 02:36:47.430', '2025-01-17 02:38:01.290', 3, '#include <stdio.h>\nint main() {\n    int a, b;\n	scanf(\"%d\", &a);\n    printf(\"a * a = %d\n\", a * a);\n    return 0;\n}', 'c', '[]', '{\"type\":\"array\",\"description\":{\"arrayName\":\"arr\",\"pointNames\":[\"point1\",\"point2\"]}}');
INSERT INTO `visual_document_codes` VALUES (12, '2025-01-17 02:36:47.572', '2025-01-17 02:36:47.572', '2025-01-17 02:38:01.290', 3, 'package main\nimport (\n	\"fmt\"\n)\nfunc main() {\n	a := 0\n	b := 0\n	for {\n		n, _ := fmt.Scan(&a, &b)\n		if n == 0 {\n			break\n		} else {\n			fmt.Printf(\"%d\n\", a+b)\n		}\n	}\n}\n', 'go', '[]', '{\"type\":\"array\",\"description\":{\"arrayName\":\"arr\",\"pointNames\":[\"point1\",\"point2\"]}}');
INSERT INTO `visual_document_codes` VALUES (13, '2025-01-17 02:38:01.356', '2025-01-17 02:38:01.356', '2025-01-17 02:41:15.079', 3, 'import java.util.Scanner;\npublic class Main {\n    public static void main(String[] args) {\n        Scanner in = new Scanner(System.in);\n        while (in.hasNextInt()) {\n            int a = in.nextInt();\n            int b = in.nextInt();\n            System.out.println(a + b);\n        }\n    }\n}', 'java', '[]', '{\"type\":\"array\",\"description\":{\"arrayName\":\"arr\",\"pointNames\":[\"point1\",\"point2\"]}}');
INSERT INTO `visual_document_codes` VALUES (14, '2025-01-17 02:38:01.420', '2025-01-17 02:38:01.420', '2025-01-17 02:41:15.079', 3, '#include <stdio.h>\nint main() {\n    int a, b;\n	scanf(\"%d\", &a);\n    printf(\"a * a = %d\n\", a * a);\n    return 0;\n}', 'c', '[]', '{\"type\":\"array\",\"description\":{\"arrayName\":\"arr\",\"pointNames\":[\"point1\",\"point2\"]}}');
INSERT INTO `visual_document_codes` VALUES (15, '2025-01-17 02:38:01.483', '2025-01-17 02:38:01.483', '2025-01-17 02:41:15.079', 3, 'package main\nimport (\n	\"fmt\"\n)\nfunc main() {\n	a := 0\n	b := 0\n	for {\n		n, _ := fmt.Scan(&a, &b)\n		if n == 0 {\n			break\n		} else {\n			fmt.Printf(\"%d\n\", a+b)\n		}\n	}\n}\n', 'go', '[]', '{\"type\":\"array\",\"description\":{\"arrayName\":\"arr\",\"pointNames\":[\"point1\",\"point2\"]}}');
INSERT INTO `visual_document_codes` VALUES (16, '2025-01-17 02:41:15.140', '2025-01-17 02:41:15.140', '2025-01-18 02:07:06.180', 3, 'import java.util.Scanner;\npublic class Main {\n    public static void main(String[] args) {\n        Scanner in = new Scanner(System.in);\n        while (in.hasNextInt()) {\n            int a = in.nextInt();\n            int b = in.nextInt();\n            System.out.println(a + b);\n        }\n    }\n}', 'java', '[]', '{\"type\":\"array\",\"description\":{\"arrayName\":\"arr\",\"pointNames\":[\"point1\",\"point2\"]}}');
INSERT INTO `visual_document_codes` VALUES (17, '2025-01-17 02:41:15.202', '2025-01-17 02:41:15.202', '2025-01-18 02:07:06.180', 3, '#include <stdio.h>\nint main() {\n    int a, b;\n	scanf(\"%d\", &a);\n    printf(\"a * a = %d\n\", a * a);\n    return 0;\n}', 'c', '[]', '{\"type\":\"array\",\"description\":{\"arrayName\":\"arr\",\"pointNames\":[\"point1\",\"point2\"]}}');
INSERT INTO `visual_document_codes` VALUES (18, '2025-01-17 02:41:15.263', '2025-01-17 02:41:15.263', '2025-01-18 02:07:06.180', 3, 'package main\nimport (\n	\"fmt\"\n)\nfunc main() {\n	a := 0\n	b := 0\n	for {\n		n, _ := fmt.Scan(&a, &b)\n		if n == 0 {\n			break\n		} else {\n			fmt.Printf(\"%d\n\", a+b)\n		}\n	}\n}\n', 'go', '[]', '{\"type\":\"array\",\"description\":{\"arrayName\":\"arr\",\"pointNames\":[\"point1\",\"point2\"]}}');
INSERT INTO `visual_document_codes` VALUES (19, '2025-01-19 18:33:27.219', '2025-01-19 18:33:27.219', '2025-01-19 18:33:29.176', 33, 'package main\nimport (\n	\"fmt\"\n)\nfunc main() {\n	a := 0\n	b := 0\n	for {\n		n, _ := fmt.Scan(&a, &b)\n		if n == 0 {\n			break\n		} else {\n			fmt.Printf(\"%d\n\", a+b)\n		}\n	}\n}\n', 'go', '[]', '{\"type\":\"array\",\"description\":{\"arrayName\":\"arr\",\"pointNames\":[\"point1\",\"point2\"]}}');
INSERT INTO `visual_document_codes` VALUES (20, '2025-01-19 18:33:29.240', '2025-01-19 18:33:29.240', '2025-01-19 18:34:20.553', 33, 'package main\nimport (\n	\"fmt\"\n)\nfunc main() {\n	a := 0\n	b := 0\n	for {\n		n, _ := fmt.Scan(&a, &b)\n		if n == 0 {\n			break\n		} else {\n			fmt.Printf(\"%d\n\", a+b)\n		}\n	}\n}\n', 'go', '[]', '{\"type\":\"array\",\"description\":{\"arrayName\":\"arr\",\"pointNames\":[\"point1\",\"point2\"]}}');
INSERT INTO `visual_document_codes` VALUES (21, '2025-01-19 18:34:20.830', '2025-01-19 18:34:20.830', '2025-01-19 20:25:58.287', 33, 'package main\nimport (\n	\"fmt\"\n)\nfunc main() {\n	a := 0\n	b := 0\n	for {\n		n, _ := fmt.Scan(&a, &b)\n		if n == 0 {\n			break\n		} else {\n			fmt.Printf(\"%d\n\", a+b)\n		}\n	}\n}\n', 'go', '[]', '{\"type\":\"array\",\"description\":{\"arrayName\":\"arr\",\"pointNames\":[\"point1\",\"point2\"]}}');
INSERT INTO `visual_document_codes` VALUES (22, '2025-01-19 20:25:58.354', '2025-01-19 20:25:58.354', '2025-01-19 20:29:44.967', 33, 'package main\nimport (\n	\"fmt\"\n)\nfunc main() {\n	a := 0\n	b := 0\n	for {\n		n, _ := fmt.Scan(&a, &b)\n		if n == 0 {\n			break\n		} else {\n			fmt.Printf(\"%d\n\", a+b)\n		}\n	}\n}\n', 'go', '[]', '{\"type\":\"array\",\"description\":{\"arrayName\":\"arr\",\"pointNames\":[\"point1\",\"point2\"]}}');
INSERT INTO `visual_document_codes` VALUES (23, '2025-01-19 20:25:58.423', '2025-01-19 20:25:58.423', '2025-01-19 20:29:44.967', 33, 'import java.util.Scanner;\npublic class Main {\n    public static void main(String[] args) {\n        Scanner in = new Scanner(System.in);\n        while (in.hasNextInt()) {\n            int a = in.nextInt();\n            int b = in.nextInt();\n            System.out.println(a + b);\n        }\n    }\n}', 'java', '[]', '{\"type\":\"array\",\"description\":{\"arrayName\":\"arr\",\"pointNames\":[\"point1\",\"point2\"]}}');
INSERT INTO `visual_document_codes` VALUES (24, '2025-01-19 20:29:45.030', '2025-01-19 20:29:45.030', '2025-01-19 23:16:59.352', 33, 'package main\nimport (\n	\"fmt\"\n)\nfunc main() {\n	a := 0\n	b := 0\n	for {\n		n, _ := fmt.Scan(&a, &b)\n		if n == 0 {\n			break\n		} else {\n			fmt.Printf(\"%d\n\", a+b)\n		}\n	}\n}\n', 'go', '[]', '{\"type\":\"array\",\"description\":{\"arrayName\":\"arr\",\"pointNames\":[\"point1\",\"point2\"]}}');
INSERT INTO `visual_document_codes` VALUES (25, '2025-01-19 20:29:45.091', '2025-01-19 20:29:45.091', '2025-01-19 23:16:59.352', 33, 'import java.util.Scanner;\npublic class Main {\n    public static void main(String[] args) {\n        Scanner in = new Scanner(System.in);\n        while (in.hasNextInt()) {\n            int a = in.nextInt();\n            int b = in.nextInt();\n            System.out.println(a + b);\n        }\n    }\n}', 'java', '[]', '{\"type\":\"array\",\"description\":{\"arrayName\":\"arr234\",\"pointNames\":[\"point1\",\"point2\"]}}');
INSERT INTO `visual_document_codes` VALUES (26, '2025-01-19 23:16:59.470', '2025-01-19 23:16:59.470', '2025-01-19 23:23:52.970', 33, 'package main\nimport (\n	\"fmt\"\n)\nfunc main() {\n	a := 0\n	b := 0\n	for {\n		n, _ := fmt.Scan(&a, &b)\n		if n == 0 {\n			break\n		} else {\n			fmt.Printf(\"%d\n\", a+b)\n		}\n	}\n}\n', 'go', '[]', '{\"type\":\"array\",\"description\":{\"arrayName\":\"arr\",\"pointNames\":[\"point1\",\"point2\"]}}');
INSERT INTO `visual_document_codes` VALUES (27, '2025-01-19 23:16:59.570', '2025-01-19 23:16:59.570', '2025-01-19 23:23:52.970', 33, 'import java.util.Scanner;\npublic class Main {\n    public static void main(String[] args) {\n        Scanner in = new Scanner(System.in);\n        while (in.hasNextInt()) {\n            int a = in.nextInt();\n            int b = in.nextInt();\n            System.out.println(a + b);\n        }\n    }\n}', 'java', '[]', '{\"type\":\"array\",\"description\":{\"arrayName\":\"arr234\",\"pointNames\":[\"point1\",\"point2\"]}}');
INSERT INTO `visual_document_codes` VALUES (28, '2025-01-19 23:23:53.037', '2025-01-19 23:23:53.037', '2025-01-19 23:33:53.499', 33, 'package main\nimport (\n	\"fmt\"\n)\nfunc main() {\n	a := 0\n	b := 0\n	for {\n		n, _ := fmt.Scan(&a, &b)\n		if n == 0 {\n			break\n		} else {\n			fmt.Printf(\"%d\n\", a+b)\n		}\n	}\n}\n', 'go', '[]', '{\"type\":\"array\",\"description\":{\"arrayName\":\"arr\",\"pointNames\":[\"point1\",\"point2\"]}}');
INSERT INTO `visual_document_codes` VALUES (29, '2025-01-19 23:23:53.109', '2025-01-19 23:23:53.109', '2025-01-19 23:33:53.499', 33, 'import java.util.Scanner;\npublic class Main {\n    public static void main(String[] args) {\n        Scanner in = new Scanner(System.in);\n        while (in.hasNextInt()) {\n            int a = in.nextInt();\n            int b = in.nextInt();\n            System.out.println(a + b);\n        }\n    }\n}', 'java', '[]', '{\"type\":\"array\",\"description\":{\"arrayName\":\"arr234\",\"pointNames\":[\"point1\",\"point2\"]}}');
INSERT INTO `visual_document_codes` VALUES (30, '2025-01-19 23:33:53.564', '2025-01-19 23:33:53.564', '2025-01-19 23:37:37.593', 33, 'package main\nimport (\n	\"fmt\"\n)\nfunc main() {\n	a := 0\n	b := 0\n	for {\n		n, _ := fmt.Scan(&a, &b)\n		if n == 0 {\n			break\n		} else {\n			fmt.Printf(\"%d\n\", a+b)\n		}\n	}\n}\n', 'go', '[]', '{\"type\":\"array\",\"description\":{\"arrayName\":\"arr\",\"pointNames\":[\"point1\",\"point2\"]}}');
INSERT INTO `visual_document_codes` VALUES (31, '2025-01-19 23:33:53.628', '2025-01-19 23:33:53.628', '2025-01-19 23:37:37.593', 33, 'import java.util.Scanner;\npublic class Main {\n    public static void main(String[] args) {\n        Scanner in = new Scanner(System.in);\n        while (in.hasNextInt()) {\n            int a = in.nextInt();\n            int b = in.nextInt();\n            System.out.println(a + b);\n        }\n    }\n}', 'java', '[]', '{\"type\":\"array\",\"description\":{\"arrayName\":\"arr234\",\"pointNames\":[\"point1\",\"point2\"]}}');
INSERT INTO `visual_document_codes` VALUES (32, '2025-01-19 23:37:37.659', '2025-01-19 23:37:37.659', '2025-01-19 23:40:32.030', 33, 'package main\nimport (\n	\"fmt\"\n)\nfunc main() {\n	a := 0\n	b := 0\n	for {\n		n, _ := fmt.Scan(&a, &b)\n		if n == 0 {\n			break\n		} else {\n			fmt.Printf(\"%d\n\", a+b)\n		}\n	}\n}\n', 'go', '[]', '{\"type\":\"array\",\"description\":{\"arrayName\":\"arr\",\"pointNames\":[\"point1\",\"point2\"]}}');
INSERT INTO `visual_document_codes` VALUES (33, '2025-01-19 23:37:37.724', '2025-01-19 23:37:37.724', '2025-01-19 23:40:32.030', 33, 'import java.util.Scanner;\npublic class Main {\n    public static void main(String[] args) {\n        Scanner in = new Scanner(System.in);\n        while (in.hasNextInt()) {\n            int a = in.nextInt();\n            int b = in.nextInt();\n            System.out.println(a + b);\n        }\n    }\n}', 'java', '[]', '{\"type\":\"array\",\"description\":{\"arrayName\":\"arr234\",\"pointNames\":[\"point1\",\"point2\"]}}');
INSERT INTO `visual_document_codes` VALUES (34, '2025-01-19 23:40:32.094', '2025-01-19 23:40:32.094', NULL, 33, 'package main\nimport (\n	\"fmt\"\n)\nfunc main() {\n	a := 0\n	b := 0\n	for {\n		n, _ := fmt.Scan(&a, &b)\n		if n == 0 {\n			break\n		} else {\n			fmt.Printf(\"%d\n\", a+b)\n		}\n	}\n}\n', 'go', '[7,10]', '{\"type\":\"array\",\"description\":{\"arrayName\":\"arr\",\"pointNames\":[\"point1\",\"point2\"]}}');
INSERT INTO `visual_document_codes` VALUES (35, '2025-01-19 23:40:32.157', '2025-01-19 23:40:32.157', NULL, 33, 'import java.util.Scanner;\npublic class Main {\n    public static void main(String[] args) {\n        Scanner in = new Scanner(System.in);\n        while (in.hasNextInt()) {\n            int a = in.nextInt();\n            int b = in.nextInt();\n            System.out.println(a + b);\n        }\n    }\n}', 'java', '[]', '{\"type\":\"array\",\"description\":{\"arrayName\":\"arr234\",\"pointNames\":[\"point1\",\"point2\"]}}');

-- ----------------------------
-- Table structure for visual_documents
-- ----------------------------
DROP TABLE IF EXISTS `visual_documents`;
CREATE TABLE `visual_documents`  (
  `id` bigint UNSIGNED NOT NULL AUTO_INCREMENT,
  `created_at` datetime(3) NULL DEFAULT NULL,
  `updated_at` datetime(3) NULL DEFAULT NULL,
  `deleted_at` datetime(3) NULL DEFAULT NULL,
  `parent_id` bigint UNSIGNED NULL DEFAULT NULL,
  `title` longtext CHARACTER SET utf8mb4 COLLATE utf8mb4_0900_ai_ci NULL,
  `content` longtext CHARACTER SET utf8mb4 COLLATE utf8mb4_0900_ai_ci NULL,
  `creator_id` bigint UNSIGNED NULL DEFAULT NULL,
  `enable` tinyint(1) NULL DEFAULT NULL,
  `order` bigint UNSIGNED NULL DEFAULT NULL,
  PRIMARY KEY (`id`) USING BTREE,
  INDEX `idx_visual_documents_deleted_at`(`deleted_at` ASC) USING BTREE
) ENGINE = InnoDB AUTO_INCREMENT = 40 CHARACTER SET = utf8mb4 COLLATE = utf8mb4_0900_ai_ci ROW_FORMAT = Dynamic;

-- ----------------------------
-- Records of visual_documents
-- ----------------------------
INSERT INTO `visual_documents` VALUES (1, '2025-01-06 00:06:05.632', '2025-01-06 00:06:05.632', '2025-01-18 02:04:07.347', 0, '', '', 1, 0, NULL);
INSERT INTO `visual_documents` VALUES (2, '2025-01-06 00:06:18.568', '2025-01-06 00:06:18.568', '2025-01-18 01:28:46.491', 0, '', '', 1, 0, NULL);
INSERT INTO `visual_documents` VALUES (3, '2025-01-06 00:10:14.844', '2025-01-17 02:41:14.772', '2025-01-18 02:07:06.236', 0, '测试23', '# 测试', 1, 1, NULL);
INSERT INTO `visual_documents` VALUES (4, '2025-01-17 02:40:57.028', '2025-01-17 02:40:57.028', '2025-01-18 01:28:38.703', 3, '未命名', '# 未命名\n\n## 标题1\n\n## 标题2', 1, 0, NULL);
INSERT INTO `visual_documents` VALUES (5, '2025-01-18 02:06:00.072', '2025-01-18 02:06:00.072', '2025-01-18 02:13:30.804', 12, '未命名', '# 未命名\n\n## 标题1\n\n## 标题2', 1, 0, NULL);
INSERT INTO `visual_documents` VALUES (6, '2025-01-18 02:06:04.484', '2025-01-18 02:06:04.484', '2025-01-18 02:13:05.324', 13, '未命名', '# 未命名\n\n## 标题1\n\n## 标题2', 1, 0, NULL);
INSERT INTO `visual_documents` VALUES (7, '2025-01-18 02:06:11.435', '2025-01-18 02:06:11.435', '2025-01-18 02:12:37.140', 14, '未命名', '# 未命名\n\n## 标题1\n\n## 标题2', 1, 0, NULL);
INSERT INTO `visual_documents` VALUES (8, '2025-01-18 02:06:37.810', '2025-01-18 02:06:37.810', '2025-01-18 02:07:02.988', 0, '未命名', '# 未命名\n\n## 标题1\n\n## 标题2', 1, 0, NULL);
INSERT INTO `visual_documents` VALUES (9, '2025-01-18 02:06:44.330', '2025-01-18 02:06:44.330', '2025-01-18 02:06:58.584', 0, '未命名', '# 未命名\n\n## 标题1\n\n## 标题2', 1, 0, NULL);
INSERT INTO `visual_documents` VALUES (10, '2025-01-18 02:06:47.929', '2025-01-18 02:06:47.929', '2025-01-18 02:06:54.280', 0, '未命名', '# 未命名\n\n## 标题1\n\n## 标题2', 1, 0, NULL);
INSERT INTO `visual_documents` VALUES (11, '2025-01-18 02:08:35.226', '2025-01-18 02:08:35.226', '2025-01-18 02:30:35.515', 0, '未命名', '# 未命名\n\n## 标题1\n\n## 标题2', 1, 0, NULL);
INSERT INTO `visual_documents` VALUES (12, '2025-01-18 02:10:55.308', '2025-01-18 02:10:55.308', '2025-01-18 02:30:37.008', 0, '未命名', '# 未命名\n\n## 标题1\n\n## 标题2', 1, 0, NULL);
INSERT INTO `visual_documents` VALUES (13, '2025-01-18 02:11:11.069', '2025-01-18 02:11:11.069', '2025-01-18 02:13:15.590', 0, '未命名', '# 未命名\n\n## 标题1\n\n## 标题2', 1, 0, NULL);
INSERT INTO `visual_documents` VALUES (14, '2025-01-18 02:11:24.210', '2025-01-18 02:11:24.210', '2025-01-18 02:12:55.325', 0, '未命名', '# 未命名\n\n## 标题1\n\n## 标题2', 1, 0, NULL);
INSERT INTO `visual_documents` VALUES (15, '2025-01-18 02:13:55.865', '2025-01-18 02:13:55.865', '2025-01-18 02:30:40.026', 0, '未命名', '# 未命名\n\n## 标题1\n\n## 标题2', 1, 0, NULL);
INSERT INTO `visual_documents` VALUES (16, '2025-01-18 02:14:33.177', '2025-01-18 02:14:33.177', '2025-01-18 02:18:58.122', 0, '未命名', '# 未命名\n\n## 标题1\n\n## 标题2', 1, 0, NULL);
INSERT INTO `visual_documents` VALUES (17, '2025-01-18 02:14:37.975', '2025-01-18 02:14:37.975', '2025-01-18 02:18:38.312', 0, '未命名', '# 未命名\n\n## 标题1\n\n## 标题2', 1, 0, NULL);
INSERT INTO `visual_documents` VALUES (18, '2025-01-18 02:16:03.573', '2025-01-18 02:16:03.573', '2025-01-18 02:18:34.426', 0, '未命名', '# 未命名\n\n## 标题1\n\n## 标题2', 1, 0, NULL);
INSERT INTO `visual_documents` VALUES (19, '2025-01-18 02:16:13.071', '2025-01-18 02:16:13.071', '2025-01-18 02:18:30.236', 0, '未命名', '# 未命名\n\n## 标题1\n\n## 标题2', 1, 0, NULL);
INSERT INTO `visual_documents` VALUES (20, '2025-01-18 02:17:22.693', '2025-01-18 02:17:22.693', '2025-01-18 02:17:27.863', 0, '未命名', '# 未命名\n\n## 标题1\n\n## 标题2', 1, 0, NULL);
INSERT INTO `visual_documents` VALUES (21, '2025-01-18 02:20:56.495', '2025-01-18 02:20:56.495', NULL, 25, '未命名', '# 未命名\n\n## 标题1\n\n## 标题2', 1, 0, NULL);
INSERT INTO `visual_documents` VALUES (22, '2025-01-18 02:21:22.688', '2025-01-18 02:21:22.688', NULL, 3, '未命名', '# 未命名\n\n## 标题1\n\n## 标题2', 1, 0, NULL);
INSERT INTO `visual_documents` VALUES (23, '2025-01-18 02:23:09.114', '2025-01-18 02:23:09.114', NULL, 6, '未命名', '# 未命名\n\n## 标题1\n\n## 标题2', 1, 0, NULL);
INSERT INTO `visual_documents` VALUES (24, '2025-01-18 02:26:40.699', '2025-01-18 02:26:40.699', '2025-01-18 02:30:42.458', 0, '未命名', '# 未命名\n\n## 标题1\n\n## 标题2', 1, 0, NULL);
INSERT INTO `visual_documents` VALUES (25, '2025-01-18 02:27:20.820', '2025-01-18 02:27:20.820', '2025-01-18 02:30:43.736', 0, '未命名', '# 未命名\n\n## 标题1\n\n## 标题2', 1, 0, NULL);
INSERT INTO `visual_documents` VALUES (26, '2025-01-18 02:27:24.636', '2025-01-18 02:27:24.636', '2025-01-18 02:30:45.830', 0, '未命名', '# 未命名\n\n## 标题1\n\n## 标题2', 1, 0, NULL);
INSERT INTO `visual_documents` VALUES (27, '2025-01-18 02:27:31.303', '2025-01-18 02:27:31.303', '2025-01-18 02:30:47.895', 0, '未命名', '# 未命名\n\n## 标题1\n\n## 标题2', 1, 0, NULL);
INSERT INTO `visual_documents` VALUES (28, '2025-01-18 02:27:34.687', '2025-01-18 02:27:34.687', '2025-01-18 02:30:49.884', 0, '未命名', '# 未命名\n\n## 标题1\n\n## 标题2', 1, 0, NULL);
INSERT INTO `visual_documents` VALUES (29, '2025-01-18 02:27:44.542', '2025-01-18 02:27:44.542', '2025-01-18 02:30:51.802', 0, '未命名', '# 未命名\n\n## 标题1\n\n## 标题2', 1, 0, NULL);
INSERT INTO `visual_documents` VALUES (30, '2025-01-18 02:28:17.312', '2025-01-18 02:28:17.312', NULL, 72, '未命名', '# 未命名\n\n## 标题1\n\n## 标题2', 1, 0, NULL);
INSERT INTO `visual_documents` VALUES (31, '2025-01-18 02:28:33.165', '2025-01-18 02:28:33.165', NULL, 80, '未命名', '# 未命名\n\n## 标题1\n\n## 标题2', 1, 0, NULL);
INSERT INTO `visual_documents` VALUES (32, '2025-01-18 02:30:20.810', '2025-01-18 02:30:20.810', '2025-01-18 02:30:32.698', 29, '未命名', '# 未命名\n\n## 标题1\n\n## 标题2', 1, 0, NULL);
INSERT INTO `visual_documents` VALUES (33, '2025-01-18 02:31:01.250', '2025-01-19 23:40:31.913', NULL, 0, '测试文档1', '# 测试可视化题库\n\n\n## 标题1\n\n## 标题2', 1, 1, 999999);
INSERT INTO `visual_documents` VALUES (34, '2025-01-18 02:31:09.539', '2025-01-18 02:49:11.507', NULL, 34, '测试文档2', '# 未命名\n\n## 标题1\n\n## 标题2', 1, 0, NULL);
INSERT INTO `visual_documents` VALUES (35, '2025-01-18 02:31:18.412', '2025-01-18 02:49:16.821', NULL, 35, '测试文档3', '# 未命名\n\n## 标题1\n\n## 标题2', 1, 0, NULL);
INSERT INTO `visual_documents` VALUES (36, '2025-01-18 02:48:06.552', '2025-01-18 02:49:01.913', NULL, 36, '未命名9', '# 未命名\n\n## 标题1\n\n## 标题2', 1, 0, NULL);
INSERT INTO `visual_documents` VALUES (37, '2025-01-18 02:49:34.897', '2025-01-18 20:16:17.097', NULL, 33, '未命名1', '# 未命名\n\n## 标题1\n\n## 标题2', 1, 0, 1000000);
INSERT INTO `visual_documents` VALUES (38, '2025-01-18 02:49:38.867', '2025-01-18 20:16:18.459', NULL, 39, '未命名', '# 未命名\n\n## 标题1\n\n## 标题2', 1, 0, 1000000);
INSERT INTO `visual_documents` VALUES (39, '2025-01-18 02:56:43.428', '2025-01-18 20:16:17.216', NULL, 33, '未命名3', '# 未命名\n\n## 标题1\n\n## 标题2', 1, 0, 999998);

-- ----------------------------
-- Table structure for visual_settings
-- ----------------------------
DROP TABLE IF EXISTS `visual_settings`;
CREATE TABLE `visual_settings`  (
  `id` bigint UNSIGNED NOT NULL AUTO_INCREMENT,
  `created_at` datetime(3) NULL DEFAULT NULL,
  `updated_at` datetime(3) NULL DEFAULT NULL,
  `deleted_at` datetime(3) NULL DEFAULT NULL,
  `problem_id` bigint UNSIGNED NULL DEFAULT NULL,
  `user_id` bigint UNSIGNED NULL DEFAULT NULL,
  `language` longtext CHARACTER SET utf8mb4 COLLATE utf8mb4_0900_ai_ci NULL,
  `visual_description` longtext CHARACTER SET utf8mb4 COLLATE utf8mb4_0900_ai_ci NULL,
  PRIMARY KEY (`id`) USING BTREE,
  INDEX `idx_visual_settings_deleted_at`(`deleted_at` ASC) USING BTREE
) ENGINE = InnoDB AUTO_INCREMENT = 18 CHARACTER SET = utf8mb4 COLLATE = utf8mb4_0900_ai_ci ROW_FORMAT = Dynamic;

-- ----------------------------
-- Records of visual_settings
-- ----------------------------
INSERT INTO `visual_settings` VALUES (1, '2024-10-27 20:45:29.116', '2024-11-24 14:52:07.841', NULL, 97, 1, 'go', '{\r\n    \"type\": \"binaryTree\",\r\n    \"treeNode\": \"TreeNode\",\r\n    \"data\": \"Val\",\r\n    \"left\": \"Left\",\r\n    \"right\": \"Right\"\r\n}');
INSERT INTO `visual_settings` VALUES (2, '2024-10-30 01:00:45.035', '2024-10-30 01:00:45.453', NULL, 97, 1, 'c', '{\r\n    \"type\": \"binaryTree\",\r\n    \"treeNode\": \"TreeNodeStruct\",\r\n    \"data\": \"data\",\r\n    \"left\": \"leftNode\",\r\n    \"right\": \"rightNode\"\r\n}');
INSERT INTO `visual_settings` VALUES (3, '2024-11-08 00:26:57.120', '2024-11-13 23:50:22.399', NULL, 98, 1, 'go', '{\r\n    \"type\": \"array\",\r\n    \"arrayName\": \"array\",\r\n    \"pointNames\": [\r\n        \"left\",\r\n        \"right\",\r\n        \"mid\"\r\n    ]\r\n}');
INSERT INTO `visual_settings` VALUES (4, '2024-11-08 00:26:57.177', '2024-11-08 00:26:57.177', NULL, 98, 1, 'go', '{\r\n    \"type\": \"array\",\r\n    \"arrayName\": \"array\",\r\n    \"pointNames\": [\r\n        \"left\",\r\n        \"right\",\r\n        \"mid\"\r\n    ]\r\n}');
INSERT INTO `visual_settings` VALUES (5, '2024-11-16 11:18:31.849', '2024-11-24 14:19:09.896', NULL, 99, 1, 'go', '{\r\n    \"type\": \"linkList\",\r\n    \"linkNode\": \"ListNode\",\r\n    \"data\": \"value\",\r\n    \"next\": \"next\",\r\n    \"prev\": \"prev\"\r\n}');
INSERT INTO `visual_settings` VALUES (6, '2024-11-23 22:27:35.154', '2024-11-23 22:27:35.154', NULL, 119, 1, 'go', '{\r\n    \"type\": \"array\",    \r\n    \"arrayName\": \"nums\",\r\n    \"pointNames\": [\r\n        \"left\",\r\n        \"right\",\r\n        \"mid\"\r\n    ]\r\n}');
INSERT INTO `visual_settings` VALUES (7, '2024-11-23 23:12:05.063', '2024-12-30 09:13:09.431', NULL, 130, 1, 'go', '{\r\n    \"type\": \"array\",    \r\n    \"arrayName\": \"nums\", \r\n    \"pointNames\": [\r\n        \"left\",        \r\n        \"right\",\r\n        \"mid\"\r\n    ]\r\n}');
INSERT INTO `visual_settings` VALUES (8, '2024-11-25 18:45:22.435', '2024-11-25 18:45:22.435', NULL, 130, 23, 'go', '{\n    \"type\": \"array\",    \n    \"arrayName\": \"nums\",\n    \"pointNames\": [\n        \"left\",        \n        \"right\",\n        \"mid\"\n    ]\n}');
INSERT INTO `visual_settings` VALUES (9, '2024-11-25 22:44:20.112', '2024-11-26 10:15:56.412', NULL, 130, 26, 'go', '{\n    \"type\": \"array\",\n    \"arrayName\": \"nums\",\n    \"pointNames\": [\n        \"left\",   \n        \"right\",\n        \"mid\"\n    ]\n}');
INSERT INTO `visual_settings` VALUES (10, '2024-11-26 00:47:12.435', '2024-11-26 00:47:12.435', NULL, 107, 24, 'go', '{\r\n    \"type\": \"graph\",\r\n    \"graphNode\": \"graph\",\r\n    \"data\": \"data\",\r\n    \"nexts\": []\r\n}');
INSERT INTO `visual_settings` VALUES (11, '2024-11-26 10:20:07.906', '2024-11-26 10:21:58.431', NULL, 132, 26, 'go', '{\n    \"type\": \"binaryTree\",  \n    \"treeNode\": \"TreeNode\",\n    \"data\": \"Val2\",         \n    \"left\": \"Left\",        \n    \"right\": \"Right\"       \n}');
INSERT INTO `visual_settings` VALUES (12, '2024-11-26 20:22:37.234', '2024-11-26 20:25:24.885', NULL, 130, 27, 'go', '{\n    \"type\": \"array\",     \n    \"arrayName\": \"nums\", \n    \"pointNames\": [\n        \"left\",        \n        \"right\",\n        \"mid\",\n        \"haha\",\n        \"ha\"\n    ]\n}');
INSERT INTO `visual_settings` VALUES (13, '2024-11-26 20:50:59.065', '2024-11-26 20:51:13.988', NULL, 102, 1, 'go', '{\r\n    \"type\": \"binaryTree\",\r\n    \"treeNode\": \"TreeNodeStruct\",\r\n    \"data\": \"data\",\r\n    \"left\": \"leftNode\",\r\n    \"right\": \"rightNode\"\r\n}');
INSERT INTO `visual_settings` VALUES (14, '2024-12-29 17:10:41.469', '2024-12-30 11:48:47.951', NULL, 131, 1, 'go', '{\r\n    \"type\": \"linkList\",\r\n    \"linkNode\": \"LinkNode\",\r\n    \"data\": \"Val\",\r\n    \"next\": \"Next\",\r\n    \"prev\": \"Prev\"\r\n}');
INSERT INTO `visual_settings` VALUES (15, '2024-12-30 11:49:36.076', '2024-12-30 11:49:36.076', NULL, 132, 1, 'go', '{\r\n    \"type\": \"binaryTree\",\r\n    \"treeNode\": \"TreeNode\",\r\n    \"data\": \"Val\",\r\n    \"left\": \"Left\",\r\n    \"right\": \"Right\"\r\n}');
INSERT INTO `visual_settings` VALUES (16, '2024-12-31 01:39:49.335', '2024-12-31 01:39:49.335', NULL, 100, 32, 'go', '{\r\n    \"type\": \"array\",\r\n    \"arrayName\": \"arr\",\r\n    \"pointNames\": [\r\n        \"point1\",\r\n        \"point2\"\r\n    ]\r\n}');
INSERT INTO `visual_settings` VALUES (17, '2025-01-01 12:32:27.507', '2025-01-01 12:32:27.507', NULL, 0, 32, 'go', '{\r\n    \"type\": \"array\",\r\n    \"arrayName\": \"arr\",\r\n    \"pointNames\": [\r\n        \"point1\",\r\n        \"point2\"\r\n    ]\r\n}');

SET FOREIGN_KEY_CHECKS = 1;
